taxon_id	species	genus	scientist_family	inat_family	preferred_common_name	regional_count	global_count	eligible	target_species	selected	dataset_role	selection_reason	estimated_accepted_observations	planned_accepted_target
135283	Acanthurus lineatus	Acanthurus	Acanthuridae	Acanthuridae	Striped Surgeonfish	0	450	True	True	True	common_target_pretraining	requested_target_meets_licensed_abundance_threshold	156	100
121704	Acanthurus olivaceus	Acanthurus	Acanthuridae	Acanthuridae	Orangeblotch Surgeonfish	0	265	True	True	True	common_target_pretraining	requested_target_meets_licensed_abundance_threshold	92	100
180389	Ctenochaetus striatus	Ctenochaetus	Acanthuridae	Acanthuridae	Lined Bristletooth	0	608	True	True	True	common_target_pretraining	requested_target_meets_licensed_abundance_threshold	210	200
52451	Naso lituratus	Naso	Acanthuridae	Acanthuridae	Pacific Orange-spine Unicornfish	0	485	True	True	True	common_target_pretraining	requested_target_meets_licensed_abundance_threshold	168	100
49641	Zebrasoma scopas	Zebrasoma	Acanthuridae	Acanthuridae	Brown Tang	0	359	True	True	True	common_target_pretraining	requested_target_meets_licensed_abundance_threshold	124	100
424818	Zebrasoma velifer	Zebrasoma	Acanthuridae	Acanthuridae	Pacific Sailfin Tang	0	407	True	True	True	common_target_pretraining	requested_target_meets_licensed_abundance_threshold	141	100
121196	Acanthurus coeruleus	Acanthurus	Acanthuridae	Acanthuridae	Atlantic Blue Tang	0	1231	True	False	True	broad_pretraining	global_licensed_abundance	426	300
59931	Acanthurus triostegus	Acanthurus	Acanthuridae	Acanthuridae	Convict Surgeonfish	0	660	True	False	True	broad_pretraining	global_licensed_abundance	228	200
56772	Prionurus laticlavius	Prionurus	Acanthuridae	Acanthuridae	Razor Surgeonfish	0	689	True	False	True	broad_pretraining	global_licensed_abundance	238	200
52459	Zebrasoma flavescens	Zebrasoma	Acanthuridae	Acanthuridae	Yellow Tang	0	306	True	False	True	broad_pretraining	global_licensed_abundance	106	100
121658	Naso unicornis	Naso	Acanthuridae	Acanthuridae	Bluespine Unicornfish	0	526	True	False	True	novel_evaluation	held_out_for_unseen_species_evaluation	182	100
121193	Acanthurus nigricans	Acanthurus	Acanthuridae	Acanthuridae	Whitecheek Surgeonfish	0	247	False	True	False	rare_target_holdout	requested_target_below_abundance_thresholds	85	0
121194	Acanthurus nigricauda	Acanthurus	Acanthuridae	Acanthuridae	Eyeline Surgeonfish	0	174	False	True	False	rare_target_holdout	requested_target_below_abundance_thresholds	60	0
153279	Acanthurus pyroferus	Acanthurus	Acanthuridae	Acanthuridae	Mimic Surgeonfish	0	235	False	True	False	rare_target_holdout	requested_target_below_abundance_thresholds	81	0
153281	Naso brachycentron	Naso	Acanthuridae	Acanthuridae	Humpback Unicornfish	0	73	False	True	False	rare_target_holdout	requested_target_below_abundance_thresholds	25	0
106624	Naso vlamingii	Naso	Acanthuridae	Acanthuridae	Bignose Unicornfish	0	157	False	True	False	rare_target_holdout	requested_target_below_abundance_thresholds	54	0
121195	Acanthurus chirurgus	Acanthurus	Acanthuridae	Acanthuridae	Doctorfish	0	256	True	False	False	eligible_not_selected	genus_quota_reached	89	0
132410	Acanthurus nigrofuscus	Acanthurus	Acanthuridae	Acanthuridae	Dusky Surgeonfish	0	486	True	False	False	eligible_not_selected	genus_quota_reached	168	0
1315888	Acanthurus sandvicensis	Acanthurus	Acanthuridae	Acanthuridae	Hawaiian Convict Surgeonfish	0	466	True	False	False	eligible_not_selected	genus_quota_reached	161	0
871060	Acanthurus tractus	Acanthurus	Acanthuridae	Acanthuridae	Caribbean Ocean Surgeonfish	0	651	True	False	False	eligible_not_selected	genus_quota_reached	225	0
132366	Acanthurus xanthopterus	Acanthurus	Acanthuridae	Acanthuridae	Yellowfin Surgeonfish	0	382	True	False	False	eligible_not_selected	genus_quota_reached	132	0
69760	Acanthurus achilles	Acanthurus	Acanthuridae	Acanthuridae	Achilles Tang	0	52	False	False	False	ineligible	below_required_observation_threshold	18	0
186994	Acanthurus albipectoralis	Acanthurus	Acanthuridae	Acanthuridae	Whitefin Surgeonfish	0	3	False	False	False	ineligible	below_required_observation_threshold	1	0
186995	Acanthurus auranticavus	Acanthurus	Acanthuridae	Acanthuridae	Orange-socket Surgeonfish	0	4	False	False	False	ineligible	below_required_observation_threshold	1	0
1032318	Acanthurus bahianus	Acanthurus	Acanthuridae	Acanthuridae	Brazilian Ocean Surgeonfish	0	17	False	False	False	ineligible	below_required_observation_threshold	6	0
186996	Acanthurus bariene	Acanthurus	Acanthuridae	Acanthuridae	Eyespot Surgeonfish	0	11	False	False	False	ineligible	below_required_observation_threshold	4	0
132411	Acanthurus blochii	Acanthurus	Acanthuridae	Acanthuridae	Dark Surgeonfish	0	118	False	False	False	ineligible	below_required_observation_threshold	41	0
121597	Acanthurus dussumieri	Acanthurus	Acanthuridae	Acanthuridae	Eyestripe Surgeonfish	0	163	False	False	False	ineligible	below_required_observation_threshold	56	0
145524	Acanthurus fowleri	Acanthurus	Acanthuridae	Acanthuridae	Horseshoe Surgeonfish	0	8	False	False	False	ineligible	below_required_observation_threshold	3	0
93074	Acanthurus gahhm	Acanthurus	Acanthuridae	Acanthuridae	Black Surgeonfish	0	39	False	False	False	ineligible	below_required_observation_threshold	13	0
132367	Acanthurus grammoptilus	Acanthurus	Acanthuridae	Acanthuridae	Inshore Surgeonfish	0	2	False	False	False	ineligible	below_required_observation_threshold	1	0
123529	Acanthurus guttatus	Acanthurus	Acanthuridae	Acanthuridae	Whitespotted Surgeonfish	0	52	False	False	False	ineligible	below_required_observation_threshold	18	0
186998	Acanthurus japonicus	Acanthurus	Acanthuridae	Acanthuridae	Japan Surgeonfish	0	25	False	False	False	ineligible	below_required_observation_threshold	9	0
186999	Acanthurus leucocheilus	Acanthurus	Acanthuridae	Acanthuridae	White-spine Surgeonfish	0	13	False	False	False	ineligible	below_required_observation_threshold	4	0
55376	Acanthurus leucopareius	Acanthurus	Acanthuridae	Acanthuridae	Whitebar Surgeonfish	0	91	False	False	False	ineligible	below_required_observation_threshold	31	0
123269	Acanthurus leucosternon	Acanthurus	Acanthuridae	Acanthuridae	Powder Blue Tang	0	175	False	False	False	ineligible	below_required_observation_threshold	61	0
187000	Acanthurus maculiceps	Acanthurus	Acanthuridae	Acanthuridae	Spotted-face Surgeonfish	0	3	False	False	False	ineligible	below_required_observation_threshold	1	0
132409	Acanthurus mata	Acanthurus	Acanthuridae	Acanthuridae	Yellowmask Surgeonfish	0	83	False	False	False	ineligible	below_required_observation_threshold	29	0
187001	Acanthurus monroviae	Acanthurus	Acanthuridae	Acanthuridae	Monrovia Doctorfish	0	25	False	False	False	ineligible	below_required_observation_threshold	9	0
187002	Acanthurus nigroris	Acanthurus	Acanthuridae	Acanthuridae	Blueline Surgeonfish	0	12	False	False	False	ineligible	below_required_observation_threshold	4	0
1315890	Acanthurus nigros	Acanthurus	Acanthuridae	Acanthuridae	Greyhead Surgeonfish	0	3	False	False	False	ineligible	below_required_observation_threshold	1	0
187004	Acanthurus polyzona	Acanthurus	Acanthuridae	Acanthuridae	Black-barred Surgeonfish	0	12	False	False	False	ineligible	below_required_observation_threshold	4	0
187005	Acanthurus reversus	Acanthurus	Acanthuridae	Acanthuridae	Marquesan Surgeonfish	0	3	False	False	False	ineligible	below_required_observation_threshold	1	0
187006	Acanthurus sohal	Acanthurus	Acanthuridae	Acanthuridae	Sohal Surgeonfish	0	220	False	False	False	ineligible	below_required_observation_threshold	76	0
121705	Acanthurus tennentii	Acanthurus	Acanthuridae	Acanthuridae	Lieutenant Surgeonfish	0	38	False	False	False	ineligible	below_required_observation_threshold	13	0
122689	Acanthurus thompsoni	Acanthurus	Acanthuridae	Acanthuridae	Whitetail Surgeonfish	0	60	False	False	False	ineligible	below_required_observation_threshold	21	0
187007	Acanthurus tristis	Acanthurus	Acanthuridae	Acanthuridae	Mimic Surgeonfish	0	15	False	False	False	ineligible	below_required_observation_threshold	5	0
187279	Ctenochaetus binotatus	Ctenochaetus	Acanthuridae	Acanthuridae	Twospot Bristletooth	0	137	False	False	False	ineligible	below_required_observation_threshold	47	0
187280	Ctenochaetus cyanocheilus	Ctenochaetus	Acanthuridae	Acanthuridae	Bluelip Bristletooth	0	63	False	False	False	ineligible	below_required_observation_threshold	22	0
187281	Ctenochaetus flavicauda	Ctenochaetus	Acanthuridae	Acanthuridae	Whitetail Bristletooth	0	13	False	False	False	ineligible	below_required_observation_threshold	4	0
122516	Ctenochaetus hawaiiensis	Ctenochaetus	Acanthuridae	Acanthuridae	Hawaiian Bristletooth	0	11	False	False	False	ineligible	below_required_observation_threshold	4	0
123528	Ctenochaetus marginatus	Ctenochaetus	Acanthuridae	Acanthuridae	Blue-spotted Bristletooth	0	42	False	False	False	ineligible	below_required_observation_threshold	15	0
47617	Ctenochaetus strigosus	Ctenochaetus	Acanthuridae	Acanthuridae	Goldring Surgeonfish	0	89	False	False	False	ineligible	below_required_observation_threshold	31	0
187282	Ctenochaetus tominiensis	Ctenochaetus	Acanthuridae	Acanthuridae	Orange-tip Bristletooth	0	19	False	False	False	ineligible	below_required_observation_threshold	7	0
187283	Ctenochaetus truncatus	Ctenochaetus	Acanthuridae	Acanthuridae	Indian Gold-ring Bristletooth	0	41	False	False	False	ineligible	below_required_observation_threshold	14	0
132407	Naso annulatus	Naso	Acanthuridae	Acanthuridae	Whitemargin Unicornfish	0	25	False	False	False	ineligible	below_required_observation_threshold	9	0
83879	Naso brevirostris	Naso	Acanthuridae	Acanthuridae	Paletail Unicornfish	0	166	False	False	False	ineligible	below_required_observation_threshold	57	0
187727	Naso caeruleacauda	Naso	Acanthuridae	Acanthuridae	Blue Unicornfish	0	7	False	False	False	ineligible	below_required_observation_threshold	2	0
187728	Naso caesius	Naso	Acanthuridae	Acanthuridae	Grey Unicornfish	0	3	False	False	False	ineligible	below_required_observation_threshold	1	0
52452	Naso elegans	Naso	Acanthuridae	Acanthuridae	Elegant Unicornfish	0	193	False	False	False	ineligible	below_required_observation_threshold	67	0
187729	Naso fageni	Naso	Acanthuridae	Acanthuridae	Horseface Unicornfish	0	6	False	False	False	ineligible	below_required_observation_threshold	2	0
121458	Naso hexacanthus	Naso	Acanthuridae	Acanthuridae	Sleek Unicornfish	0	63	False	False	False	ineligible	below_required_observation_threshold	22	0
187730	Naso lopezi	Naso	Acanthuridae	Acanthuridae	Slender Unicornfish	0	6	False	False	False	ineligible	below_required_observation_threshold	2	0
187732	Naso mcdadei	Naso	Acanthuridae	Acanthuridae	Squarenose Unicornfish	0	3	False	False	False	ineligible	below_required_observation_threshold	1	0
187733	Naso minor	Naso	Acanthuridae	Acanthuridae	Blackspine Unicornfish	0	14	False	False	False	ineligible	below_required_observation_threshold	5	0
187735	Naso thynnoides	Naso	Acanthuridae	Acanthuridae	Onespine Unicornfish	0	5	False	False	False	ineligible	below_required_observation_threshold	2	0
187736	Naso tonganus	Naso	Acanthuridae	Acanthuridae	Humpnose Unicornfish	0	13	False	False	False	ineligible	below_required_observation_threshold	4	0
130879	Paracanthurus hepatus	Paracanthurus	Acanthuridae	Acanthuridae	Palette Tang	0	49	False	False	False	ineligible	below_required_observation_threshold	17	0
188104	Prionurus biafraensis	Prionurus	Acanthuridae	Acanthuridae	Biafra Doctorfish	0	4	False	False	False	ineligible	below_required_observation_threshold	1	0
188106	Prionurus maculatus	Prionurus	Acanthuridae	Acanthuridae	Spotted Sawtail	0	38	False	False	False	ineligible	below_required_observation_threshold	13	0
188107	Prionurus microlepidotus	Prionurus	Acanthuridae	Acanthuridae	Australian Sawtail	0	17	False	False	False	ineligible	below_required_observation_threshold	6	0
188108	Prionurus scalprum	Prionurus	Acanthuridae	Acanthuridae	Scalpel Sawtail	0	20	False	False	False	ineligible	below_required_observation_threshold	7	0
180388	Zebrasoma desjardinii	Zebrasoma	Acanthuridae	Acanthuridae	Indian Sailfin Tang	0	246	False	False	False	ineligible	below_required_observation_threshold	85	0
188622	Zebrasoma gemmatum	Zebrasoma	Acanthuridae	Acanthuridae	Gem Tang	0	4	False	False	False	ineligible	below_required_observation_threshold	1	0
188623	Zebrasoma rostratum	Zebrasoma	Acanthuridae	Acanthuridae	Black Tang	0	1	False	False	False	ineligible	below_required_observation_threshold	0	0
52458	Zebrasoma xanthurum	Zebrasoma	Acanthuridae	Acanthuridae	Purple Tang	0	127	False	False	False	ineligible	below_required_observation_threshold	44	0
121738	Aetobatus ocellatus	Aetobatus	Aetobatidae	Aetobatidae	White-spotted Eagle Ray	0	256	True	False	True	broad_pretraining	global_licensed_abundance	89	100
1303461	Aetobatus laticeps	Aetobatus	Aetobatidae	Aetobatidae	Pacific Eagle Ray	0	87	False	False	False	ineligible	below_required_observation_threshold	30	0
49297	Aetobatus narinari	Aetobatus	Aetobatidae	Aetobatidae	Spotted Eagle Ray	0	217	False	False	False	ineligible	below_required_observation_threshold	75	0
607458	Aetobatus narutobiei	Aetobatus	Aetobatidae	Aetobatidae	Naru Eagle Ray	0	1	False	False	False	ineligible	below_required_observation_threshold	0	0
127530	Pseudanthias squamipinnis	Pseudanthias	Anthiadidae	Anthiadidae	Lyretail Anthias	0	342	True	False	True	broad_pretraining	global_licensed_abundance	118	100
447796	Acanthistius cinctus	Acanthistius	Anthiadidae	Anthiadidae	Yellowbanded Wirrah	0	25	False	False	False	ineligible	below_required_observation_threshold	9	0
620550	Acanthistius joanae	Acanthistius	Anthiadidae	Anthiadidae	Scalyjaw Koester	0	7	False	False	False	ineligible	below_required_observation_threshold	2	0
93040	Acanthistius ocellatus	Acanthistius	Anthiadidae	Anthiadidae	Eastern Wirrah	0	15	False	False	False	ineligible	below_required_observation_threshold	5	0
530805	Acanthistius pardalotus	Acanthistius	Anthiadidae	Anthiadidae	Leopard Wirrah	0	4	False	False	False	ineligible	below_required_observation_threshold	1	0
620551	Acanthistius patachonicus	Acanthistius	Anthiadidae	Anthiadidae	Patagonian Seabass	0	9	False	False	False	ineligible	below_required_observation_threshold	3	0
620552	Acanthistius sebastoides	Acanthistius	Anthiadidae	Anthiadidae	Koester	0	26	False	False	False	ineligible	below_required_observation_threshold	9	0
530807	Acanthistius serratus	Acanthistius	Anthiadidae	Anthiadidae	Western Wirrah	0	1	False	False	False	ineligible	below_required_observation_threshold	0	0
118672	Anthias anthias	Anthias	Anthiadidae	Anthiadidae	Mediterranean Fairy Basslet	0	29	False	False	False	ineligible	below_required_observation_threshold	10	0
620554	Anthias asperilinguis	Anthias	Anthiadidae	Anthiadidae	Jeweled Gemfish	0	3	False	False	False	ineligible	below_required_observation_threshold	1	0
447805	Caesioperca lepidoptera	Caesioperca	Anthiadidae	Anthiadidae	Red Perch	0	26	False	False	False	ineligible	below_required_observation_threshold	9	0
353491	Caesioperca rasor	Caesioperca	Anthiadidae	Anthiadidae	Barber Perch	0	7	False	False	False	ineligible	below_required_observation_threshold	2	0
411168	Caprodon longimanus	Caprodon	Anthiadidae	Anthiadidae	Longfin Perch	0	13	False	False	False	ineligible	below_required_observation_threshold	4	0
411183	Caprodon schlegelii	Caprodon	Anthiadidae	Anthiadidae	Sunrise Perch	0	1	False	False	False	ineligible	below_required_observation_threshold	0	0
100072	Epinephelides armatus	Epinephelides	Anthiadidae	Anthiadidae	Breaksea Cod	0	2	False	False	False	ineligible	below_required_observation_threshold	1	0
179570	Hemanthias leptus	Hemanthias	Anthiadidae	Anthiadidae	Longtail Bass	0	1	False	False	False	ineligible	below_required_observation_threshold	0	0
102462	Hemanthias signifer	Hemanthias	Anthiadidae	Anthiadidae	Damsel Bass	0	1	False	False	False	ineligible	below_required_observation_threshold	0	0
411109	Hypoplectrodes annulatus	Hypoplectrodes	Anthiadidae	Anthiadidae	Blackbanded Seaperch	0	1	False	False	False	ineligible	below_required_observation_threshold	0	0
411107	Hypoplectrodes huntii	Hypoplectrodes	Anthiadidae	Anthiadidae	Redbanded Perch	0	8	False	False	False	ineligible	below_required_observation_threshold	3	0
368725	Hypoplectrodes jamesoni	Hypoplectrodes	Anthiadidae	Anthiadidae	Jameson's Seaperch	0	3	False	False	False	ineligible	below_required_observation_threshold	1	0
411106	Hypoplectrodes maccullochi	Hypoplectrodes	Anthiadidae	Anthiadidae	Halfbanded Seaperch	0	17	False	False	False	ineligible	below_required_observation_threshold	6	0
411111	Hypoplectrodes nigroruber	Hypoplectrodes	Anthiadidae	Anthiadidae	Banded Seaperch	0	21	False	False	False	ineligible	below_required_observation_threshold	7	0
411108	Hypoplectrodes semicinctum	Hypoplectrodes	Anthiadidae	Anthiadidae	Tiger Seaperch	0	2	False	False	False	ineligible	below_required_observation_threshold	1	0
183189	Luzonichthys waitei	Luzonichthys	Anthiadidae	Anthiadidae	Magenta Slender Anthias	0	8	False	False	False	ineligible	below_required_observation_threshold	3	0
1356516	Mirolabrichthys evansi	Mirolabrichthys	Anthiadidae	Anthiadidae	Yellowback Anthias	0	16	False	False	False	ineligible	below_required_observation_threshold	6	0
1356514	Mirolabrichthys pascalus	Mirolabrichthys	Anthiadidae	Anthiadidae	Purple Queen Anthias	0	26	False	False	False	ineligible	below_required_observation_threshold	9	0
1356510	Mirolabrichthys tuka	Mirolabrichthys	Anthiadidae	Anthiadidae	Purple Queenfish	0	71	False	False	False	ineligible	below_required_observation_threshold	25	0
1356518	Nemanthias bartlettorum	Nemanthias	Anthiadidae	Anthiadidae	Bartlett's Anthias	0	5	False	False	False	ineligible	below_required_observation_threshold	2	0
1356519	Nemanthias bicolor	Nemanthias	Anthiadidae	Anthiadidae	Yellowback Basslet	0	5	False	False	False	ineligible	below_required_observation_threshold	2	0
179886	Nemanthias carberryi	Nemanthias	Anthiadidae	Anthiadidae	Threadfin Anthias	0	10	False	False	False	ineligible	below_required_observation_threshold	3	0
1356520	Nemanthias dispar	Nemanthias	Anthiadidae	Anthiadidae	Redfin Anthias	0	35	False	False	False	ineligible	below_required_observation_threshold	12	0
1356522	Nemanthias ignitus	Nemanthias	Anthiadidae	Anthiadidae	Flame Basslet	0	4	False	False	False	ineligible	below_required_observation_threshold	1	0
1356523	Nemanthias regalis	Nemanthias	Anthiadidae	Anthiadidae	Monarch Anthias	0	2	False	False	False	ineligible	below_required_observation_threshold	1	0
620634	Odontanthias unimaculatus	Odontanthias	Anthiadidae	Anthiadidae		0	1	False	False	False	ineligible	below_required_observation_threshold	0	0
51081	Othos dentex	Othos	Anthiadidae	Anthiadidae	Harlequin Fish	0	2	False	False	False	ineligible	below_required_observation_threshold	1	0
1579632	Pseudanthias cheirospilos	Pseudanthias	Anthiadidae	Anthiadidae	Pacific Lyretail Anthias	0	232	False	False	False	ineligible	below_required_observation_threshold	80	0
620677	Pseudanthias connelli	Pseudanthias	Anthiadidae	Anthiadidae	Harlequin Goldie	0	2	False	False	False	ineligible	below_required_observation_threshold	1	0
362164	Pseudanthias cooperi	Pseudanthias	Anthiadidae	Anthiadidae	Silverstreak Anthias	0	9	False	False	False	ineligible	below_required_observation_threshold	3	0
359397	Pseudanthias fasciatus	Pseudanthias	Anthiadidae	Anthiadidae	Redstripe Basslet	0	3	False	False	False	ineligible	below_required_observation_threshold	1	0
620683	Pseudanthias hiva	Pseudanthias	Anthiadidae	Anthiadidae	Hiva Anthias	0	1	False	False	False	ineligible	below_required_observation_threshold	0	0
179885	Pseudanthias huchtii	Pseudanthias	Anthiadidae	Anthiadidae	Threadfin Anthias	0	97	False	False	False	ineligible	below_required_observation_threshold	34	0
179874	Pseudanthias hypselosoma	Pseudanthias	Anthiadidae	Anthiadidae	Stocky Anthias	0	19	False	False	False	ineligible	below_required_observation_threshold	7	0
496751	Pseudanthias luzonensis	Pseudanthias	Anthiadidae	Anthiadidae	Luzon Anthias	0	1	False	False	False	ineligible	below_required_observation_threshold	0	0
620689	Pseudanthias nobilis	Pseudanthias	Anthiadidae	Anthiadidae	Japanese Anthias	0	9	False	False	False	ineligible	below_required_observation_threshold	3	0
110911	Pseudanthias pictilis	Pseudanthias	Anthiadidae	Anthiadidae	Painted Basslet	0	1	False	False	False	ineligible	below_required_observation_threshold	0	0
110912	Pseudanthias pleurotaenia	Pseudanthias	Anthiadidae	Anthiadidae	Squarespot Anthias	0	47	False	False	False	ineligible	below_required_observation_threshold	16	0
344687	Pseudanthias randalli	Pseudanthias	Anthiadidae	Anthiadidae	Randall's anthias	0	1	False	False	False	ineligible	below_required_observation_threshold	0	0
424259	Pseudanthias rubrizonatus	Pseudanthias	Anthiadidae	Anthiadidae	Redbar Anthias	0	1	False	False	False	ineligible	below_required_observation_threshold	0	0
362163	Pseudanthias taeniatus	Pseudanthias	Anthiadidae	Anthiadidae	Red Sea Anthias	0	4	False	False	False	ineligible	below_required_observation_threshold	1	0
1356530	Pyronotanthias smithvanizi	Pyronotanthias	Anthiadidae	Anthiadidae	Princess Basslet	0	2	False	False	False	ineligible	below_required_observation_threshold	1	0
1661541	Sayonara japonica	Sayonara	Anthiadidae	Anthiadidae	Japanese Perchlet	0	1	False	False	False	ineligible	below_required_observation_threshold	0	0
530844	Selenanthias analis	Selenanthias	Anthiadidae	Anthiadidae	Pearlspot Fairy Basslet	0	1	False	False	False	ineligible	below_required_observation_threshold	0	0
183191	Serranocirrhitus latus	Serranocirrhitus	Anthiadidae	Anthiadidae	Hawk Anthias	0	21	False	False	False	ineligible	below_required_observation_threshold	7	0
530846	Tosana niwae	Tosana	Anthiadidae	Anthiadidae	Slender Fairy-basslet	0	2	False	False	False	ineligible	below_required_observation_threshold	1	0
343884	Trachypoma macracanthus	Trachypoma	Anthiadidae	Anthiadidae	Pacific Rockcod	0	50	False	False	False	ineligible	below_required_observation_threshold	17	0
1661578	Xenanthias longimanus	Xenanthias	Anthiadidae	Anthiadidae	Longfin Perchlet	0	2	False	False	False	ineligible	below_required_observation_threshold	1	0
1661543	Xenanthias nanus	Xenanthias	Anthiadidae	Anthiadidae	Dwarf Perchlet	0	2	False	False	False	ineligible	below_required_observation_threshold	1	0
1661596	Xenanthias winniensis	Xenanthias	Anthiadidae	Anthiadidae	Redblotch Perchlet	0	1	False	False	False	ineligible	below_required_observation_threshold	0	0
94394	Apogon atradorsatus	Apogon	Apogonidae	Apogonidae	Blacktip Cardinalfish	0	43	False	False	False	ineligible	below_required_observation_threshold	15	0
94395	Apogon atricaudus	Apogon	Apogonidae	Apogonidae	Plain Cardinalfish	0	6	False	False	False	ineligible	below_required_observation_threshold	2	0
131488	Apogon binotatus	Apogon	Apogonidae	Apogonidae	Barred Cardinalfish	0	25	False	False	False	ineligible	below_required_observation_threshold	9	0
94397	Apogon dovii	Apogon	Apogonidae	Apogonidae	Tailspot Cardinalfish	0	8	False	False	False	ineligible	below_required_observation_threshold	3	0
123755	Apogon erythrinus	Apogon	Apogonidae	Apogonidae	Hawaiian Ruby Cardinalfish	0	6	False	False	False	ineligible	below_required_observation_threshold	2	0
118514	Apogon imberbis	Apogon	Apogonidae	Apogonidae	Mediterranean Cardinalfish	0	186	False	False	False	ineligible	below_required_observation_threshold	64	0
316953	Apogon lachneri	Apogon	Apogonidae	Apogonidae	Whitestar Cardinalfish	0	8	False	False	False	ineligible	below_required_observation_threshold	3	0
131487	Apogon maculatus	Apogon	Apogonidae	Apogonidae	Flamefish	0	73	False	False	False	ineligible	below_required_observation_threshold	25	0
94405	Apogon pacificus	Apogon	Apogonidae	Apogonidae	Pink Cardinalfish	0	29	False	False	False	ineligible	below_required_observation_threshold	10	0
316954	Apogon phenax	Apogon	Apogonidae	Apogonidae	Mimic Cardinalfish	0	2	False	False	False	ineligible	below_required_observation_threshold	1	0
316955	Apogon planifrons	Apogon	Apogonidae	Apogonidae	Pale Cardinalfish	0	5	False	False	False	ineligible	below_required_observation_threshold	2	0
147102	Apogon pseudomaculatus	Apogon	Apogonidae	Apogonidae	Twospot Cardinalfish	0	11	False	False	False	ineligible	below_required_observation_threshold	4	0
316956	Apogon quadrisquamatus	Apogon	Apogonidae	Apogonidae	Sawcheek Cardinalfish	0	2	False	False	False	ineligible	below_required_observation_threshold	1	0
94406	Apogon retrosella	Apogon	Apogonidae	Apogonidae	Barspot Cardinalfish	0	31	False	False	False	ineligible	below_required_observation_threshold	11	0
487306	Apogon semiornatus	Apogon	Apogonidae	Apogonidae	Oblique-banded Cardinalfish	0	2	False	False	False	ineligible	below_required_observation_threshold	1	0
128199	Apogon townsendi	Apogon	Apogonidae	Apogonidae	Belted Cardinalfish	0	53	False	False	False	ineligible	below_required_observation_threshold	18	0
425281	Apogonichthyoides melas	Apogonichthyoides	Apogonidae	Apogonidae	Black Cardinalfish	0	4	False	False	False	ineligible	below_required_observation_threshold	1	0
608309	Apogonichthyoides pharaonis	Apogonichthyoides	Apogonidae	Apogonidae	Pharaoh Cardinalfish	0	8	False	False	False	ineligible	below_required_observation_threshold	3	0
608312	Apogonichthyoides taeniatus	Apogonichthyoides	Apogonidae	Apogonidae	Twobelt Cardinalfish	0	1	False	False	False	ineligible	below_required_observation_threshold	0	0
529417	Apogonichthyoides timorensis	Apogonichthyoides	Apogonidae	Apogonidae	Timor Cardinalfish	0	2	False	False	False	ineligible	below_required_observation_threshold	1	0
529420	Archamia bleekeri	Archamia	Apogonidae	Apogonidae	Gon's Cardinalfish	0	1	False	False	False	ineligible	below_required_observation_threshold	0	0
316969	Astrapogon alutus	Astrapogon	Apogonidae	Apogonidae	Bronze Cardinalfish	0	1	False	False	False	ineligible	below_required_observation_threshold	0	0
131494	Astrapogon puncticulatus	Astrapogon	Apogonidae	Apogonidae	Blackfin Cardinalfish	0	2	False	False	False	ineligible	below_required_observation_threshold	1	0
549913	Cheilodipterus alleni	Cheilodipterus	Apogonidae	Apogonidae	Allen's Cardinalfish	0	5	False	False	False	ineligible	below_required_observation_threshold	2	0
194781	Cheilodipterus arabicus	Cheilodipterus	Apogonidae	Apogonidae	Tiger Cardinalfish	0	3	False	False	False	ineligible	below_required_observation_threshold	1	0
194783	Cheilodipterus artus	Cheilodipterus	Apogonidae	Apogonidae	Wolf Cardinalfish	0	28	False	False	False	ineligible	below_required_observation_threshold	10	0
424704	Cheilodipterus intermedius	Cheilodipterus	Apogonidae	Apogonidae	Intermediate Cardinalfish	0	3	False	False	False	ineligible	below_required_observation_threshold	1	0
1316613	Cheilodipterus isostigma	Cheilodipterus	Apogonidae	Apogonidae	Toothy Cardinalfish	0	2	False	False	False	ineligible	below_required_observation_threshold	1	0
472907	Cheilodipterus lachneri	Cheilodipterus	Apogonidae	Apogonidae	Aqaba Cardinalfish	0	3	False	False	False	ineligible	below_required_observation_threshold	1	0
194782	Cheilodipterus macrodon	Cheilodipterus	Apogonidae	Apogonidae	Tiger Cardinalfish	0	112	False	False	False	ineligible	below_required_observation_threshold	39	0
344897	Cheilodipterus novemstriatus	Cheilodipterus	Apogonidae	Apogonidae	Twospot Cardinalfish	0	10	False	False	False	ineligible	below_required_observation_threshold	3	0
424791	Cheilodipterus parazonatus	Cheilodipterus	Apogonidae	Apogonidae	Mimic cardinalfish	0	1	False	False	False	ineligible	below_required_observation_threshold	0	0
608317	Cheilodipterus persicus	Cheilodipterus	Apogonidae	Apogonidae	Persian Cardinalfish	0	3	False	False	False	ineligible	below_required_observation_threshold	1	0
194784	Cheilodipterus quinquelineatus	Cheilodipterus	Apogonidae	Apogonidae	Fiveline Cardinalfish	0	64	False	False	False	ineligible	below_required_observation_threshold	22	0
97314	Cheilodipterus singapurensis	Cheilodipterus	Apogonidae	Apogonidae	Singapore Cardinalfish	0	1	False	False	False	ineligible	below_required_observation_threshold	0	0
608319	Fibramia amboinensis	Fibramia	Apogonidae	Apogonidae	Amboina Cardinalfish	0	1	False	False	False	ineligible	below_required_observation_threshold	0	0
529423	Fibramia thermalis	Fibramia	Apogonidae	Apogonidae	Sangi Cardinalfish	0	8	False	False	False	ineligible	below_required_observation_threshold	3	0
608320	Foa brachygramma	Foa	Apogonidae	Apogonidae	Weed Cardinalfish	0	6	False	False	False	ineligible	below_required_observation_threshold	2	0
896389	Foa fo	Foa	Apogonidae	Apogonidae	Weedy Cardinalfish	0	2	False	False	False	ineligible	below_required_observation_threshold	1	0
529428	Fowleria marmorata	Fowleria	Apogonidae	Apogonidae	Ear Cardinalfish	0	1	False	False	False	ineligible	below_required_observation_threshold	0	0
525411	Fowleria vaiulae	Fowleria	Apogonidae	Apogonidae	Dwarf Cardinalfish	0	2	False	False	False	ineligible	below_required_observation_threshold	1	0
202144	Glossamia aprion	Glossamia	Apogonidae	Apogonidae	Mouth Almighty	0	17	False	False	False	ineligible	below_required_observation_threshold	6	0
786143	Jaydia poeciloptera	Jaydia	Apogonidae	Apogonidae	Pearly-fin Cardinal-fish	0	1	False	False	False	ineligible	below_required_observation_threshold	0	0
608354	Lepidamia kalosoma	Lepidamia	Apogonidae	Apogonidae	Pinstripe Cardinalfish	0	2	False	False	False	ineligible	below_required_observation_threshold	1	0
106641	Nectamia annularis	Nectamia	Apogonidae	Apogonidae	Tailring Cardinalfish	0	1	False	False	False	ineligible	below_required_observation_threshold	0	0
451247	Nectamia bandanensis	Nectamia	Apogonidae	Apogonidae	Banda Cardinalfish	0	1	False	False	False	ineligible	below_required_observation_threshold	0	0
106642	Nectamia fusca	Nectamia	Apogonidae	Apogonidae	Ghost Cardinalfish	0	3	False	False	False	ineligible	below_required_observation_threshold	1	0
334705	Nectamia luxuria	Nectamia	Apogonidae	Apogonidae	Multi-barred Cardinalfish	0	5	False	False	False	ineligible	below_required_observation_threshold	2	0
424865	Nectamia savayensis	Nectamia	Apogonidae	Apogonidae	Samoan Cardinalfish	0	4	False	False	False	ineligible	below_required_observation_threshold	1	0
334706	Nectamia similis	Nectamia	Apogonidae	Apogonidae	Similar Cardinalfish	0	1	False	False	False	ineligible	below_required_observation_threshold	0	0
518694	Nectamia viria	Nectamia	Apogonidae	Apogonidae	Bracelet Cardinalfish	0	1	False	False	False	ineligible	below_required_observation_threshold	0	0
425324	Ostorhinchus angustatus	Ostorhinchus	Apogonidae	Apogonidae	Broadstripe Cardinalfish	0	13	False	False	False	ineligible	below_required_observation_threshold	4	0
425255	Ostorhinchus apogonoides	Ostorhinchus	Apogonidae	Apogonidae	Goldbelly Cardinalfish	0	11	False	False	False	ineligible	below_required_observation_threshold	4	0
425254	Ostorhinchus aureus	Ostorhinchus	Apogonidae	Apogonidae	Ringtail Cardinalfish	0	58	False	False	False	ineligible	below_required_observation_threshold	20	0
529444	Ostorhinchus cavitensis	Ostorhinchus	Apogonidae	Apogonidae	Whiteline Cardinalfish	0	1	False	False	False	ineligible	below_required_observation_threshold	0	0
425256	Ostorhinchus chrysopomus	Ostorhinchus	Apogonidae	Apogonidae	Spotted-gill Cardinalfish	0	19	False	False	False	ineligible	below_required_observation_threshold	7	0
425267	Ostorhinchus chrysotaenia	Ostorhinchus	Apogonidae	Apogonidae	Yellowlined Cardinalfish	0	1	False	False	False	ineligible	below_required_observation_threshold	0	0
425258	Ostorhinchus compressus	Ostorhinchus	Apogonidae	Apogonidae	Blue-eye Cardinalfish	0	45	False	False	False	ineligible	below_required_observation_threshold	16	0
500372	Ostorhinchus cookii	Ostorhinchus	Apogonidae	Apogonidae	Cook's Cardinalfish	0	17	False	False	False	ineligible	below_required_observation_threshold	6	0
425261	Ostorhinchus cyanosoma	Ostorhinchus	Apogonidae	Apogonidae	Yellowstriped Cardinalfish	0	69	False	False	False	ineligible	below_required_observation_threshold	24	0
425262	Ostorhinchus dispar	Ostorhinchus	Apogonidae	Apogonidae	Whitespot cardinalfish	0	1	False	False	False	ineligible	below_required_observation_threshold	0	0
529446	Ostorhinchus doederleini	Ostorhinchus	Apogonidae	Apogonidae	Fourline Cardinalfish	0	6	False	False	False	ineligible	below_required_observation_threshold	2	0
529447	Ostorhinchus endekataenia	Ostorhinchus	Apogonidae	Apogonidae	Candystripe Cardinalfish	0	5	False	False	False	ineligible	below_required_observation_threshold	2	0
370336	Ostorhinchus fasciatus	Ostorhinchus	Apogonidae	Apogonidae	Broad-banded Cardinalfish	0	1	False	False	False	ineligible	below_required_observation_threshold	0	0
529448	Ostorhinchus flavus	Ostorhinchus	Apogonidae	Apogonidae	Yellow Cardinalfish	0	4	False	False	False	ineligible	below_required_observation_threshold	1	0
425263	Ostorhinchus fleurieu	Ostorhinchus	Apogonidae	Apogonidae	Bullseye Cardinalfish	0	6	False	False	False	ineligible	below_required_observation_threshold	2	0
608371	Ostorhinchus griffini	Ostorhinchus	Apogonidae	Apogonidae	Hookfin cardinalfish	0	18	False	False	False	ineligible	below_required_observation_threshold	6	0
425264	Ostorhinchus hartzfeldii	Ostorhinchus	Apogonidae	Apogonidae	Silverlined Cardinalfish	0	12	False	False	False	ineligible	below_required_observation_threshold	4	0
425265	Ostorhinchus hoevenii	Ostorhinchus	Apogonidae	Apogonidae	Frostfin Cardinalfish	0	27	False	False	False	ineligible	below_required_observation_threshold	9	0
608373	Ostorhinchus holotaenia	Ostorhinchus	Apogonidae	Apogonidae	bluespot cardinalfish	0	4	False	False	False	ineligible	below_required_observation_threshold	1	0
511822	Ostorhinchus limenus	Ostorhinchus	Apogonidae	Apogonidae	Sydney Cardinalfish	0	34	False	False	False	ineligible	below_required_observation_threshold	12	0
425277	Ostorhinchus luteus	Ostorhinchus	Apogonidae	Apogonidae	Yellow Cardinalfish	0	4	False	False	False	ineligible	below_required_observation_threshold	1	0
425300	Ostorhinchus margaritophorus	Ostorhinchus	Apogonidae	Apogonidae	Red-striped Cardinalfish	0	2	False	False	False	ineligible	below_required_observation_threshold	1	0
608378	Ostorhinchus microspilos	Ostorhinchus	Apogonidae	Apogonidae		0	1	False	False	False	ineligible	below_required_observation_threshold	0	0
425257	Ostorhinchus moluccensis	Ostorhinchus	Apogonidae	Apogonidae	Moluccan Cardinalfish	0	20	False	False	False	ineligible	below_required_observation_threshold	7	0
425282	Ostorhinchus monospilus	Ostorhinchus	Apogonidae	Apogonidae	Yelloweyed Cardinalfish	0	1	False	False	False	ineligible	below_required_observation_threshold	0	0
425283	Ostorhinchus multilineatus	Ostorhinchus	Apogonidae	Apogonidae	Manylined Cardinalfish	0	10	False	False	False	ineligible	below_required_observation_threshold	3	0
425301	Ostorhinchus neotes	Ostorhinchus	Apogonidae	Apogonidae	Mini Cardinalfish	0	3	False	False	False	ineligible	below_required_observation_threshold	1	0
608381	Ostorhinchus nigripes	Ostorhinchus	Apogonidae	Apogonidae	Blackfoot Cardinalfish	0	2	False	False	False	ineligible	below_required_observation_threshold	1	0
425284	Ostorhinchus nigrofasciatus	Ostorhinchus	Apogonidae	Apogonidae	Blackstriped Cardinalfish	0	57	False	False	False	ineligible	below_required_observation_threshold	20	0
515759	Ostorhinchus norfolcensis	Ostorhinchus	Apogonidae	Apogonidae	Norfolk Cardinalfish	0	46	False	False	False	ineligible	below_required_observation_threshold	16	0
608383	Ostorhinchus notatus	Ostorhinchus	Apogonidae	Apogonidae	Spotnape Cardinalfish	0	1	False	False	False	ineligible	below_required_observation_threshold	0	0
529450	Ostorhinchus novemfasciatus	Ostorhinchus	Apogonidae	Apogonidae	Sevenstripe Cardinalfish	0	9	False	False	False	ineligible	below_required_observation_threshold	3	0
608387	Ostorhinchus parvulus	Ostorhinchus	Apogonidae	Apogonidae	Redspot Cardinalfish	0	24	False	False	False	ineligible	below_required_observation_threshold	8	0
425291	Ostorhinchus properuptus	Ostorhinchus	Apogonidae	Apogonidae	Coral Cardinalfish	0	4	False	False	False	ineligible	below_required_observation_threshold	1	0
608393	Ostorhinchus relativus	Ostorhinchus	Apogonidae	Apogonidae		0	1	False	False	False	ineligible	below_required_observation_threshold	0	0
525081	Ostorhinchus rueppellii	Ostorhinchus	Apogonidae	Apogonidae	Western Gobbleguts	0	22	False	False	False	ineligible	below_required_observation_threshold	8	0
358620	Ostorhinchus sealei	Ostorhinchus	Apogonidae	Apogonidae	Cheekbar Cardinalfish	0	16	False	False	False	ineligible	below_required_observation_threshold	6	0
425292	Ostorhinchus selas	Ostorhinchus	Apogonidae	Apogonidae	Meteor Cardinalfish	0	1	False	False	False	ineligible	below_required_observation_threshold	0	0
529452	Ostorhinchus semilineatus	Ostorhinchus	Apogonidae	Apogonidae	Blacktip Cardinalfish	0	5	False	False	False	ineligible	below_required_observation_threshold	2	0
516499	Ostorhinchus taeniophorus	Ostorhinchus	Apogonidae	Apogonidae	Reef-flat Cardinalfish	0	6	False	False	False	ineligible	below_required_observation_threshold	2	0
520358	Ostorhinchus victoriae	Ostorhinchus	Apogonidae	Apogonidae	Western Striped Cardinalfish	0	50	False	False	False	ineligible	below_required_observation_threshold	17	0
425294	Ostorhinchus wassinki	Ostorhinchus	Apogonidae	Apogonidae	Wassinki Cardinalfish	0	7	False	False	False	ineligible	below_required_observation_threshold	2	0
131493	Phaeoptyx conklini	Phaeoptyx	Apogonidae	Apogonidae	Freckled Cardinalfish	0	4	False	False	False	ineligible	below_required_observation_threshold	1	0
131492	Phaeoptyx pigmentaria	Phaeoptyx	Apogonidae	Apogonidae	Dusky Cardinalfish	0	8	False	False	False	ineligible	below_required_observation_threshold	3	0
317289	Phaeoptyx xenus	Phaeoptyx	Apogonidae	Apogonidae	Sponge Cardinalfish	0	1	False	False	False	ineligible	below_required_observation_threshold	0	0
608401	Pristiapogon abrogramma	Pristiapogon	Apogonidae	Apogonidae	Faintstripe Cardinalfish	0	1	False	False	False	ineligible	below_required_observation_threshold	0	0
425270	Pristiapogon exostigma	Pristiapogon	Apogonidae	Apogonidae	Oneline Cardinalfish	0	30	False	False	False	ineligible	below_required_observation_threshold	10	0
425269	Pristiapogon fraenatus	Pristiapogon	Apogonidae	Apogonidae	Spurcheek Cardinalfish	0	23	False	False	False	ineligible	below_required_observation_threshold	8	0
425272	Pristiapogon kallopterus	Pristiapogon	Apogonidae	Apogonidae	Iridescent Cardinalfish	0	77	False	False	False	ineligible	below_required_observation_threshold	27	0
425306	Pristiapogon taeniopterus	Pristiapogon	Apogonidae	Apogonidae	Bandfin Cardinalfish	0	7	False	False	False	ineligible	below_required_observation_threshold	2	0
425288	Pristicon rhodopterus	Pristicon	Apogonidae	Apogonidae	Twobar Cardinalfish	0	4	False	False	False	ineligible	below_required_observation_threshold	1	0
425290	Pristicon trimaculatus	Pristicon	Apogonidae	Apogonidae	Threespot Cardinalfish	0	22	False	False	False	ineligible	below_required_observation_threshold	8	0
529458	Pseudamia gelatinosa	Pseudamia	Apogonidae	Apogonidae	Gelatinous Cardinalfish	0	3	False	False	False	ineligible	below_required_observation_threshold	1	0
111185	Pterapogon kauderni	Pterapogon	Apogonidae	Apogonidae	Banggai Cardinalfish	0	47	False	False	False	ineligible	below_required_observation_threshold	16	0
487373	Rhabdamia gracilis	Rhabdamia	Apogonidae	Apogonidae	Slender Cardinalfish	0	2	False	False	False	ineligible	below_required_observation_threshold	1	0
871280	Rhabdamia novaluna	Rhabdamia	Apogonidae	Apogonidae	New Moon Cardinalfish	0	1	False	False	False	ineligible	below_required_observation_threshold	0	0
518496	Siphamia cephalotes	Siphamia	Apogonidae	Apogonidae	Wood's Siphonfish	0	3	False	False	False	ineligible	below_required_observation_threshold	1	0
608416	Siphamia elongata	Siphamia	Apogonidae	Apogonidae	Elongate Siphonfish	0	1	False	False	False	ineligible	below_required_observation_threshold	0	0
194757	Sphaeramia nematoptera	Sphaeramia	Apogonidae	Apogonidae	Pajama Cardinalfish	0	31	False	False	False	ineligible	below_required_observation_threshold	11	0
320624	Sphaeramia orbicularis	Sphaeramia	Apogonidae	Apogonidae	Orbicular Cardinalfish	0	48	False	False	False	ineligible	below_required_observation_threshold	17	0
520823	Taeniamia biguttata	Taeniamia	Apogonidae	Apogonidae	Twinspot Cardinalfish	0	5	False	False	False	ineligible	below_required_observation_threshold	2	0
608427	Taeniamia bilineata	Taeniamia	Apogonidae	Apogonidae	Two-lined Cardinalfish	0	1	False	False	False	ineligible	below_required_observation_threshold	0	0
500370	Taeniamia fucata	Taeniamia	Apogonidae	Apogonidae	Orangelined Cardinalfish	0	55	False	False	False	ineligible	below_required_observation_threshold	19	0
1316010	Taeniamia kagoshimana	Taeniamia	Apogonidae	Apogonidae		0	1	False	False	False	ineligible	below_required_observation_threshold	0	0
529472	Taeniamia leai	Taeniamia	Apogonidae	Apogonidae	Lea's Cardinalfish	0	16	False	False	False	ineligible	below_required_observation_threshold	6	0
608432	Taeniamia macroptera	Taeniamia	Apogonidae	Apogonidae	Duskytail Cardinalfish	0	8	False	False	False	ineligible	below_required_observation_threshold	3	0
525156	Taeniamia melasma	Taeniamia	Apogonidae	Apogonidae	Blackspot Cardinalfish	0	4	False	False	False	ineligible	below_required_observation_threshold	1	0
529473	Taeniamia zosterophora	Taeniamia	Apogonidae	Apogonidae	Girdled Cardinalfish	0	15	False	False	False	ineligible	below_required_observation_threshold	5	0
523374	Verulux cypselurus	Verulux	Apogonidae	Apogonidae	Schooling Cardinalfish	0	11	False	False	False	ineligible	below_required_observation_threshold	4	0
529474	Vincentia badia	Vincentia	Apogonidae	Apogonidae	Scarlet Cardinalfish	0	1	False	False	False	ineligible	below_required_observation_threshold	0	0
512186	Vincentia conspersa	Vincentia	Apogonidae	Apogonidae	Southern Cardinalfish	0	14	False	False	False	ineligible	below_required_observation_threshold	5	0
513682	Vincentia novaehollandiae	Vincentia	Apogonidae	Apogonidae	Eastern Gobbleguts	0	2	False	False	False	ineligible	below_required_observation_threshold	1	0
529477	Yarica hyalosoma	Yarica	Apogonidae	Apogonidae	Mangrove Cardinalfish	0	5	False	False	False	ineligible	below_required_observation_threshold	2	0
425326	Zapogon evermanni	Zapogon	Apogonidae	Apogonidae	Cave Cardinalfish	0	2	False	False	False	ineligible	below_required_observation_threshold	1	0
451142	Zoramia fragilis	Zoramia	Apogonidae	Apogonidae	Fragile cardinalfish	0	2	False	False	False	ineligible	below_required_observation_threshold	1	0
1316799	Zoramia leptacanthus	Zoramia	Apogonidae	Apogonidae	Threadfin Cardinalfish	0	9	False	False	False	ineligible	below_required_observation_threshold	3	0
473657	Zoramia viridiventer	Zoramia	Apogonidae	Apogonidae	Fragile Cardinalfish	0	1	False	False	False	ineligible	below_required_observation_threshold	0	0
94635	Ariopsis felis	Ariopsis	Ariidae	Ariidae	Hardhead Catfish	0	236	False	False	False	ineligible	below_required_observation_threshold	82	0
608545	Arius maculatus	Arius	Ariidae	Ariidae	Spotted Sea Catfish	0	1	False	False	False	ineligible	below_required_observation_threshold	0	0
608551	Arius subrostratus	Arius	Ariidae	Ariidae	Shovelnose sea catfish	0	1	False	False	False	ineligible	below_required_observation_threshold	0	0
608557	Bagre bagre	Bagre	Ariidae	Ariidae	Coco Sea Catfish	0	1	False	False	False	ineligible	below_required_observation_threshold	0	0
179508	Bagre marinus	Bagre	Ariidae	Ariidae	Gafftopsail Catfish	0	129	False	False	False	ineligible	below_required_observation_threshold	45	0
608567	Cathorops mapale	Cathorops	Ariidae	Ariidae		0	1	False	False	False	ineligible	below_required_observation_threshold	0	0
317028	Cathorops spixii	Cathorops	Ariidae	Ariidae	Madamango sea catfish	0	1	False	False	False	ineligible	below_required_observation_threshold	0	0
608582	Galeichthys feliceps	Galeichthys	Ariidae	Ariidae	White Sea Catfish	0	30	False	False	False	ineligible	below_required_observation_threshold	10	0
101175	Galeichthys peruvianus	Galeichthys	Ariidae	Ariidae	Peruvian Sea Catfish	0	3	False	False	False	ineligible	below_required_observation_threshold	1	0
354889	Galeichthys trowi	Galeichthys	Ariidae	Ariidae	Natal Sea Catfish	0	3	False	False	False	ineligible	below_required_observation_threshold	1	0
359778	Genidens barbus	Genidens	Ariidae	Ariidae	White Sea Catfish	0	31	False	False	False	ineligible	below_required_observation_threshold	11	0
608589	Hexanematichthys sagor	Hexanematichthys	Ariidae	Ariidae	Sagor catfish	0	4	False	False	False	ineligible	below_required_observation_threshold	1	0
337763	Neoarius graeffei	Neoarius	Ariidae	Ariidae	Blue Catfish	0	26	False	False	False	ineligible	below_required_observation_threshold	9	0
529491	Netuma bilineata	Netuma	Ariidae	Ariidae	bronze catfish	0	3	False	False	False	ineligible	below_required_observation_threshold	1	0
529492	Netuma thalassina	Netuma	Ariidae	Ariidae	Giant Sea Catfish	0	2	False	False	False	ineligible	below_required_observation_threshold	1	0
608604	Osteogeneiosus militaris	Osteogeneiosus	Ariidae	Ariidae	Soldier Catfish	0	3	False	False	False	ineligible	below_required_observation_threshold	1	0
529493	Plicofollis argyropleuron	Plicofollis	Ariidae	Ariidae	Longsnout Catfish	0	1	False	False	False	ineligible	below_required_observation_threshold	0	0
109820	Plicofollis dussumieri	Plicofollis	Ariidae	Ariidae	Blacktip Sea Catfish	0	1	False	False	False	ineligible	below_required_observation_threshold	0	0
112303	Sciades parkeri	Sciades	Ariidae	Ariidae	Gillbacker Sea Catfish	0	2	False	False	False	ineligible	below_required_observation_threshold	1	0
608614	Sciades proops	Sciades	Ariidae	Ariidae	Crucifix sea catfish	0	2	False	False	False	ineligible	below_required_observation_threshold	1	0
47239	Aulostomus chinensis	Aulostomus	Aulostomidae	Aulostomidae	Pacific Trumpetfish	0	570	True	False	True	broad_pretraining	global_licensed_abundance	197	100
47238	Aulostomus maculatus	Aulostomus	Aulostomidae	Aulostomidae	Western Atlantic Trumpetfish	0	574	True	False	True	broad_pretraining	global_licensed_abundance	199	100
47241	Aulostomus strigosus	Aulostomus	Aulostomidae	Aulostomidae	Eastern Atlantic Trumpetfish	0	90	False	False	False	ineligible	below_required_observation_threshold	31	0
57743	Balistapus undulatus	Balistapus	Balistidae	Balistidae	Orangestripe Triggerfish	0	546	True	False	True	broad_pretraining	global_licensed_abundance	189	100
123392	Balistoides viridescens	Balistoides	Balistidae	Balistidae	Titan Triggerfish	0	461	True	False	True	broad_pretraining	global_licensed_abundance	160	100
52464	Melichthys niger	Melichthys	Balistidae	Balistidae	Black Triggerfish	0	407	True	False	True	broad_pretraining	global_licensed_abundance	141	100
52411	Melichthys vidua	Melichthys	Balistidae	Balistidae	Pinktail Triggerfish	0	254	True	False	True	broad_pretraining	global_licensed_abundance	88	100
53669	Odonus niger	Odonus	Balistidae	Balistidae	Redtooth Triggerfish	0	251	True	False	True	broad_pretraining	global_licensed_abundance	87	100
83884	Rhinecanthus aculeatus	Rhinecanthus	Balistidae	Balistidae	Lagoon Triggerfish	0	446	True	False	True	broad_pretraining	global_licensed_abundance	154	100
52449	Rhinecanthus rectangulus	Rhinecanthus	Balistidae	Balistidae	Wedgetail Triggerfish	0	300	True	False	True	novel_evaluation	held_out_for_unseen_species_evaluation	104	100
196872	Abalistes stellatus	Abalistes	Balistidae	Balistidae	Starry Triggerfish	0	6	False	False	False	ineligible	below_required_observation_threshold	2	0
49606	Balistes capriscus	Balistes	Balistidae	Balistidae	Grey Triggerfish	0	191	False	False	False	ineligible	below_required_observation_threshold	66	0
95064	Balistes polylepis	Balistes	Balistidae	Balistidae	Finescale Triggerfish	0	142	False	False	False	ineligible	below_required_observation_threshold	49	0
491007	Balistes punctatus	Balistes	Balistidae	Balistidae	Bluespotted Triggerfish	0	10	False	False	False	ineligible	below_required_observation_threshold	3	0
95066	Balistes vetula	Balistes	Balistidae	Balistidae	Queen Triggerfish	0	80	False	False	False	ineligible	below_required_observation_threshold	28	0
154282	Balistoides conspicillum	Balistoides	Balistidae	Balistidae	Clown Triggerfish	0	156	False	False	False	ineligible	below_required_observation_threshold	54	0
179646	Canthidermis maculata	Canthidermis	Balistidae	Balistidae	Spotted Oceanic Triggerfish	0	24	False	False	False	ineligible	below_required_observation_threshold	8	0
131526	Canthidermis sufflamen	Canthidermis	Balistidae	Balistidae	Oceanic Triggerfish	0	74	False	False	False	ineligible	below_required_observation_threshold	26	0
52466	Melichthys indicus	Melichthys	Balistidae	Balistidae	Black-finned Triggerfish	0	58	False	False	False	ineligible	below_required_observation_threshold	20	0
196870	Pseudobalistes flavimarginatus	Pseudobalistes	Balistidae	Balistidae	Yellowmargin Triggerfish	0	122	False	False	False	ineligible	below_required_observation_threshold	42	0
123394	Pseudobalistes fuscus	Pseudobalistes	Balistidae	Balistidae	Blue Triggerfish	0	77	False	False	False	ineligible	below_required_observation_threshold	27	0
110933	Pseudobalistes naufragium	Pseudobalistes	Balistidae	Balistidae	Stone Triggerfish	0	114	False	False	False	ineligible	below_required_observation_threshold	39	0
371764	Rhinecanthus assasi	Rhinecanthus	Balistidae	Balistidae	Arabian Picasso Triggerfish	0	146	False	False	False	ineligible	below_required_observation_threshold	51	0
516526	Rhinecanthus lunula	Rhinecanthus	Balistidae	Balistidae	Halfmoon Triggerfish	0	2	False	False	False	ineligible	below_required_observation_threshold	1	0
325499	Rhinecanthus verrucosus	Rhinecanthus	Balistidae	Balistidae	Blackpatch Triggerfish	0	102	False	False	False	ineligible	below_required_observation_threshold	35	0
362290	Sufflamen albicaudatum	Sufflamen	Balistidae	Balistidae	Bluethroat Triggerfish	0	46	False	False	False	ineligible	below_required_observation_threshold	16	0
121576	Sufflamen bursa	Sufflamen	Balistidae	Balistidae	Lei Triggerfish	0	242	False	False	False	ineligible	below_required_observation_threshold	84	0
52465	Sufflamen chrysopterum	Sufflamen	Balistidae	Balistidae	Flagtail Triggerfish	0	224	False	False	False	ineligible	below_required_observation_threshold	78	0
113450	Sufflamen fraenatum	Sufflamen	Balistidae	Balistidae	Bridled Triggerfish	0	34	False	False	False	ineligible	below_required_observation_threshold	12	0
57295	Sufflamen verres	Sufflamen	Balistidae	Balistidae	Orangeside Triggerfish	0	181	False	False	False	ineligible	below_required_observation_threshold	63	0
244366	Xanthichthys auromarginatus	Xanthichthys	Balistidae	Balistidae	Gilded Triggerfish	0	28	False	False	False	ineligible	below_required_observation_threshold	10	0
115035	Xanthichthys mento	Xanthichthys	Balistidae	Balistidae	Crosshatch Triggerfish	0	4	False	False	False	ineligible	below_required_observation_threshold	1	0
131518	Xanthichthys ringens	Xanthichthys	Balistidae	Balistidae	Sargassum Triggerfish	0	17	False	False	False	ineligible	below_required_observation_threshold	6	0
135196	Ablennes hians	Ablennes	Belonidae	Belonidae	Flat Needlefish	0	8	False	False	False	ineligible	below_required_observation_threshold	3	0
118597	Belone belone	Belone	Belonidae	Belonidae	Garfish	0	61	False	False	False	ineligible	below_required_observation_threshold	21	0
109633	Platybelone argalus	Platybelone	Belonidae	Belonidae	Keeltail Needlefish	0	38	False	False	False	ineligible	below_required_observation_threshold	13	0
1315800	Platybelone platura	Platybelone	Belonidae	Belonidae	Mirror Needlefish	0	1	False	False	False	ineligible	below_required_observation_threshold	0	0
1316851	Platybelone platyura	Platybelone	Belonidae	Belonidae	Bennett's Needlefish	0	23	False	False	False	ineligible	below_required_observation_threshold	8	0
1474873	Platybelone pterura	Platybelone	Belonidae	Belonidae	Baja California Needlefish	0	2	False	False	False	ineligible	below_required_observation_threshold	1	0
210494	Potamorrhaphis eigenmanni	Potamorrhaphis	Belonidae	Belonidae	Eigenmann's Needlefish	0	1	False	False	False	ineligible	below_required_observation_threshold	0	0
210496	Potamorrhaphis guianensis	Potamorrhaphis	Belonidae	Belonidae	Guianan Needlefish	0	1	False	False	False	ineligible	below_required_observation_threshold	0	0
609283	Strongylura anastomella	Strongylura	Belonidae	Belonidae	Datsu Needlefish	0	1	False	False	False	ineligible	below_required_observation_threshold	0	0
113307	Strongylura exilis	Strongylura	Belonidae	Belonidae	California Needlefish	0	2	False	False	False	ineligible	below_required_observation_threshold	1	0
345863	Strongylura incisa	Strongylura	Belonidae	Belonidae	Reef Needlefish	0	8	False	False	False	ineligible	below_required_observation_threshold	3	0
525665	Strongylura krefftii	Strongylura	Belonidae	Belonidae	Freshwater Longtom	0	14	False	False	False	ineligible	below_required_observation_threshold	5	0
1416347	Strongylura leiurus	Strongylura	Belonidae	Belonidae	Hornpike Longtom	0	6	False	False	False	ineligible	below_required_observation_threshold	2	0
113308	Strongylura marina	Strongylura	Belonidae	Belonidae	Atlantic Needlefish	0	142	False	False	False	ineligible	below_required_observation_threshold	49	0
179467	Strongylura notata	Strongylura	Belonidae	Belonidae	Redfin Needlefish	0	48	False	False	False	ineligible	below_required_observation_threshold	17	0
366514	Strongylura strongylura	Strongylura	Belonidae	Belonidae	Blackspot Longtom	0	35	False	False	False	ineligible	below_required_observation_threshold	12	0
231831	Strongylura timucu	Strongylura	Belonidae	Belonidae	Timucu Needlefish	0	5	False	False	False	ineligible	below_required_observation_threshold	2	0
529543	Strongylura urvillii	Strongylura	Belonidae	Belonidae	Urville's Longtom	0	1	False	False	False	ineligible	below_required_observation_threshold	0	0
147189	Tylosurus acus	Tylosurus	Belonidae	Belonidae	Agujon Needlefish	0	2	False	False	False	ineligible	below_required_observation_threshold	1	0
343229	Tylosurus choram	Tylosurus	Belonidae	Belonidae	Red Sea Needlefish	0	7	False	False	False	ineligible	below_required_observation_threshold	2	0
52460	Tylosurus crocodilus	Tylosurus	Belonidae	Belonidae	Houndfish	0	232	False	False	False	ineligible	below_required_observation_threshold	80	0
609292	Tylosurus fodiator	Tylosurus	Belonidae	Belonidae	Mexican Needlefish	0	42	False	False	False	ineligible	below_required_observation_threshold	15	0
54543	Tylosurus gavialoides	Tylosurus	Belonidae	Belonidae	Stout Longtom	0	11	False	False	False	ineligible	below_required_observation_threshold	4	0
1316229	Tylosurus imperialis	Tylosurus	Belonidae	Belonidae	Imperial Needlefish	0	7	False	False	False	ineligible	below_required_observation_threshold	2	0
1316845	Tylosurus melanotus	Tylosurus	Belonidae	Belonidae	Black-backed Needlefish	0	2	False	False	False	ineligible	below_required_observation_threshold	1	0
114696	Tylosurus pacificus	Tylosurus	Belonidae	Belonidae	Pacific Needlefish	0	5	False	False	False	ineligible	below_required_observation_threshold	2	0
115040	Xenentodon cancila	Xenentodon	Belonidae	Belonidae	Freshwater Garfish	0	8	False	False	False	ineligible	below_required_observation_threshold	3	0
446594	Xenentodon canciloides	Xenentodon	Belonidae	Belonidae	Indochinese Needlefish	0	3	False	False	False	ineligible	below_required_observation_threshold	1	0
210294	Lipophrys pholis	Lipophrys	Blenniidae	Blenniidae	Shanny	0	462	True	False	True	broad_pretraining	global_licensed_abundance	160	100
49933	Parablennius marmoreus	Parablennius	Blenniidae	Blenniidae	Seaweed Blenny	0	277	True	False	True	broad_pretraining	global_licensed_abundance	96	100
118686	Parablennius sanguinolentus	Parablennius	Blenniidae	Blenniidae	Rusty Blenny	0	336	True	False	True	broad_pretraining	global_licensed_abundance	116	100
107645	Ophioblennius steindachneri	Ophioblennius	Blenniidae	Blenniidae	Panamic Fanged Blenny	0	348	True	False	True	novel_evaluation	held_out_for_unseen_species_evaluation	120	100
118693	Aidablennius sphynx	Aidablennius	Blenniidae	Blenniidae	Sphinx Blenny	0	211	False	False	False	ineligible	below_required_observation_threshold	73	0
445629	Alloblennius jugularis	Alloblennius	Blenniidae	Blenniidae		0	1	False	False	False	ineligible	below_required_observation_threshold	0	0
445631	Alloblennius pictus	Alloblennius	Blenniidae	Blenniidae	Bluebell Blenny	0	1	False	False	False	ineligible	below_required_observation_threshold	0	0
445633	Alticus arnoldorum	Alticus	Blenniidae	Blenniidae	Pacific Leaping Blenny	0	4	False	False	False	ineligible	below_required_observation_threshold	1	0
445634	Alticus kirkii	Alticus	Blenniidae	Blenniidae	Kirk's Blenny	0	3	False	False	False	ineligible	below_required_observation_threshold	1	0
445635	Alticus magnusi	Alticus	Blenniidae	Blenniidae		0	22	False	False	False	ineligible	below_required_observation_threshold	8	0
445636	Alticus monochrus	Alticus	Blenniidae	Blenniidae		0	50	False	False	False	ineligible	below_required_observation_threshold	17	0
445637	Alticus montanoi	Alticus	Blenniidae	Blenniidae	Montano's Rockskipper	0	1	False	False	False	ineligible	below_required_observation_threshold	0	0
445638	Alticus orientalis	Alticus	Blenniidae	Blenniidae		0	2	False	False	False	ineligible	below_required_observation_threshold	1	0
445639	Alticus saliens	Alticus	Blenniidae	Blenniidae	Leaping Blenny	0	6	False	False	False	ineligible	below_required_observation_threshold	2	0
445640	Alticus sertatus	Alticus	Blenniidae	Blenniidae	Garlanded Rockskipper	0	2	False	False	False	ineligible	below_required_observation_threshold	1	0
445641	Alticus simplicirrus	Alticus	Blenniidae	Blenniidae	Marquesan Rockskipper	0	2	False	False	False	ineligible	below_required_observation_threshold	1	0
445647	Andamia heteroptera	Andamia	Blenniidae	Blenniidae	Black Lipsucker	0	2	False	False	False	ineligible	below_required_observation_threshold	1	0
445650	Andamia tetradactylus	Andamia	Blenniidae	Blenniidae	Four-fingered Lipsucker	0	3	False	False	False	ineligible	below_required_observation_threshold	1	0
445651	Antennablennius adenensis	Antennablennius	Blenniidae	Blenniidae	Aden Blenny	0	10	False	False	False	ineligible	below_required_observation_threshold	3	0
445653	Antennablennius bifilum	Antennablennius	Blenniidae	Blenniidae	Horned Rockskipper	0	28	False	False	False	ineligible	below_required_observation_threshold	10	0
445655	Antennablennius hypenetes	Antennablennius	Blenniidae	Blenniidae	Arabian Blenny	0	3	False	False	False	ineligible	below_required_observation_threshold	1	0
445658	Antennablennius variopunctatus	Antennablennius	Blenniidae	Blenniidae	Orangedotted Blenny	0	2	False	False	False	ineligible	below_required_observation_threshold	1	0
319547	Aspidontus dussumieri	Aspidontus	Blenniidae	Blenniidae	Lance Blenny	0	11	False	False	False	ineligible	below_required_observation_threshold	4	0
196714	Aspidontus taeniatus	Aspidontus	Blenniidae	Blenniidae	False Cleanerfish	0	43	False	False	False	ineligible	below_required_observation_threshold	15	0
355399	Atrosalarias holomelas	Atrosalarias	Blenniidae	Blenniidae	Dusky blenny	0	17	False	False	False	ineligible	below_required_observation_threshold	6	0
445694	Blenniella bilitonensis	Blenniella	Blenniidae	Blenniidae	Biliton Rockskipper	0	2	False	False	False	ineligible	below_required_observation_threshold	1	0
445695	Blenniella caudolineata	Blenniella	Blenniidae	Blenniidae	Stone Blenny	0	2	False	False	False	ineligible	below_required_observation_threshold	1	0
196708	Blenniella chrysospilos	Blenniella	Blenniidae	Blenniidae	Redspotted Rockskipper	0	23	False	False	False	ineligible	below_required_observation_threshold	8	0
445696	Blenniella cyanostigma	Blenniella	Blenniidae	Blenniidae	Striped Rockskipper	0	2	False	False	False	ineligible	below_required_observation_threshold	1	0
210140	Blenniella gibbifrons	Blenniella	Blenniidae	Blenniidae	Bullethead Blenny	0	42	False	False	False	ineligible	below_required_observation_threshold	15	0
445697	Blenniella interrupta	Blenniella	Blenniidae	Blenniidae	Dashed-line Blenny	0	7	False	False	False	ineligible	below_required_observation_threshold	2	0
445698	Blenniella leopardus	Blenniella	Blenniidae	Blenniidae	Leopard Rockskipper	0	2	False	False	False	ineligible	below_required_observation_threshold	1	0
445699	Blenniella paula	Blenniella	Blenniidae	Blenniidae	Bluedash Rockskipper	0	4	False	False	False	ineligible	below_required_observation_threshold	1	0
196709	Blenniella periophthalmus	Blenniella	Blenniidae	Blenniidae	Blue-dashed Rockskipper	0	9	False	False	False	ineligible	below_required_observation_threshold	3	0
118691	Blennius ocellaris	Blennius	Blenniidae	Blenniidae	Butterfly Blenny	0	3	False	False	False	ineligible	below_required_observation_threshold	1	0
445758	Chalaroderma capito	Chalaroderma	Blenniidae	Blenniidae	Looseskin Blenny	0	71	False	False	False	ineligible	below_required_observation_threshold	25	0
445759	Chalaroderma ocellata	Chalaroderma	Blenniidae	Blenniidae	Two-eyed Blenny	0	97	False	False	False	ineligible	below_required_observation_threshold	34	0
216647	Chasmodes bosquianus	Chasmodes	Blenniidae	Blenniidae	Striped Blenny	0	21	False	False	False	ineligible	below_required_observation_threshold	7	0
363652	Chasmodes saburrae	Chasmodes	Blenniidae	Blenniidae	Florida Blenny	0	6	False	False	False	ineligible	below_required_observation_threshold	2	0
445782	Cirripectes alboapicalis	Cirripectes	Blenniidae	Blenniidae	Whitedotted Blenny	0	1	False	False	False	ineligible	below_required_observation_threshold	0	0
358538	Cirripectes auritus	Cirripectes	Blenniidae	Blenniidae	Eared Blenny	0	17	False	False	False	ineligible	below_required_observation_threshold	6	0
445783	Cirripectes castaneus	Cirripectes	Blenniidae	Blenniidae	Chestnut Blenny	0	110	False	False	False	ineligible	below_required_observation_threshold	38	0
424257	Cirripectes chelomatus	Cirripectes	Blenniidae	Blenniidae	Lady Musgrave blenny	0	65	False	False	False	ineligible	below_required_observation_threshold	22	0
97886	Cirripectes filamentosus	Cirripectes	Blenniidae	Blenniidae	Filamentous Blenny	0	23	False	False	False	ineligible	below_required_observation_threshold	8	0
445787	Cirripectes hutchinsi	Cirripectes	Blenniidae	Blenniidae	Hutchins' Blenny	0	11	False	False	False	ineligible	below_required_observation_threshold	4	0
424374	Cirripectes imitator	Cirripectes	Blenniidae	Blenniidae	Imitator Blenny	0	1	False	False	False	ineligible	below_required_observation_threshold	0	0
318931	Cirripectes polyzona	Cirripectes	Blenniidae	Blenniidae	Barred Blenny	0	4	False	False	False	ineligible	below_required_observation_threshold	1	0
445791	Cirripectes randalli	Cirripectes	Blenniidae	Blenniidae	Cargados Coral Blenny	0	1	False	False	False	ineligible	below_required_observation_threshold	0	0
196706	Cirripectes springeri	Cirripectes	Blenniidae	Blenniidae	Springer's Blenny	0	1	False	False	False	ineligible	below_required_observation_threshold	0	0
424219	Cirripectes stigmaticus	Cirripectes	Blenniidae	Blenniidae	Redstreaked Blenny	0	47	False	False	False	ineligible	below_required_observation_threshold	16	0
121423	Cirripectes vanderbilti	Cirripectes	Blenniidae	Blenniidae	Scarface Blenny	0	13	False	False	False	ineligible	below_required_observation_threshold	4	0
344685	Cirripectes variolosus	Cirripectes	Blenniidae	Blenniidae	Red-speckled Blenny	0	6	False	False	False	ineligible	below_required_observation_threshold	2	0
445792	Cirrisalarias bunares	Cirrisalarias	Blenniidae	Blenniidae	Medusa Blenny	0	1	False	False	False	ineligible	below_required_observation_threshold	0	0
118692	Coryphoblennius galerita	Coryphoblennius	Blenniidae	Blenniidae	Montagu's Blenny	0	139	False	False	False	ineligible	below_required_observation_threshold	48	0
98681	Crossosalarias macrospilus	Crossosalarias	Blenniidae	Blenniidae	Triplespot Blenny	0	25	False	False	False	ineligible	below_required_observation_threshold	9	0
445876	Ecsenius aequalis	Ecsenius	Blenniidae	Blenniidae	Fourline Blenny	0	1	False	False	False	ineligible	below_required_observation_threshold	0	0
445878	Ecsenius aroni	Ecsenius	Blenniidae	Blenniidae	Aron's Blenny	0	15	False	False	False	ineligible	below_required_observation_threshold	5	0
196705	Ecsenius australianus	Ecsenius	Blenniidae	Blenniidae	Australian Combtooth Blenny	0	1	False	False	False	ineligible	below_required_observation_threshold	0	0
320098	Ecsenius axelrodi	Ecsenius	Blenniidae	Blenniidae	Clown Blenny	0	6	False	False	False	ineligible	below_required_observation_threshold	2	0
424591	Ecsenius bandanus	Ecsenius	Blenniidae	Blenniidae	Banda Blenny	0	11	False	False	False	ineligible	below_required_observation_threshold	4	0
136468	Ecsenius bathi	Ecsenius	Blenniidae	Blenniidae	Bath's Blenny	0	10	False	False	False	ineligible	below_required_observation_threshold	3	0
179876	Ecsenius bicolor	Ecsenius	Blenniidae	Blenniidae	Bicolor Blenny	0	90	False	False	False	ineligible	below_required_observation_threshold	31	0
196703	Ecsenius bimaculatus	Ecsenius	Blenniidae	Blenniidae	Twinspot Blenny	0	13	False	False	False	ineligible	below_required_observation_threshold	4	0
445879	Ecsenius caeruliventris	Ecsenius	Blenniidae	Blenniidae	Bluebelly Coralblenny	0	7	False	False	False	ineligible	below_required_observation_threshold	2	0
359370	Ecsenius dentex	Ecsenius	Blenniidae	Blenniidae	Dentex Blenny	0	15	False	False	False	ineligible	below_required_observation_threshold	5	0
196704	Ecsenius fijiensis	Ecsenius	Blenniidae	Blenniidae	Fiji Clown Blenny	0	33	False	False	False	ineligible	below_required_observation_threshold	11	0
445882	Ecsenius frontalis	Ecsenius	Blenniidae	Blenniidae	Smoothfin Blenny	0	2	False	False	False	ineligible	below_required_observation_threshold	1	0
445883	Ecsenius gravieri	Ecsenius	Blenniidae	Blenniidae	Red Sea Mimic Blenny	0	11	False	False	False	ineligible	below_required_observation_threshold	4	0
445884	Ecsenius isos	Ecsenius	Blenniidae	Blenniidae	Vanuatu Combtooth Blenny	0	13	False	False	False	ineligible	below_required_observation_threshold	4	0
99699	Ecsenius kurti	Ecsenius	Blenniidae	Blenniidae	Kurt's coralblenny	0	1	False	False	False	ineligible	below_required_observation_threshold	0	0
154461	Ecsenius lineatus	Ecsenius	Blenniidae	Blenniidae	Lined Combtooth Blenny	0	8	False	False	False	ineligible	below_required_observation_threshold	3	0
424798	Ecsenius lividanalis	Ecsenius	Blenniidae	Blenniidae	Blackass Combtooth Blenny	0	4	False	False	False	ineligible	below_required_observation_threshold	1	0
445885	Ecsenius lubbocki	Ecsenius	Blenniidae	Blenniidae	Lubbock's Blenny	0	8	False	False	False	ineligible	below_required_observation_threshold	3	0
445886	Ecsenius mandibularis	Ecsenius	Blenniidae	Blenniidae	Queensland Combtooth Blenny	0	9	False	False	False	ineligible	below_required_observation_threshold	3	0
154460	Ecsenius melarchus	Ecsenius	Blenniidae	Blenniidae	Yellow-eyed comb-tooth	0	8	False	False	False	ineligible	below_required_observation_threshold	3	0
196702	Ecsenius midas	Ecsenius	Blenniidae	Blenniidae	Midas Combtooth Blenny	0	26	False	False	False	ineligible	below_required_observation_threshold	9	0
445887	Ecsenius minutus	Ecsenius	Blenniidae	Blenniidae	Little Combtooth Blenny	0	20	False	False	False	ineligible	below_required_observation_threshold	7	0
445888	Ecsenius monoculus	Ecsenius	Blenniidae	Blenniidae	Monocle Coralblenny	0	1	False	False	False	ineligible	below_required_observation_threshold	0	0
445889	Ecsenius nalolo	Ecsenius	Blenniidae	Blenniidae	Nalolo Blenny	0	22	False	False	False	ineligible	below_required_observation_threshold	8	0
136593	Ecsenius namiyei	Ecsenius	Blenniidae	Blenniidae	Namiye's Combtooth Blenny	0	18	False	False	False	ineligible	below_required_observation_threshold	6	0
445890	Ecsenius niue	Ecsenius	Blenniidae	Blenniidae	Niue Combtooth Blenny	0	2	False	False	False	ineligible	below_required_observation_threshold	1	0
445893	Ecsenius ops	Ecsenius	Blenniidae	Blenniidae	Bluehead Blenny	0	4	False	False	False	ineligible	below_required_observation_threshold	1	0
424663	Ecsenius opsifrontalis	Ecsenius	Blenniidae	Blenniidae	Comical Blenny	0	6	False	False	False	ineligible	below_required_observation_threshold	2	0
445894	Ecsenius pardus	Ecsenius	Blenniidae	Blenniidae	Panther Blenny	0	2	False	False	False	ineligible	below_required_observation_threshold	1	0
445895	Ecsenius paroculus	Ecsenius	Blenniidae	Blenniidae	Spottedback Coralblenny	0	2	False	False	False	ineligible	below_required_observation_threshold	1	0
196700	Ecsenius pictus	Ecsenius	Blenniidae	Blenniidae	Pictus blenny	0	4	False	False	False	ineligible	below_required_observation_threshold	1	0
424144	Ecsenius prooculis	Ecsenius	Blenniidae	Blenniidae	Striped Blenny	0	5	False	False	False	ineligible	below_required_observation_threshold	2	0
445898	Ecsenius pulcher	Ecsenius	Blenniidae	Blenniidae	Gulf Blenny	0	8	False	False	False	ineligible	below_required_observation_threshold	3	0
445900	Ecsenius schroederi	Ecsenius	Blenniidae	Blenniidae	Schroeder's Combtooth Blenny	0	16	False	False	False	ineligible	below_required_observation_threshold	6	0
445902	Ecsenius shirleyae	Ecsenius	Blenniidae	Blenniidae	Shirley's Coralblenny	0	4	False	False	False	ineligible	below_required_observation_threshold	1	0
1545306	Ecsenius similis	Ecsenius	Blenniidae	Blenniidae	East Indian Coral Blenny	0	3	False	False	False	ineligible	below_required_observation_threshold	1	0
445903	Ecsenius stictus	Ecsenius	Blenniidae	Blenniidae	Smallspotted Combtooth Blenny	0	8	False	False	False	ineligible	below_required_observation_threshold	3	0
154459	Ecsenius stigmatura	Ecsenius	Blenniidae	Blenniidae	Tailspot Blenny	0	8	False	False	False	ineligible	below_required_observation_threshold	3	0
445907	Ecsenius tricolor	Ecsenius	Blenniidae	Blenniidae	Tricolor coralblenny	0	6	False	False	False	ineligible	below_required_observation_threshold	2	0
99700	Ecsenius trilineatus	Ecsenius	Blenniidae	Blenniidae	Whitespotted Combtooth Blenny	0	5	False	False	False	ineligible	below_required_observation_threshold	2	0
344869	Ecsenius yaeyamaensis	Ecsenius	Blenniidae	Blenniidae	Palespotted Combtooth Blenny	0	20	False	False	False	ineligible	below_required_observation_threshold	7	0
445929	Enchelyurus ater	Enchelyurus	Blenniidae	Blenniidae	Black Blenny	0	1	False	False	False	ineligible	below_required_observation_threshold	0	0
100010	Entomacrodus cadenati	Entomacrodus	Blenniidae	Blenniidae	West African Rockskipper	0	4	False	False	False	ineligible	below_required_observation_threshold	1	0
445993	Entomacrodus caudofasciatus	Entomacrodus	Blenniidae	Blenniidae		0	1	False	False	False	ineligible	below_required_observation_threshold	0	0
100011	Entomacrodus chiostictus	Entomacrodus	Blenniidae	Blenniidae	Notchfin Blenny	0	8	False	False	False	ineligible	below_required_observation_threshold	3	0
368352	Entomacrodus epalzeocheilos	Entomacrodus	Blenniidae	Blenniidae	Tidepool Blenny	0	2	False	False	False	ineligible	below_required_observation_threshold	1	0
201256	Entomacrodus lemuria	Entomacrodus	Blenniidae	Blenniidae		0	16	False	False	False	ineligible	below_required_observation_threshold	6	0
445998	Entomacrodus lighti	Entomacrodus	Blenniidae	Blenniidae	Reef Rockskipper	0	1	False	False	False	ineligible	below_required_observation_threshold	0	0
49934	Entomacrodus marmoratus	Entomacrodus	Blenniidae	Blenniidae	Seaweed Blenny	0	12	False	False	False	ineligible	below_required_observation_threshold	4	0
317092	Entomacrodus nigricans	Entomacrodus	Blenniidae	Blenniidae	Pearl Blenny	0	30	False	False	False	ineligible	below_required_observation_threshold	10	0
49384	Entomacrodus stellifer	Entomacrodus	Blenniidae	Blenniidae	Stellar Rockskipper	0	1	False	False	False	ineligible	below_required_observation_threshold	0	0
446006	Entomacrodus striatus	Entomacrodus	Blenniidae	Blenniidae	Blackspotted Rockskipper	0	7	False	False	False	ineligible	below_required_observation_threshold	2	0
446009	Entomacrodus vermiculatus	Entomacrodus	Blenniidae	Blenniidae	Vermiculated Rockskipper	0	10	False	False	False	ineligible	below_required_observation_threshold	3	0
446010	Entomacrodus vomerinus	Entomacrodus	Blenniidae	Blenniidae	Brazilian Rockskipper	0	21	False	False	False	ineligible	below_required_observation_threshold	7	0
121426	Exallias brevis	Exallias	Blenniidae	Blenniidae	Leopard Blenny	0	106	False	False	False	ineligible	below_required_observation_threshold	37	0
446041	Glyptoparus delicatulus	Glyptoparus	Blenniidae	Blenniidae	Delicate Blenny	0	14	False	False	False	ineligible	below_required_observation_threshold	5	0
446116	Hirculops cornifer	Hirculops	Blenniidae	Blenniidae	Highbrow Rockskipper	0	1	False	False	False	ineligible	below_required_observation_threshold	0	0
317158	Hypleurochilus bermudensis	Hypleurochilus	Blenniidae	Blenniidae	Barred blenny	0	15	False	False	False	ineligible	below_required_observation_threshold	5	0
179556	Hypleurochilus geminatus	Hypleurochilus	Blenniidae	Blenniidae	Crested Blenny	0	11	False	False	False	ineligible	below_required_observation_threshold	4	0
179555	Hypleurochilus multifilis	Hypleurochilus	Blenniidae	Blenniidae	Featherduster Blenny	0	2	False	False	False	ineligible	below_required_observation_threshold	1	0
317159	Hypleurochilus pseudoaequipinnis	Hypleurochilus	Blenniidae	Blenniidae	Atlantic Oyster Blenny	0	41	False	False	False	ineligible	below_required_observation_threshold	14	0
446121	Hypleurochilus springeri	Hypleurochilus	Blenniidae	Blenniidae	Orange-spotted Blenny	0	5	False	False	False	ineligible	below_required_observation_threshold	2	0
103208	Hypsoblennius brevipinnis	Hypsoblennius	Blenniidae	Blenniidae	Barnaclebill Blenny	0	21	False	False	False	ineligible	below_required_observation_threshold	7	0
446123	Hypsoblennius exstochilus	Hypsoblennius	Blenniidae	Blenniidae	Longhorn Blenny	0	2	False	False	False	ineligible	below_required_observation_threshold	1	0
103210	Hypsoblennius gentilis	Hypsoblennius	Blenniidae	Blenniidae	Bay Blenny	0	18	False	False	False	ineligible	below_required_observation_threshold	6	0
103211	Hypsoblennius gilberti	Hypsoblennius	Blenniidae	Blenniidae	Notchbrow Blenny	0	38	False	False	False	ineligible	below_required_observation_threshold	13	0
179553	Hypsoblennius hentz	Hypsoblennius	Blenniidae	Blenniidae	Feather Blenny	0	25	False	False	False	ineligible	below_required_observation_threshold	9	0
222115	Hypsoblennius invemar	Hypsoblennius	Blenniidae	Blenniidae	Tessellated Blenny	0	15	False	False	False	ineligible	below_required_observation_threshold	5	0
179565	Hypsoblennius ionthas	Hypsoblennius	Blenniidae	Blenniidae	Freckled Blenny	0	1	False	False	False	ineligible	below_required_observation_threshold	0	0
103212	Hypsoblennius jenkinsi	Hypsoblennius	Blenniidae	Blenniidae	Mussel Blenny	0	16	False	False	False	ineligible	below_required_observation_threshold	6	0
103215	Hypsoblennius proteus	Hypsoblennius	Blenniidae	Blenniidae	Socorro Blenny	0	1	False	False	False	ineligible	below_required_observation_threshold	0	0
103217	Hypsoblennius sordidus	Hypsoblennius	Blenniidae	Blenniidae	Bull Blenny	0	1	False	False	False	ineligible	below_required_observation_threshold	0	0
103218	Hypsoblennius striatus	Hypsoblennius	Blenniidae	Blenniidae		0	2	False	False	False	ineligible	below_required_observation_threshold	1	0
320911	Istiblennius bellus	Istiblennius	Blenniidae	Blenniidae		0	4	False	False	False	ineligible	below_required_observation_threshold	1	0
446124	Istiblennius dussumieri	Istiblennius	Blenniidae	Blenniidae	Dussumier's Rockskipper	0	77	False	False	False	ineligible	below_required_observation_threshold	27	0
446125	Istiblennius edentulus	Istiblennius	Blenniidae	Blenniidae	Rippled Rockskipper	0	102	False	False	False	ineligible	below_required_observation_threshold	35	0
446126	Istiblennius flaviumbrinus	Istiblennius	Blenniidae	Blenniidae		0	5	False	False	False	ineligible	below_required_observation_threshold	2	0
196701	Istiblennius lineatus	Istiblennius	Blenniidae	Blenniidae	Lined Rockskipper	0	25	False	False	False	ineligible	below_required_observation_threshold	9	0
446127	Istiblennius meleagris	Istiblennius	Blenniidae	Blenniidae	Peacock Rockskipper	0	30	False	False	False	ineligible	below_required_observation_threshold	10	0
446129	Istiblennius pox	Istiblennius	Blenniidae	Blenniidae		0	3	False	False	False	ineligible	below_required_observation_threshold	1	0
446130	Istiblennius rivulatus	Istiblennius	Blenniidae	Blenniidae		0	14	False	False	False	ineligible	below_required_observation_threshold	5	0
446131	Istiblennius spilotus	Istiblennius	Blenniidae	Blenniidae		0	3	False	False	False	ineligible	below_required_observation_threshold	1	0
446132	Istiblennius steindachneri	Istiblennius	Blenniidae	Blenniidae		0	2	False	False	False	ineligible	below_required_observation_threshold	1	0
446133	Istiblennius unicolor	Istiblennius	Blenniidae	Blenniidae		0	7	False	False	False	ineligible	below_required_observation_threshold	2	0
121802	Istiblennius zebra	Istiblennius	Blenniidae	Blenniidae	Zebra Blenny	0	182	False	False	False	ineligible	below_required_observation_threshold	63	0
446152	Laiphognathus multimaculatus	Laiphognathus	Blenniidae	Blenniidae	Manyspot Blenny	0	3	False	False	False	ineligible	below_required_observation_threshold	1	0
342285	Lipophrys trigloides	Lipophrys	Blenniidae	Blenniidae		0	77	False	False	False	ineligible	below_required_observation_threshold	27	0
317199	Lupinoblennius nicholsi	Lupinoblennius	Blenniidae	Blenniidae	Highfin Blenny	0	1	False	False	False	ineligible	below_required_observation_threshold	0	0
446175	Lupinoblennius paivai	Lupinoblennius	Blenniidae	Blenniidae	Paiva's blenny	0	2	False	False	False	ineligible	below_required_observation_threshold	1	0
320024	Meiacanthus atrodorsalis	Meiacanthus	Blenniidae	Blenniidae	Yellowtail Fangblenny	0	59	False	False	False	ineligible	below_required_observation_threshold	20	0
446189	Meiacanthus bundoon	Meiacanthus	Blenniidae	Blenniidae	Bundoon Fangblenny	0	6	False	False	False	ineligible	below_required_observation_threshold	2	0
446192	Meiacanthus ditrema	Meiacanthus	Blenniidae	Blenniidae	Schooling Fangblenny	0	1	False	False	False	ineligible	below_required_observation_threshold	0	0
446195	Meiacanthus geminatus	Meiacanthus	Blenniidae	Blenniidae	Twin Fangblenny	0	9	False	False	False	ineligible	below_required_observation_threshold	3	0
198920	Meiacanthus grammistes	Meiacanthus	Blenniidae	Blenniidae	Linespot Fangblenny	0	58	False	False	False	ineligible	below_required_observation_threshold	20	0
418236	Meiacanthus kamoharai	Meiacanthus	Blenniidae	Blenniidae	Kamohara Blenny	0	1	False	False	False	ineligible	below_required_observation_threshold	0	0
446197	Meiacanthus lineatus	Meiacanthus	Blenniidae	Blenniidae	Lined Fangblenny	0	6	False	False	False	ineligible	below_required_observation_threshold	2	0
446199	Meiacanthus mossambicus	Meiacanthus	Blenniidae	Blenniidae	Mozambique Fangblenny	0	5	False	False	False	ineligible	below_required_observation_threshold	2	0
446201	Meiacanthus nigrolineatus	Meiacanthus	Blenniidae	Blenniidae	Blackline Fangblenny	0	11	False	False	False	ineligible	below_required_observation_threshold	4	0
446202	Meiacanthus oualanensis	Meiacanthus	Blenniidae	Blenniidae	Canary Fangblenny	0	42	False	False	False	ineligible	below_required_observation_threshold	15	0
446203	Meiacanthus phaeus	Meiacanthus	Blenniidae	Blenniidae	Twilight Fangblenny	0	1	False	False	False	ineligible	below_required_observation_threshold	0	0
196713	Meiacanthus smithi	Meiacanthus	Blenniidae	Blenniidae	Smith's Fangblenny	0	11	False	False	False	ineligible	below_required_observation_threshold	4	0
187674	Microlipophrys adriaticus	Microlipophrys	Blenniidae	Blenniidae	Adriatic Blenny	0	7	False	False	False	ineligible	below_required_observation_threshold	2	0
446215	Microlipophrys caboverdensis	Microlipophrys	Blenniidae	Blenniidae	Cape Verde Rockskipper	0	10	False	False	False	ineligible	below_required_observation_threshold	3	0
446216	Microlipophrys canevae	Microlipophrys	Blenniidae	Blenniidae	Caneva's Blenny	0	94	False	False	False	ineligible	below_required_observation_threshold	33	0
187675	Microlipophrys dalmatinus	Microlipophrys	Blenniidae	Blenniidae	Dalmatian Blenny	0	42	False	False	False	ineligible	below_required_observation_threshold	15	0
105789	Microlipophrys nigriceps	Microlipophrys	Blenniidae	Blenniidae	Black-headed Blenny	0	6	False	False	False	ineligible	below_required_observation_threshold	2	0
446217	Microlipophrys velifer	Microlipophrys	Blenniidae	Blenniidae	Sailfin Rockskipper	0	6	False	False	False	ineligible	below_required_observation_threshold	2	0
446233	Nannosalarias nativitatis	Nannosalarias	Blenniidae	Blenniidae	Throatspot Blenny	0	3	False	False	False	ineligible	below_required_observation_threshold	1	0
57812	Omobranchus anolius	Omobranchus	Blenniidae	Blenniidae	Oyster Blenny	0	20	False	False	False	ineligible	below_required_observation_threshold	7	0
446258	Omobranchus banditus	Omobranchus	Blenniidae	Blenniidae	Bandit Blenny	0	1	False	False	False	ineligible	below_required_observation_threshold	0	0
446259	Omobranchus elegans	Omobranchus	Blenniidae	Blenniidae	Elegant Blenny	0	4	False	False	False	ineligible	below_required_observation_threshold	1	0
446261	Omobranchus fasciolatoceps	Omobranchus	Blenniidae	Blenniidae	Asian Estuarine Blenny	0	2	False	False	False	ineligible	below_required_observation_threshold	1	0
107526	Omobranchus fasciolatus	Omobranchus	Blenniidae	Blenniidae	Arab Blenny	0	2	False	False	False	ineligible	below_required_observation_threshold	1	0
446262	Omobranchus germaini	Omobranchus	Blenniidae	Blenniidae	Germain's Blenny	0	37	False	False	False	ineligible	below_required_observation_threshold	13	0
446265	Omobranchus loxozonus	Omobranchus	Blenniidae	Blenniidae		0	1	False	False	False	ineligible	below_required_observation_threshold	0	0
446267	Omobranchus obliquus	Omobranchus	Blenniidae	Blenniidae	Roundhead Blenny	0	3	False	False	False	ineligible	below_required_observation_threshold	1	0
446268	Omobranchus punctatus	Omobranchus	Blenniidae	Blenniidae	Muzzled Blenny	0	5	False	False	False	ineligible	below_required_observation_threshold	2	0
107527	Omobranchus rotundiceps	Omobranchus	Blenniidae	Blenniidae	Rotund Blenny	0	1	False	False	False	ineligible	below_required_observation_threshold	0	0
63412	Ophioblennius atlanticus	Ophioblennius	Blenniidae	Blenniidae	East Atlantic Redlip Blenny	0	117	False	False	False	ineligible	below_required_observation_threshold	40	0
130053	Ophioblennius macclurei	Ophioblennius	Blenniidae	Blenniidae	Caribbean Redlip Blenny	0	217	False	False	False	ineligible	below_required_observation_threshold	75	0
446289	Ophioblennius trinitatis	Ophioblennius	Blenniidae	Blenniidae	Brazilian fanged blenny	0	10	False	False	False	ineligible	below_required_observation_threshold	3	0
446333	Parablennius cornutus	Parablennius	Blenniidae	Blenniidae	Horned Blenny	0	2	False	False	False	ineligible	below_required_observation_threshold	1	0
118685	Parablennius gattorugine	Parablennius	Blenniidae	Blenniidae	Tompot Blenny	0	248	False	False	False	ineligible	below_required_observation_threshold	86	0
120637	Parablennius incognitus	Parablennius	Blenniidae	Blenniidae	Mystery Blenny	0	138	False	False	False	ineligible	below_required_observation_threshold	48	0
446337	Parablennius intermedius	Parablennius	Blenniidae	Blenniidae	Horned Blenny	0	14	False	False	False	ineligible	below_required_observation_threshold	5	0
410581	Parablennius laticlavius	Parablennius	Blenniidae	Blenniidae	Crested Blenny	0	63	False	False	False	ineligible	below_required_observation_threshold	22	0
108409	Parablennius parvicornis	Parablennius	Blenniidae	Blenniidae	Rock-pool Blenny	0	170	False	False	False	ineligible	below_required_observation_threshold	59	0
338049	Parablennius pilicornis	Parablennius	Blenniidae	Blenniidae	Ringneck Blenny	0	173	False	False	False	ineligible	below_required_observation_threshold	60	0
446340	Parablennius postoculomaculatus	Parablennius	Blenniidae	Blenniidae	False Tasmanian Blenny	0	35	False	False	False	ineligible	below_required_observation_threshold	12	0
108410	Parablennius rouxi	Parablennius	Blenniidae	Blenniidae	Longstriped Blenny	0	64	False	False	False	ineligible	below_required_observation_threshold	22	0
118684	Parablennius ruber	Parablennius	Blenniidae	Blenniidae	Portuguese blenny	0	20	False	False	False	ineligible	below_required_observation_threshold	7	0
347725	Parablennius salensis	Parablennius	Blenniidae	Blenniidae	Salt Blenny	0	27	False	False	False	ineligible	below_required_observation_threshold	9	0
446341	Parablennius serratolineatus	Parablennius	Blenniidae	Blenniidae	Norfolk Island Blenny	0	25	False	False	False	ineligible	below_required_observation_threshold	9	0
446343	Parablennius tasmanianus	Parablennius	Blenniidae	Blenniidae	Tasmanian Blenny	0	70	False	False	False	ineligible	below_required_observation_threshold	24	0
118687	Parablennius tentacularis	Parablennius	Blenniidae	Blenniidae	Tentacled Blenny	0	12	False	False	False	ineligible	below_required_observation_threshold	4	0
446344	Parablennius thysanius	Parablennius	Blenniidae	Blenniidae	Tasseled Blenny	0	2	False	False	False	ineligible	below_required_observation_threshold	1	0
108411	Parablennius yatabei	Parablennius	Blenniidae	Blenniidae	Yatabe Blenny	0	1	False	False	False	ineligible	below_required_observation_threshold	0	0
108412	Parablennius zvonimiri	Parablennius	Blenniidae	Blenniidae	Zvonimir's Blenny	0	98	False	False	False	ineligible	below_required_observation_threshold	34	0
446353	Paralticus amboinensis	Paralticus	Blenniidae	Blenniidae	Ambon Rockskipper	0	1	False	False	False	ineligible	below_required_observation_threshold	0	0
446377	Petroscirtes ancylodon	Petroscirtes	Blenniidae	Blenniidae		0	1	False	False	False	ineligible	below_required_observation_threshold	0	0
318929	Petroscirtes breviceps	Petroscirtes	Blenniidae	Blenniidae	Shorthead Sabretooth Blenny	0	41	False	False	False	ineligible	below_required_observation_threshold	14	0
446378	Petroscirtes fallax	Petroscirtes	Blenniidae	Blenniidae	Yellow Sabretooth Blenny	0	1	False	False	False	ineligible	below_required_observation_threshold	0	0
353509	Petroscirtes lupus	Petroscirtes	Blenniidae	Blenniidae	Brown Sabretooth Blenny	0	5	False	False	False	ineligible	below_required_observation_threshold	2	0
446380	Petroscirtes mitratus	Petroscirtes	Blenniidae	Blenniidae	Crested Sabretooth Blenny	0	23	False	False	False	ineligible	below_required_observation_threshold	8	0
446382	Petroscirtes springeri	Petroscirtes	Blenniidae	Blenniidae		0	2	False	False	False	ineligible	below_required_observation_threshold	1	0
346144	Petroscirtes variabilis	Petroscirtes	Blenniidae	Blenniidae	Variable Sabretooth Blenny	0	4	False	False	False	ineligible	below_required_observation_threshold	1	0
446384	Petroscirtes xestus	Petroscirtes	Blenniidae	Blenniidae	Smooth Sabretooth Blenny	0	4	False	False	False	ineligible	below_required_observation_threshold	1	0
109603	Plagiotremus azaleus	Plagiotremus	Blenniidae	Blenniidae	Sabertooth Blenny	0	48	False	False	False	ineligible	below_required_observation_threshold	17	0
121735	Plagiotremus ewaensis	Plagiotremus	Blenniidae	Blenniidae	Ewa Fangblenny	0	2	False	False	False	ineligible	below_required_observation_threshold	1	0
363471	Plagiotremus goslinei	Plagiotremus	Blenniidae	Blenniidae	Gosline's Fangblenny	0	18	False	False	False	ineligible	below_required_observation_threshold	6	0
196711	Plagiotremus laudandus	Plagiotremus	Blenniidae	Blenniidae	Bicolor Fangblenny	0	51	False	False	False	ineligible	below_required_observation_threshold	18	0
446389	Plagiotremus phenax	Plagiotremus	Blenniidae	Blenniidae	Imposter fangblenny	0	2	False	False	False	ineligible	below_required_observation_threshold	1	0
196710	Plagiotremus rhinorhynchos	Plagiotremus	Blenniidae	Blenniidae	Bluestriped Fangblenny	0	130	False	False	False	ineligible	below_required_observation_threshold	45	0
196712	Plagiotremus tapeinosoma	Plagiotremus	Blenniidae	Blenniidae	Piano Fangblenny	0	164	False	False	False	ineligible	below_required_observation_threshold	57	0
446391	Plagiotremus townsendi	Plagiotremus	Blenniidae	Blenniidae	Townsend's Fangblenny	0	10	False	False	False	ineligible	below_required_observation_threshold	3	0
446407	Praealticus bilineatus	Praealticus	Blenniidae	Blenniidae		0	5	False	False	False	ineligible	below_required_observation_threshold	2	0
446412	Praealticus natalis	Praealticus	Blenniidae	Blenniidae	Christmas rockskipper	0	1	False	False	False	ineligible	below_required_observation_threshold	0	0
446413	Praealticus oortii	Praealticus	Blenniidae	Blenniidae		0	1	False	False	False	ineligible	below_required_observation_threshold	0	0
446416	Praealticus striatus	Praealticus	Blenniidae	Blenniidae	Striated rockskipper	0	4	False	False	False	ineligible	below_required_observation_threshold	1	0
446417	Praealticus tanegasimae	Praealticus	Blenniidae	Blenniidae		0	4	False	False	False	ineligible	below_required_observation_threshold	1	0
446418	Praealticus triangulus	Praealticus	Blenniidae	Blenniidae		0	1	False	False	False	ineligible	below_required_observation_threshold	0	0
446445	Rhabdoblennius nitidus	Rhabdoblennius	Blenniidae	Blenniidae	Barred-chin Blenny	0	2	False	False	False	ineligible	below_required_observation_threshold	1	0
446448	Rhabdoblennius snowi	Rhabdoblennius	Blenniidae	Blenniidae		0	1	False	False	False	ineligible	below_required_observation_threshold	0	0
111927	Salaria basilisca	Salaria	Blenniidae	Blenniidae	Basilisk Blenny	0	4	False	False	False	ineligible	below_required_observation_threshold	1	0
118688	Salaria pavo	Salaria	Blenniidae	Blenniidae	Peacock Blenny	0	163	False	False	False	ineligible	below_required_observation_threshold	56	0
446460	Salarias alboguttatus	Salarias	Blenniidae	Blenniidae	Whitespotted Blenny	0	21	False	False	False	ineligible	below_required_observation_threshold	7	0
111930	Salarias ceramensis	Salarias	Blenniidae	Blenniidae	Seram blenny	0	26	False	False	False	ineligible	below_required_observation_threshold	9	0
446462	Salarias fasciatus	Salarias	Blenniidae	Blenniidae	Jewelled Blenny	0	139	False	False	False	ineligible	below_required_observation_threshold	48	0
318935	Salarias guttatus	Salarias	Blenniidae	Blenniidae	Breastspot Blenny	0	33	False	False	False	ineligible	below_required_observation_threshold	11	0
446465	Salarias obscurus	Salarias	Blenniidae	Blenniidae	Obscure Blenny	0	3	False	False	False	ineligible	below_required_observation_threshold	1	0
446466	Salarias patzneri	Salarias	Blenniidae	Blenniidae	Patzner's Blenny	0	2	False	False	False	ineligible	below_required_observation_threshold	1	0
196720	Salarias ramosus	Salarias	Blenniidae	Blenniidae	Starry blenny	0	11	False	False	False	ineligible	below_required_observation_threshold	4	0
343981	Salarias segmentatus	Salarias	Blenniidae	Blenniidae	Segmented blenny	0	9	False	False	False	ineligible	below_required_observation_threshold	3	0
1416287	Salariopsis fluviatilis	Salariopsis	Blenniidae	Blenniidae	Freshwater Blenny	0	39	False	False	False	ineligible	below_required_observation_threshold	13	0
347724	Scartella caboverdiana	Scartella	Blenniidae	Blenniidae	Cape Verde Blenny	0	3	False	False	False	ineligible	below_required_observation_threshold	1	0
120708	Scartella cristata	Scartella	Blenniidae	Blenniidae	Molly Miller	0	180	False	False	False	ineligible	below_required_observation_threshold	62	0
446469	Scartella emarginata	Scartella	Blenniidae	Blenniidae	Maned Blenny	0	1	False	False	False	ineligible	below_required_observation_threshold	0	0
446470	Scartella itajobi	Scartella	Blenniidae	Blenniidae	Itajobi Blenny	0	8	False	False	False	ineligible	below_required_observation_threshold	3	0
112127	Scartichthys gigas	Scartichthys	Blenniidae	Blenniidae	Giant Blenny	0	8	False	False	False	ineligible	below_required_observation_threshold	3	0
112128	Scartichthys variolatus	Scartichthys	Blenniidae	Blenniidae	Juan Fernández Giant Blenny	0	4	False	False	False	ineligible	below_required_observation_threshold	1	0
112129	Scartichthys viridis	Scartichthys	Blenniidae	Blenniidae	Giant Green Blenny	0	9	False	False	False	ineligible	below_required_observation_threshold	3	0
446597	Xiphasia setifer	Xiphasia	Blenniidae	Blenniidae	Snake Blenny	0	4	False	False	False	ineligible	below_required_observation_threshold	1	0
123690	Caranx melampygus	Caranx	Carangidae	Carangidae	Bluefin Trevally	0	564	True	True	True	common_target_pretraining	requested_target_meets_licensed_abundance_threshold	195	100
82330	Caranx ruber	Caranx	Carangidae	Carangidae	Bar Jack	0	476	True	False	True	broad_pretraining	global_licensed_abundance	165	100
47228	Caranx sexfasciatus	Caranx	Carangidae	Carangidae	Bigeye Trevally	0	300	True	False	True	broad_pretraining	global_licensed_abundance	104	100
153280	Caranx ignobilis	Caranx	Carangidae	Carangidae	Giant Trevally	0	135	False	True	False	rare_target_holdout	requested_target_below_abundance_thresholds	47	0
93641	Alectis ciliaris	Alectis	Carangidae	Carangidae	African Pompano	0	25	False	False	False	ineligible	below_required_observation_threshold	9	0
368836	Alepes apercna	Alepes	Carangidae	Carangidae	Smallmouth Scad	0	1	False	False	False	ineligible	below_required_observation_threshold	0	0
84529	Alepes djedaba	Alepes	Carangidae	Carangidae	Shrimp scad	0	1	False	False	False	ineligible	below_required_observation_threshold	0	0
369212	Alepes kleinii	Alepes	Carangidae	Carangidae	Razorbelly Trevally	0	9	False	False	False	ineligible	below_required_observation_threshold	3	0
93643	Alepes vari	Alepes	Carangidae	Carangidae	Herring Scad	0	25	False	False	False	ineligible	below_required_observation_threshold	9	0
1360078	Atropus armatus	Atropus	Carangidae	Carangidae	Longfin Trevally	0	1	False	False	False	ineligible	below_required_observation_threshold	0	0
609905	Atropus atropos	Atropus	Carangidae	Carangidae	Cleftbelly Trevally	0	2	False	False	False	ineligible	below_required_observation_threshold	1	0
1360113	Atropus hedlandensis	Atropus	Carangidae	Carangidae	Port Hedland Trevally	0	3	False	False	False	ineligible	below_required_observation_threshold	1	0
1360074	Atropus mentalis	Atropus	Carangidae	Carangidae	Cale Cale Trevally	0	6	False	False	False	ineligible	below_required_observation_threshold	2	0
173863	Atule mate	Atule	Carangidae	Carangidae	Barred Yellowtail Scad	0	22	False	False	False	ineligible	below_required_observation_threshold	8	0
208576	Campogramma glaycos	Campogramma	Carangidae	Carangidae	Vadigo	0	1	False	False	False	ineligible	below_required_observation_threshold	0	0
1360082	Carangichthys dinema	Carangichthys	Carangidae	Carangidae	Shadow Trevally	0	1	False	False	False	ineligible	below_required_observation_threshold	0	0
1360112	Carangichthys oblongus	Carangichthys	Carangidae	Carangidae	Coach-whip Trevally	0	4	False	False	False	ineligible	below_required_observation_threshold	1	0
1360080	Carangoides ire	Carangoides	Carangidae	Carangidae	Persian Trevally	0	1	False	False	False	ineligible	below_required_observation_threshold	0	0
1316792	Caranx bartholomaei	Caranx	Carangidae	Carangidae	Yellow Jack	0	79	False	False	False	ineligible	below_required_observation_threshold	27	0
96738	Caranx caballus	Caranx	Carangidae	Carangidae	Green Jack	0	169	False	False	False	ineligible	below_required_observation_threshold	58	0
96739	Caranx caninus	Caranx	Carangidae	Carangidae	Pacific Crevalle Jack	0	152	False	False	False	ineligible	below_required_observation_threshold	53	0
96740	Caranx crysos	Caranx	Carangidae	Carangidae	Blue Runner	0	186	False	False	False	ineligible	below_required_observation_threshold	64	0
609909	Caranx fischeri	Caranx	Carangidae	Carangidae	Longfin Crevalle Jack	0	1	False	False	False	ineligible	below_required_observation_threshold	0	0
529700	Caranx heberi	Caranx	Carangidae	Carangidae	Blacktip Trevally	0	10	False	False	False	ineligible	below_required_observation_threshold	3	0
47230	Caranx hippos	Caranx	Carangidae	Carangidae	Atlantic Crevalle Jack	0	113	False	False	False	ineligible	below_required_observation_threshold	39	0
47227	Caranx latus	Caranx	Carangidae	Carangidae	Horse-eye Jack	0	196	False	False	False	ineligible	below_required_observation_threshold	68	0
69775	Caranx lugubris	Caranx	Carangidae	Carangidae	Black Trevally	0	33	False	False	False	ineligible	below_required_observation_threshold	11	0
338255	Caranx papuensis	Caranx	Carangidae	Carangidae	Brassy Trevally	0	34	False	False	False	ineligible	below_required_observation_threshold	12	0
120693	Caranx rhonchus	Caranx	Carangidae	Carangidae	Spotfin Scad	0	4	False	False	False	ineligible	below_required_observation_threshold	1	0
609910	Caranx senegallus	Caranx	Carangidae	Carangidae	Senegal Jack	0	1	False	False	False	ineligible	below_required_observation_threshold	0	0
96741	Caranx vinctus	Caranx	Carangidae	Carangidae	Barred Jack	0	5	False	False	False	ineligible	below_required_observation_threshold	2	0
179633	Chloroscombrus chrysurus	Chloroscombrus	Carangidae	Carangidae	Atlantic Bumper	0	46	False	False	False	ineligible	below_required_observation_threshold	16	0
97634	Chloroscombrus orqueta	Chloroscombrus	Carangidae	Carangidae	Pacific Bumper	0	13	False	False	False	ineligible	below_required_observation_threshold	4	0
1360081	Craterognathus plagiotaenia	Craterognathus	Carangidae	Carangidae	Barcheek Trevally	0	42	False	False	False	ineligible	below_required_observation_threshold	15	0
451275	Decapterus koheru	Decapterus	Carangidae	Carangidae	Koheru	0	30	False	False	False	ineligible	below_required_observation_threshold	10	0
121225	Decapterus macarellus	Decapterus	Carangidae	Carangidae	Mackerel Scad	0	14	False	False	False	ineligible	below_required_observation_threshold	5	0
194881	Decapterus macrosoma	Decapterus	Carangidae	Carangidae	Slender Scad	0	3	False	False	False	ineligible	below_required_observation_threshold	1	0
473385	Decapterus maruadsi	Decapterus	Carangidae	Carangidae	Japanese Scad	0	1	False	False	False	ineligible	below_required_observation_threshold	0	0
121226	Decapterus muroadsi	Decapterus	Carangidae	Carangidae	Temperate Scad	0	1	False	False	False	ineligible	below_required_observation_threshold	0	0
123659	Decapterus punctatus	Decapterus	Carangidae	Carangidae	Cigar Minnow	0	11	False	False	False	ineligible	below_required_observation_threshold	4	0
99146	Decapterus russelli	Decapterus	Carangidae	Carangidae	Indian Scad	0	1	False	False	False	ineligible	below_required_observation_threshold	0	0
122033	Elagatis bipinnulata	Elagatis	Carangidae	Carangidae	Rainbow Runner	0	86	False	False	False	ineligible	below_required_observation_threshold	30	0
1360076	Euprepocaranx dorsalis	Euprepocaranx	Carangidae	Carangidae	Threadfin Jack	0	4	False	False	False	ineligible	below_required_observation_threshold	1	0
1360116	Ferdauia ferdau	Ferdauia	Carangidae	Carangidae	Barred Trevally	0	38	False	False	False	ineligible	below_required_observation_threshold	13	0
1360075	Ferdauia orthogrammus	Ferdauia	Carangidae	Carangidae	Island Jack	0	16	False	False	False	ineligible	below_required_observation_threshold	6	0
1360061	Flavocaranx bajad	Flavocaranx	Carangidae	Carangidae	Orange-spotted Trevally	0	155	False	False	False	ineligible	below_required_observation_threshold	54	0
194896	Gnathanodon speciosus	Gnathanodon	Carangidae	Carangidae	Golden Trevally	0	135	False	False	False	ineligible	below_required_observation_threshold	47	0
179568	Hemicaranx amblyrhynchus	Hemicaranx	Carangidae	Carangidae	Bluntnose Jack	0	2	False	False	False	ineligible	below_required_observation_threshold	1	0
102475	Hemicaranx leucurus	Hemicaranx	Carangidae	Carangidae	Yellowfin Jack	0	1	False	False	False	ineligible	below_required_observation_threshold	0	0
333751	Megalaspis cordyla	Megalaspis	Carangidae	Carangidae	Torpedo Scad	0	14	False	False	False	ineligible	below_required_observation_threshold	5	0
118710	Naucrates ductor	Naucrates	Carangidae	Carangidae	Pilotfish	0	15	False	False	False	ineligible	below_required_observation_threshold	5	0
529702	Pantolabus radiatus	Pantolabus	Carangidae	Carangidae	Fringefin Trevally	0	1	False	False	False	ineligible	below_required_observation_threshold	0	0
529703	Parastromateus niger	Parastromateus	Carangidae	Carangidae	Black Pomfret	0	13	False	False	False	ineligible	below_required_observation_threshold	4	0
1360117	Platycaranx chrysophrys	Platycaranx	Carangidae	Carangidae	Longnose Trevally	0	4	False	False	False	ineligible	below_required_observation_threshold	1	0
1360058	Platycaranx malabaricus	Platycaranx	Carangidae	Carangidae	White-spot Trevally	0	2	False	False	False	ineligible	below_required_observation_threshold	1	0
204776	Pseudocaranx dentex	Pseudocaranx	Carangidae	Carangidae	Silver Trevally	0	107	False	False	False	ineligible	below_required_observation_threshold	37	0
512028	Pseudocaranx georgianus	Pseudocaranx	Carangidae	Carangidae	Silver Trevally	0	134	False	False	False	ineligible	below_required_observation_threshold	46	0
56941	Pseudocaranx wrighti	Pseudocaranx	Carangidae	Carangidae	Skipjack trevally	0	1	False	False	False	ineligible	below_required_observation_threshold	0	0
1360105	Scyris alexandrina	Scyris	Carangidae	Carangidae	Alexandria Pompano	0	1	False	False	False	ineligible	below_required_observation_threshold	0	0
1360118	Scyris indica	Scyris	Carangidae	Carangidae	Diamond Trevally	0	4	False	False	False	ineligible	below_required_observation_threshold	1	0
424880	Selar boops	Selar	Carangidae	Carangidae	Oxeye Scad	0	12	False	False	False	ineligible	below_required_observation_threshold	4	0
47229	Selar crumenophthalmus	Selar	Carangidae	Carangidae	Bigeye Scad	0	64	False	False	False	ineligible	below_required_observation_threshold	22	0
182585	Selaroides leptolepis	Selaroides	Carangidae	Carangidae	Yellowstripe Scad	0	4	False	False	False	ineligible	below_required_observation_threshold	1	0
317376	Selene brownii	Selene	Carangidae	Carangidae	Brown's Caribbean Moonfish	0	1	False	False	False	ineligible	below_required_observation_threshold	0	0
566454	Selene dorsalis	Selene	Carangidae	Carangidae	African Moonfish	0	1	False	False	False	ineligible	below_required_observation_threshold	0	0
112437	Selene peruviana	Selene	Carangidae	Carangidae	Peruvian Moonfish	0	7	False	False	False	ineligible	below_required_observation_threshold	2	0
49598	Selene setapinnis	Selene	Carangidae	Carangidae	Atlantic Moonfish	0	29	False	False	False	ineligible	below_required_observation_threshold	10	0
179469	Selene vomer	Selene	Carangidae	Carangidae	Lookdown	0	44	False	False	False	ineligible	below_required_observation_threshold	15	0
1316790	Seriola dorsalis	Seriola	Carangidae	Carangidae	California Yellowtail	0	8	False	False	False	ineligible	below_required_observation_threshold	3	0
51549	Seriola dumerili	Seriola	Carangidae	Carangidae	Greater Amberjack	0	92	False	False	False	ineligible	below_required_observation_threshold	32	0
120689	Seriola fasciata	Seriola	Carangidae	Carangidae	Lesser Amberjack	0	2	False	False	False	ineligible	below_required_observation_threshold	1	0
488322	Seriola hippos	Seriola	Carangidae	Carangidae	Samsonfish	0	5	False	False	False	ineligible	below_required_observation_threshold	2	0
51550	Seriola lalandi	Seriola	Carangidae	Carangidae	Yellowtail Kingfish	0	58	False	False	False	ineligible	below_required_observation_threshold	20	0
51553	Seriola rivoliana	Seriola	Carangidae	Carangidae	Almaco Jack	0	56	False	False	False	ineligible	below_required_observation_threshold	19	0
133676	Seriola zonata	Seriola	Carangidae	Carangidae	Banded Rudderfish	0	3	False	False	False	ineligible	below_required_observation_threshold	1	0
333752	Seriolina nigrofasciata	Seriolina	Carangidae	Carangidae	Blackbanded Amberjack	0	2	False	False	False	ineligible	below_required_observation_threshold	1	0
529709	Trachurus declivis	Trachurus	Carangidae	Carangidae	Common Jack Mackerel	0	2	False	False	False	ineligible	below_required_observation_threshold	1	0
194666	Trachurus japonicus	Trachurus	Carangidae	Carangidae	Japanese Horse Mackerel	0	20	False	False	False	ineligible	below_required_observation_threshold	7	0
179447	Trachurus lathami	Trachurus	Carangidae	Carangidae	Rough Scad	0	4	False	False	False	ineligible	below_required_observation_threshold	1	0
118694	Trachurus mediterraneus	Trachurus	Carangidae	Carangidae	Mediterranean Horse Mackerel	0	6	False	False	False	ineligible	below_required_observation_threshold	2	0
451739	Trachurus novaezelandiae	Trachurus	Carangidae	Carangidae	Yellowtail Scad	0	109	False	False	False	ineligible	below_required_observation_threshold	38	0
120676	Trachurus picturatus	Trachurus	Carangidae	Carangidae	Blue Jack Mackerel	0	1	False	False	False	ineligible	below_required_observation_threshold	0	0
1315357	Trachurus ponticus	Trachurus	Carangidae	Carangidae		0	4	False	False	False	ineligible	below_required_observation_threshold	1	0
114274	Trachurus symmetricus	Trachurus	Carangidae	Carangidae	Pacific Jack Mackerel	0	13	False	False	False	ineligible	below_required_observation_threshold	4	0
118695	Trachurus trachurus	Trachurus	Carangidae	Carangidae	Atlantic Horse Mackerel	0	34	False	False	False	ineligible	below_required_observation_threshold	12	0
1360060	Turrum coeruleopinnatum	Turrum	Carangidae	Carangidae	Coastal Trevally	0	7	False	False	False	ineligible	below_required_observation_threshold	2	0
1360115	Turrum fulvoguttatum	Turrum	Carangidae	Carangidae	Yellow Spotted Trevally	0	38	False	False	False	ineligible	below_required_observation_threshold	13	0
1360114	Turrum gymnostethus	Turrum	Carangidae	Carangidae	bludger	0	2	False	False	False	ineligible	below_required_observation_threshold	1	0
53479	Uraspis helvola	Uraspis	Carangidae	Carangidae	Whitetongue Jack	0	3	False	False	False	ineligible	below_required_observation_threshold	1	0
67964	Carcharhinus melanopterus	Carcharhinus	Carcharhinidae	Carcharhinidae	Blacktip Reef Shark	0	380	True	True	True	common_target_pretraining	requested_target_meets_licensed_abundance_threshold	131	100
52314	Triaenodon obesus	Triaenodon	Carcharhinidae	Carcharhinidae	Whitetip Reef Shark	0	746	True	True	True	common_target_pretraining	requested_target_meets_licensed_abundance_threshold	258	200
96745	Carcharhinus acronotus	Carcharhinus	Carcharhinidae	Carcharhinidae	Blacknose Shark	0	10	False	False	False	ineligible	below_required_observation_threshold	3	0
52315	Carcharhinus albimarginatus	Carcharhinus	Carcharhinidae	Carcharhinidae	Silvertip Shark	0	29	False	False	False	ineligible	below_required_observation_threshold	10	0
96747	Carcharhinus amblyrhynchoides	Carcharhinus	Carcharhinidae	Carcharhinidae	Graceful Shark	0	1	False	False	False	ineligible	below_required_observation_threshold	0	0
67970	Carcharhinus amblyrhynchos	Carcharhinus	Carcharhinidae	Carcharhinidae	Grey Reef Shark	0	100	False	False	False	ineligible	below_required_observation_threshold	35	0
96748	Carcharhinus amboinensis	Carcharhinus	Carcharhinidae	Carcharhinidae	Pigeye Shark	0	1	False	False	False	ineligible	below_required_observation_threshold	0	0
96750	Carcharhinus brachyurus	Carcharhinus	Carcharhinidae	Carcharhinidae	Bronze Whaler	0	30	False	False	False	ineligible	below_required_observation_threshold	10	0
96751	Carcharhinus brevipinna	Carcharhinus	Carcharhinidae	Carcharhinidae	Spinner Shark	0	11	False	False	False	ineligible	below_required_observation_threshold	4	0
96752	Carcharhinus cautus	Carcharhinus	Carcharhinidae	Carcharhinidae	Nervous Shark	0	1	False	False	False	ineligible	below_required_observation_threshold	0	0
96753	Carcharhinus dussumieri	Carcharhinus	Carcharhinidae	Carcharhinidae	Whitecheek Shark	0	1	False	False	False	ineligible	below_required_observation_threshold	0	0
96754	Carcharhinus falciformis	Carcharhinus	Carcharhinidae	Carcharhinidae	Silky Shark	0	13	False	False	False	ineligible	below_required_observation_threshold	4	0
96756	Carcharhinus galapagensis	Carcharhinus	Carcharhinidae	Carcharhinidae	Galápagos Shark	0	51	False	False	False	ineligible	below_required_observation_threshold	18	0
96758	Carcharhinus isodon	Carcharhinus	Carcharhinidae	Carcharhinidae	Finetooth Shark	0	6	False	False	False	ineligible	below_required_observation_threshold	2	0
84996	Carcharhinus leucas	Carcharhinus	Carcharhinidae	Carcharhinidae	Bull Shark	0	99	False	False	False	ineligible	below_required_observation_threshold	34	0
55529	Carcharhinus limbatus	Carcharhinus	Carcharhinidae	Carcharhinidae	Common Blacktip Shark	0	160	False	False	False	ineligible	below_required_observation_threshold	55	0
96760	Carcharhinus longimanus	Carcharhinus	Carcharhinidae	Carcharhinidae	Oceanic Whitetip Shark	0	13	False	False	False	ineligible	below_required_observation_threshold	4	0
96761	Carcharhinus macloti	Carcharhinus	Carcharhinidae	Carcharhinidae	Hardnose Shark	0	2	False	False	False	ineligible	below_required_observation_threshold	1	0
96762	Carcharhinus obscurus	Carcharhinus	Carcharhinidae	Carcharhinidae	Dusky Shark	0	10	False	False	False	ineligible	below_required_observation_threshold	3	0
188767	Carcharhinus perezii	Carcharhinus	Carcharhinidae	Carcharhinidae	Caribbean Reef Shark	0	135	False	False	False	ineligible	below_required_observation_threshold	47	0
53583	Carcharhinus plumbeus	Carcharhinus	Carcharhinidae	Carcharhinidae	Sandbar Shark	0	33	False	False	False	ineligible	below_required_observation_threshold	11	0
96764	Carcharhinus porosus	Carcharhinus	Carcharhinidae	Carcharhinidae	Smalltail Shark	0	1	False	False	False	ineligible	below_required_observation_threshold	0	0
96765	Carcharhinus sealei	Carcharhinus	Carcharhinidae	Carcharhinidae	Blackspot Shark	0	1	False	False	False	ineligible	below_required_observation_threshold	0	0
96767	Carcharhinus sorrah	Carcharhinus	Carcharhinidae	Carcharhinidae	Spot-tail Shark	0	3	False	False	False	ineligible	below_required_observation_threshold	1	0
55530	Carcharhinus tilstoni	Carcharhinus	Carcharhinidae	Carcharhinidae	Australian Blacktip Shark	0	2	False	False	False	ineligible	below_required_observation_threshold	1	0
101510	Glyphis glyphis	Glyphis	Carcharhinidae	Carcharhinidae	Speartooth Shark	0	2	False	False	False	ineligible	below_required_observation_threshold	1	0
607431	Lamiopsis tephrodes	Lamiopsis	Carcharhinidae	Carcharhinidae	Borneo Broadfin Shark	0	1	False	False	False	ineligible	below_required_observation_threshold	0	0
104819	Loxodon macrorhinus	Loxodon	Carcharhinidae	Carcharhinidae	Sliteye Shark	0	1	False	False	False	ineligible	below_required_observation_threshold	0	0
106649	Negaprion acutidens	Negaprion	Carcharhinidae	Carcharhinidae	Sicklefin Lemon Shark	0	30	False	False	False	ineligible	below_required_observation_threshold	10	0
106650	Negaprion brevirostris	Negaprion	Carcharhinidae	Carcharhinidae	Lemon Shark	0	59	False	False	False	ineligible	below_required_observation_threshold	20	0
110361	Prionace glauca	Prionace	Carcharhinidae	Carcharhinidae	Blue Shark	0	92	False	False	False	ineligible	below_required_observation_threshold	32	0
111746	Rhizoprionodon acutus	Rhizoprionodon	Carcharhinidae	Carcharhinidae	Milk Shark	0	2	False	False	False	ineligible	below_required_observation_threshold	1	0
111747	Rhizoprionodon lalandii	Rhizoprionodon	Carcharhinidae	Carcharhinidae	Brazilian Sharpnose Shark	0	2	False	False	False	ineligible	below_required_observation_threshold	1	0
111748	Rhizoprionodon longurio	Rhizoprionodon	Carcharhinidae	Carcharhinidae	Pacific Sharpnose Shark	0	4	False	False	False	ineligible	below_required_observation_threshold	1	0
111749	Rhizoprionodon oligolinx	Rhizoprionodon	Carcharhinidae	Carcharhinidae	Grey Sharpnose Shark	0	1	False	False	False	ineligible	below_required_observation_threshold	0	0
111752	Rhizoprionodon terraenovae	Rhizoprionodon	Carcharhinidae	Carcharhinidae	Atlantic Sharpnose Shark	0	54	False	False	False	ineligible	below_required_observation_threshold	19	0
112329	Scoliodon laticaudus	Scoliodon	Carcharhinidae	Carcharhinidae	Spadenose Shark	0	12	False	False	False	ineligible	below_required_observation_threshold	4	0
607432	Scoliodon macrorhynchos	Scoliodon	Carcharhinidae	Carcharhinidae	Pacific Spadenose Shark	0	2	False	False	False	ineligible	below_required_observation_threshold	1	0
97146	Chaetodon baronessa	Chaetodon	Chaetodontidae	Chaetodontidae	Eastern Triangle Butterflyfish	0	282	True	True	True	common_target_pretraining	requested_target_meets_licensed_abundance_threshold	98	100
97167	Chaetodon kleinii	Chaetodon	Chaetodontidae	Chaetodontidae	Blacklip Butterflyfish	0	407	True	True	True	common_target_pretraining	requested_target_meets_licensed_abundance_threshold	141	100
52457	Chaetodon auriga	Chaetodon	Chaetodontidae	Chaetodontidae	Threadfin Butterflyfish	0	897	True	False	True	broad_pretraining	global_licensed_abundance	310	200
100990	Forcipiger flavissimus	Forcipiger	Chaetodontidae	Chaetodontidae	Forceps Butterflyfish	0	328	True	False	True	broad_pretraining	global_licensed_abundance	113	100
85124	Johnrandallia nigrirostris	Johnrandallia	Chaetodontidae	Chaetodontidae	Black-nosed Butterflyfish	0	380	True	False	True	broad_pretraining	global_licensed_abundance	131	100
52956	Chaetodon capistratus	Chaetodon	Chaetodontidae	Chaetodontidae	Four-eyed Butterflyfish	0	593	True	False	True	novel_evaluation	held_out_for_unseen_species_evaluation	205	100
97139	Chaetodon adiergastos	Chaetodon	Chaetodontidae	Chaetodontidae	Panda Butterflyfish	0	74	False	True	False	rare_target_holdout	requested_target_below_abundance_thresholds	26	0
97193	Chaetodon rafflesii	Chaetodon	Chaetodontidae	Chaetodontidae	Lattice Butterflyfish	0	226	False	True	False	rare_target_holdout	requested_target_below_abundance_thresholds	78	0
102631	Heniochus acuminatus	Heniochus	Chaetodontidae	Chaetodontidae	Longfin Bannerfish	0	195	False	True	False	rare_target_holdout	requested_target_below_abundance_thresholds	67	0
102638	Heniochus varius	Heniochus	Chaetodontidae	Chaetodontidae	Humphead Bannerfish	0	223	False	True	False	rare_target_holdout	requested_target_below_abundance_thresholds	77	0
97150	Chaetodon citrinellus	Chaetodon	Chaetodontidae	Chaetodontidae	Speckled Butterflyfish	0	302	True	False	False	eligible_not_selected	genus_quota_reached	104	0
97157	Chaetodon ephippium	Chaetodon	Chaetodontidae	Chaetodontidae	Saddle Butterflyfish	0	280	True	False	False	eligible_not_selected	genus_quota_reached	97	0
55534	Chaetodon humeralis	Chaetodon	Chaetodontidae	Chaetodontidae	Three-banded Butterflyfish	0	361	True	False	False	eligible_not_selected	genus_quota_reached	125	0
47316	Chaetodon lunula	Chaetodon	Chaetodontidae	Chaetodontidae	Raccoon Butterflyfish	0	564	True	False	False	eligible_not_selected	genus_quota_reached	195	0
48743	Chaetodon lunulatus	Chaetodon	Chaetodontidae	Chaetodontidae	Redfin Butterflyfish	0	578	True	False	False	eligible_not_selected	genus_quota_reached	200	0
97174	Chaetodon melannotus	Chaetodon	Chaetodontidae	Chaetodontidae	Blackback Butterflyfish	0	306	True	False	False	eligible_not_selected	genus_quota_reached	106	0
49273	Chaetodon ocellatus	Chaetodon	Chaetodontidae	Chaetodontidae	Spotfin Butterflyfish	0	263	True	False	False	eligible_not_selected	genus_quota_reached	91	0
52454	Chaetodon ornatissimus	Chaetodon	Chaetodontidae	Chaetodontidae	Ornate Butterflyfish	0	352	True	False	False	eligible_not_selected	genus_quota_reached	122	0
97202	Chaetodon striatus	Chaetodon	Chaetodontidae	Chaetodontidae	Banded Butterflyfish	0	376	True	False	False	eligible_not_selected	genus_quota_reached	130	0
97207	Chaetodon trifascialis	Chaetodon	Chaetodontidae	Chaetodontidae	Chevron Butterflyfish	0	410	True	False	False	eligible_not_selected	genus_quota_reached	142	0
97208	Chaetodon ulietensis	Chaetodon	Chaetodontidae	Chaetodontidae	Pacific Double-saddle Butterflyfish	0	270	True	False	False	eligible_not_selected	genus_quota_reached	93	0
48747	Chaetodon vagabundus	Chaetodon	Chaetodontidae	Chaetodontidae	Vagabond Butterflyfish	0	528	True	False	False	eligible_not_selected	genus_quota_reached	183	0
93901	Amphichaetodon howensis	Amphichaetodon	Chaetodontidae	Chaetodontidae	Lord Howe butterflyfish	0	6	False	False	False	ineligible	below_required_observation_threshold	2	0
97140	Chaetodon andamanensis	Chaetodon	Chaetodontidae	Chaetodontidae	Andaman Butterflyfish	0	28	False	False	False	ineligible	below_required_observation_threshold	10	0
97141	Chaetodon argentatus	Chaetodon	Chaetodontidae	Chaetodontidae	Asian Butterflyfish	0	5	False	False	False	ineligible	below_required_observation_threshold	2	0
97142	Chaetodon assarius	Chaetodon	Chaetodontidae	Chaetodontidae	Western Butterflyfish	0	3	False	False	False	ineligible	below_required_observation_threshold	1	0
97143	Chaetodon aureofasciatus	Chaetodon	Chaetodontidae	Chaetodontidae	Goldstripe Butterflyfish	0	80	False	False	False	ineligible	below_required_observation_threshold	28	0
97144	Chaetodon auripes	Chaetodon	Chaetodontidae	Chaetodontidae	Oriental Butterflyfish	0	19	False	False	False	ineligible	below_required_observation_threshold	7	0
97145	Chaetodon austriacus	Chaetodon	Chaetodontidae	Chaetodontidae	Exquisite Butterflyfish	0	141	False	False	False	ineligible	below_required_observation_threshold	49	0
97147	Chaetodon bennetti	Chaetodon	Chaetodontidae	Chaetodontidae	Eclipse Butterflyfish	0	146	False	False	False	ineligible	below_required_observation_threshold	51	0
97148	Chaetodon blackburnii	Chaetodon	Chaetodontidae	Chaetodontidae	Chocolate Butterflyfish	0	26	False	False	False	ineligible	below_required_observation_threshold	9	0
97151	Chaetodon collare	Chaetodon	Chaetodontidae	Chaetodontidae	Red-tailed Butterflyfish	0	79	False	False	False	ineligible	below_required_observation_threshold	27	0
97154	Chaetodon decussatus	Chaetodon	Chaetodontidae	Chaetodontidae	Indian Vagabond Butterflyfish	0	70	False	False	False	ineligible	below_required_observation_threshold	24	0
97156	Chaetodon dolosus	Chaetodon	Chaetodontidae	Chaetodontidae	African Butterflyfish	0	16	False	False	False	ineligible	below_required_observation_threshold	6	0
97158	Chaetodon falcula	Chaetodon	Chaetodontidae	Chaetodontidae	Saddleback Butterflyfish	0	46	False	False	False	ineligible	below_required_observation_threshold	16	0
97159	Chaetodon fasciatus	Chaetodon	Chaetodontidae	Chaetodontidae	Red Sea Raccoon Butterflyfish	0	173	False	False	False	ineligible	below_required_observation_threshold	60	0
97160	Chaetodon flavirostris	Chaetodon	Chaetodontidae	Chaetodontidae	Dusky Butterflyfish	0	112	False	False	False	ineligible	below_required_observation_threshold	39	0
97162	Chaetodon fremblii	Chaetodon	Chaetodontidae	Chaetodontidae	Bluestripe Butterflyfish	0	24	False	False	False	ineligible	below_required_observation_threshold	8	0
97163	Chaetodon gardineri	Chaetodon	Chaetodontidae	Chaetodontidae	Gardiner's Butterflyfish	0	5	False	False	False	ineligible	below_required_observation_threshold	2	0
97164	Chaetodon guentheri	Chaetodon	Chaetodontidae	Chaetodontidae	Gunther's Butterflyfish	0	9	False	False	False	ineligible	below_required_observation_threshold	3	0
97165	Chaetodon guttatissimus	Chaetodon	Chaetodontidae	Chaetodontidae	Spotted Butterflyfish	0	70	False	False	False	ineligible	below_required_observation_threshold	24	0
59691	Chaetodon hoefleri	Chaetodon	Chaetodontidae	Chaetodontidae	Four-banded butterflyfish	0	1	False	False	False	ineligible	below_required_observation_threshold	0	0
97166	Chaetodon interruptus	Chaetodon	Chaetodontidae	Chaetodontidae	Indian Teardrop Butterflyfish	0	46	False	False	False	ineligible	below_required_observation_threshold	16	0
97168	Chaetodon larvatus	Chaetodon	Chaetodontidae	Chaetodontidae	Orangeface Butterflyfish	0	19	False	False	False	ineligible	below_required_observation_threshold	7	0
97169	Chaetodon leucopleura	Chaetodon	Chaetodontidae	Chaetodontidae	Somali Butterflyfish	0	7	False	False	False	ineligible	below_required_observation_threshold	2	0
97170	Chaetodon lineolatus	Chaetodon	Chaetodontidae	Chaetodontidae	Lined Butterflyfish	0	181	False	False	False	ineligible	below_required_observation_threshold	63	0
97171	Chaetodon litus	Chaetodon	Chaetodontidae	Chaetodontidae	Easter Island Butterflyfish	0	6	False	False	False	ineligible	below_required_observation_threshold	2	0
97172	Chaetodon madagaskariensis	Chaetodon	Chaetodontidae	Chaetodontidae	Seychelles Butterflyfish	0	35	False	False	False	ineligible	below_required_observation_threshold	12	0
97173	Chaetodon marleyi	Chaetodon	Chaetodontidae	Chaetodontidae	Marley's Butterflyfish	0	49	False	False	False	ineligible	below_required_observation_threshold	17	0
97175	Chaetodon melapterus	Chaetodon	Chaetodontidae	Chaetodontidae	Arabian Butterflyfish	0	7	False	False	False	ineligible	below_required_observation_threshold	2	0
97176	Chaetodon mertensii	Chaetodon	Chaetodontidae	Chaetodontidae	Mertens' Butterflyfish	0	65	False	False	False	ineligible	below_required_observation_threshold	22	0
97177	Chaetodon mesoleucos	Chaetodon	Chaetodontidae	Chaetodontidae	Whiteface Butterflyfish	0	6	False	False	False	ineligible	below_required_observation_threshold	2	0
97178	Chaetodon meyeri	Chaetodon	Chaetodontidae	Chaetodontidae	Meyer's Butterflyfish	0	117	False	False	False	ineligible	below_required_observation_threshold	40	0
97179	Chaetodon miliaris	Chaetodon	Chaetodontidae	Chaetodontidae	Milletseed Butterflyfish	0	54	False	False	False	ineligible	below_required_observation_threshold	19	0
97180	Chaetodon mitratus	Chaetodon	Chaetodontidae	Chaetodontidae	Indian Butterflyfish	0	1	False	False	False	ineligible	below_required_observation_threshold	0	0
97181	Chaetodon multicinctus	Chaetodon	Chaetodontidae	Chaetodontidae	Pebbled Butterflyfish	0	47	False	False	False	ineligible	below_required_observation_threshold	16	0
97182	Chaetodon nigropunctatus	Chaetodon	Chaetodontidae	Chaetodontidae	Black-spotted butterflyfish	0	14	False	False	False	ineligible	below_required_observation_threshold	5	0
97183	Chaetodon nippon	Chaetodon	Chaetodontidae	Chaetodontidae	Japanese Butterflyfish	0	2	False	False	False	ineligible	below_required_observation_threshold	1	0
97184	Chaetodon ocellicaudus	Chaetodon	Chaetodontidae	Chaetodontidae	Spot-tail Butterflyfish	0	48	False	False	False	ineligible	below_required_observation_threshold	17	0
97185	Chaetodon octofasciatus	Chaetodon	Chaetodontidae	Chaetodontidae	Eightband Butterflyfish	0	178	False	False	False	ineligible	below_required_observation_threshold	62	0
97186	Chaetodon oxycephalus	Chaetodon	Chaetodontidae	Chaetodontidae	Spotnape Butterflyfish	0	31	False	False	False	ineligible	below_required_observation_threshold	11	0
97187	Chaetodon paucifasciatus	Chaetodon	Chaetodontidae	Chaetodontidae	Crown Butterflyfish	0	96	False	False	False	ineligible	below_required_observation_threshold	33	0
97188	Chaetodon pelewensis	Chaetodon	Chaetodontidae	Chaetodontidae	Dot-and-dash Butterflyfish	0	98	False	False	False	ineligible	below_required_observation_threshold	34	0
97189	Chaetodon pictus	Chaetodon	Chaetodontidae	Chaetodontidae	Painted Butterflyfish	0	4	False	False	False	ineligible	below_required_observation_threshold	1	0
97190	Chaetodon plebeius	Chaetodon	Chaetodontidae	Chaetodontidae	Bluespot Butterflyfish	0	188	False	False	False	ineligible	below_required_observation_threshold	65	0
97191	Chaetodon punctatofasciatus	Chaetodon	Chaetodontidae	Chaetodontidae	Spotbanded Butterflyfish	0	48	False	False	False	ineligible	below_required_observation_threshold	17	0
97192	Chaetodon quadrimaculatus	Chaetodon	Chaetodontidae	Chaetodontidae	Fourspot Butterflyfish	0	176	False	False	False	ineligible	below_required_observation_threshold	61	0
59688	Chaetodon rainfordi	Chaetodon	Chaetodontidae	Chaetodontidae	Rainford's Butterflyfish	0	47	False	False	False	ineligible	below_required_observation_threshold	16	0
97194	Chaetodon reticulatus	Chaetodon	Chaetodontidae	Chaetodontidae	Reticulate Butterflyfish	0	88	False	False	False	ineligible	below_required_observation_threshold	30	0
97195	Chaetodon robustus	Chaetodon	Chaetodontidae	Chaetodontidae	Three-banded Butterflyfish	0	13	False	False	False	ineligible	below_required_observation_threshold	4	0
63411	Chaetodon sedentarius	Chaetodon	Chaetodontidae	Chaetodontidae	Reef Butterflyfish	0	20	False	False	False	ineligible	below_required_observation_threshold	7	0
97197	Chaetodon selene	Chaetodon	Chaetodontidae	Chaetodontidae	Yellow-dotted Butterflyfish	0	3	False	False	False	ineligible	below_required_observation_threshold	1	0
97198	Chaetodon semeion	Chaetodon	Chaetodontidae	Chaetodontidae	Dotted Butterflyfish	0	45	False	False	False	ineligible	below_required_observation_threshold	16	0
97199	Chaetodon semilarvatus	Chaetodon	Chaetodontidae	Chaetodontidae	Masked Butterflyfish	0	105	False	False	False	ineligible	below_required_observation_threshold	36	0
97201	Chaetodon speculum	Chaetodon	Chaetodontidae	Chaetodontidae	Mirror Butterflyfish	0	138	False	False	False	ineligible	below_required_observation_threshold	48	0
97203	Chaetodon tinkeri	Chaetodon	Chaetodontidae	Chaetodontidae	Tinker's Butterflyfish	0	6	False	False	False	ineligible	below_required_observation_threshold	2	0
97204	Chaetodon triangulum	Chaetodon	Chaetodontidae	Chaetodontidae	Triangular Butterflyfish	0	45	False	False	False	ineligible	below_required_observation_threshold	16	0
97205	Chaetodon trichrous	Chaetodon	Chaetodontidae	Chaetodontidae	Tahitian butterflyfish	0	2	False	False	False	ineligible	below_required_observation_threshold	1	0
97206	Chaetodon tricinctus	Chaetodon	Chaetodontidae	Chaetodontidae	Threeband Butterflyfish	0	65	False	False	False	ineligible	below_required_observation_threshold	22	0
48744	Chaetodon trifasciatus	Chaetodon	Chaetodontidae	Chaetodontidae	Indian Redfin Butterflyfish	0	171	False	False	False	ineligible	below_required_observation_threshold	59	0
97209	Chaetodon unimaculatus	Chaetodon	Chaetodontidae	Chaetodontidae	Teardrop Butterflyfish	0	188	False	False	False	ineligible	below_required_observation_threshold	65	0
97210	Chaetodon wiebeli	Chaetodon	Chaetodontidae	Chaetodontidae	Hong Kong Butterflyfish	0	63	False	False	False	ineligible	below_required_observation_threshold	22	0
97211	Chaetodon xanthocephalus	Chaetodon	Chaetodontidae	Chaetodontidae	Yellowhead Butterflyfish	0	60	False	False	False	ineligible	below_required_observation_threshold	21	0
97212	Chaetodon xanthurus	Chaetodon	Chaetodontidae	Chaetodontidae	Crosshatch Butterflyfish	0	18	False	False	False	ineligible	below_required_observation_threshold	6	0
97213	Chaetodon zanzibarensis	Chaetodon	Chaetodontidae	Chaetodontidae	Zanzibar Butterflyfish	0	8	False	False	False	ineligible	below_required_observation_threshold	3	0
97338	Chelmon marginalis	Chelmon	Chaetodontidae	Chaetodontidae	Margined Coralfish	0	9	False	False	False	ineligible	below_required_observation_threshold	3	0
97340	Chelmon rostratus	Chelmon	Chaetodontidae	Chaetodontidae	Copperband Butterflyfish	0	133	False	False	False	ineligible	below_required_observation_threshold	46	0
97341	Chelmonops curiosus	Chelmonops	Chaetodontidae	Chaetodontidae	Western Talma	0	73	False	False	False	ineligible	below_required_observation_threshold	25	0
97342	Chelmonops truncatus	Chelmonops	Chaetodontidae	Chaetodontidae	Eastern Talma	0	8	False	False	False	ineligible	below_required_observation_threshold	3	0
98390	Coradion altivelis	Coradion	Chaetodontidae	Chaetodontidae	Highfin Coralfish	0	8	False	False	False	ineligible	below_required_observation_threshold	3	0
98391	Coradion chrysozonus	Coradion	Chaetodontidae	Chaetodontidae	Orangebanded Coralfish	0	71	False	False	False	ineligible	below_required_observation_threshold	25	0
98392	Coradion melanopus	Coradion	Chaetodontidae	Chaetodontidae	Two-eyed Coralfish	0	23	False	False	False	ineligible	below_required_observation_threshold	8	0
100991	Forcipiger longirostris	Forcipiger	Chaetodontidae	Chaetodontidae	Longnose Butterflyfish	0	74	False	False	False	ineligible	below_required_observation_threshold	26	0
537735	Forcipiger wanai	Forcipiger	Chaetodontidae	Chaetodontidae	Cenderawasih longnose butterflyfish	0	1	False	False	False	ineligible	below_required_observation_threshold	0	0
102618	Hemitaurichthys polylepis	Hemitaurichthys	Chaetodontidae	Chaetodontidae	Pyramid Butterflyfish	0	167	False	False	False	ineligible	below_required_observation_threshold	58	0
102619	Hemitaurichthys thompsoni	Hemitaurichthys	Chaetodontidae	Chaetodontidae	Thompson's Butterflyfish	0	3	False	False	False	ineligible	below_required_observation_threshold	1	0
102620	Hemitaurichthys zoster	Hemitaurichthys	Chaetodontidae	Chaetodontidae	Black Pyramid Butterflyfish	0	56	False	False	False	ineligible	below_required_observation_threshold	19	0
102632	Heniochus chrysostomus	Heniochus	Chaetodontidae	Chaetodontidae	Pennant Bannerfish	0	236	False	False	False	ineligible	below_required_observation_threshold	82	0
102633	Heniochus diphreutes	Heniochus	Chaetodontidae	Chaetodontidae	Schooling Bannerfish	0	104	False	False	False	ineligible	below_required_observation_threshold	36	0
102634	Heniochus intermedius	Heniochus	Chaetodontidae	Chaetodontidae	Red Sea Bannerfish	0	168	False	False	False	ineligible	below_required_observation_threshold	58	0
102635	Heniochus monoceros	Heniochus	Chaetodontidae	Chaetodontidae	Masked Bannerfish	0	172	False	False	False	ineligible	below_required_observation_threshold	60	0
102636	Heniochus pleurotaenia	Heniochus	Chaetodontidae	Chaetodontidae	Phantom Bannerfish	0	42	False	False	False	ineligible	below_required_observation_threshold	15	0
102637	Heniochus singularius	Heniochus	Chaetodontidae	Chaetodontidae	Singular Bannerfish	0	109	False	False	False	ineligible	below_required_observation_threshold	38	0
108423	Parachaetodon ocellatus	Parachaetodon	Chaetodontidae	Chaetodontidae	Ocellate Butterflyfish	0	23	False	False	False	ineligible	below_required_observation_threshold	8	0
110594	Prognathodes aculeatus	Prognathodes	Chaetodontidae	Chaetodontidae	Longsnout Butterflyfish	0	26	False	False	False	ineligible	below_required_observation_threshold	9	0
110595	Prognathodes aya	Prognathodes	Chaetodontidae	Chaetodontidae	Bank Butterflyfish	0	1	False	False	False	ineligible	below_required_observation_threshold	0	0
110597	Prognathodes carlhubbsi	Prognathodes	Chaetodontidae	Chaetodontidae	Southern Scythe Butterflyfish	0	1	False	False	False	ineligible	below_required_observation_threshold	0	0
110601	Prognathodes guyanensis	Prognathodes	Chaetodontidae	Chaetodontidae	Guyana Butterflyfish	0	1	False	False	False	ineligible	below_required_observation_threshold	0	0
110602	Prognathodes guyotensis	Prognathodes	Chaetodontidae	Chaetodontidae	Guyote Butterflyfish	0	1	False	False	False	ineligible	below_required_observation_threshold	0	0
111841	Roa modesta	Roa	Chaetodontidae	Chaetodontidae	Brown-banded Butterflyfish	0	4	False	False	False	ineligible	below_required_observation_threshold	1	0
132687	Cirrhitichthys oxycephalus	Cirrhitichthys	Cirrhitidae	Cirrhitidae	Pixy Hawkfish	0	338	True	False	True	broad_pretraining	global_licensed_abundance	117	100
47578	Paracirrhites arcatus	Paracirrhites	Cirrhitidae	Cirrhitidae	Arc-eye Hawkfish	0	287	True	False	True	broad_pretraining	global_licensed_abundance	99	100
67658	Paracirrhites forsteri	Paracirrhites	Cirrhitidae	Cirrhitidae	Freckled Hawkfish	0	625	True	False	True	broad_pretraining	global_licensed_abundance	216	200
199172	Amblycirrhitus bimacula	Amblycirrhitus	Cirrhitidae	Cirrhitidae	Twinspot Hawkfish	0	15	False	False	False	ineligible	below_required_observation_threshold	5	0
131522	Amblycirrhitus pinos	Amblycirrhitus	Cirrhitidae	Cirrhitidae	Redspotted Hawkfish	0	51	False	False	False	ineligible	below_required_observation_threshold	18	0
132686	Cirrhitichthys aprinus	Cirrhitichthys	Cirrhitidae	Cirrhitidae	Threadfin Hawkfish	0	46	False	False	False	ineligible	below_required_observation_threshold	16	0
469301	Cirrhitichthys aureus	Cirrhitichthys	Cirrhitidae	Cirrhitidae	Golden Hawkfish	0	5	False	False	False	ineligible	below_required_observation_threshold	2	0
611702	Cirrhitichthys calliurus	Cirrhitichthys	Cirrhitidae	Cirrhitidae	Spottedtail Hawkfish	0	4	False	False	False	ineligible	below_required_observation_threshold	1	0
119398	Cirrhitichthys falco	Cirrhitichthys	Cirrhitidae	Cirrhitidae	Dwarf Hawkfish	0	145	False	False	False	ineligible	below_required_observation_threshold	50	0
121394	Cirrhitops fasciatus	Cirrhitops	Cirrhitidae	Cirrhitidae	Redbarred Hawkfish	0	30	False	False	False	ineligible	below_required_observation_threshold	10	0
611704	Cirrhitops hubbardi	Cirrhitops	Cirrhitidae	Cirrhitidae	Whitespotted Hawkfish	0	1	False	False	False	ineligible	below_required_observation_threshold	0	0
611706	Cirrhitus atlanticus	Cirrhitus	Cirrhitidae	Cirrhitidae	West African Hawkfish	0	7	False	False	False	ineligible	below_required_observation_threshold	2	0
52478	Cirrhitus pinnulatus	Cirrhitus	Cirrhitidae	Cirrhitidae	Stocky Hawkfish	0	120	False	False	False	ineligible	below_required_observation_threshold	42	0
97880	Cirrhitus rivulatus	Cirrhitus	Cirrhitidae	Cirrhitidae	Giant Hawkfish	0	187	False	False	False	ineligible	below_required_observation_threshold	65	0
1316000	Cirrhitus spilotoceps	Cirrhitus	Cirrhitidae	Cirrhitidae	Red Sea Stocky Hawkfish	0	32	False	False	False	ineligible	below_required_observation_threshold	11	0
611707	Cristacirrhitus punctatus	Cristacirrhitus	Cirrhitidae	Cirrhitidae	Black-spotted Hawkfish	0	1	False	False	False	ineligible	below_required_observation_threshold	0	0
194620	Cyprinocirrhites polyactis	Cyprinocirrhites	Cirrhitidae	Cirrhitidae	Lyretail Hawkfish	0	21	False	False	False	ineligible	below_required_observation_threshold	7	0
194622	Neocirrhites armatus	Neocirrhites	Cirrhitidae	Cirrhitidae	Flame Hawkfish	0	5	False	False	False	ineligible	below_required_observation_threshold	2	0
502792	Notocirrhitus splendens	Notocirrhitus	Cirrhitidae	Cirrhitidae	Splendid Hawkfish	0	2	False	False	False	ineligible	below_required_observation_threshold	1	0
121197	Oxycirrhites typus	Oxycirrhites	Cirrhitidae	Cirrhitidae	Longnose Hawkfish	0	46	False	False	False	ineligible	below_required_observation_threshold	16	0
360094	Paracirrhites hemistictus	Paracirrhites	Cirrhitidae	Cirrhitidae	Ornate Hawkfish	0	19	False	False	False	ineligible	below_required_observation_threshold	7	0
623850	Hypanus americanus	Hypanus	Dasyatidae	Dasyatidae	Southern Stingray	0	370	True	False	True	broad_pretraining	global_licensed_abundance	128	100
113735	Taeniura lymma	Taeniura	Dasyatidae	Dasyatidae	Bluespotted Fantail Ray	0	381	True	False	True	broad_pretraining	global_licensed_abundance	132	100
623821	Bathytoshia brevicaudata	Bathytoshia	Dasyatidae	Dasyatidae	Short-tail Stingray	0	243	False	False	False	ineligible	below_required_observation_threshold	84	0
623822	Bathytoshia centroura	Bathytoshia	Dasyatidae	Dasyatidae	Roughtail Stingray	0	4	False	False	False	ineligible	below_required_observation_threshold	1	0
516612	Bathytoshia lata	Bathytoshia	Dasyatidae	Dasyatidae	Black Stingray	0	32	False	False	False	ineligible	below_required_observation_threshold	11	0
623824	Brevitrygon heterura	Brevitrygon	Dasyatidae	Dasyatidae	Dwarf whipray	0	6	False	False	False	ineligible	below_required_observation_threshold	2	0
623825	Brevitrygon imbricata	Brevitrygon	Dasyatidae	Dasyatidae	Coromandel Whipray	0	3	False	False	False	ineligible	below_required_observation_threshold	1	0
1520489	Brevitrygon manjajiae	Brevitrygon	Dasyatidae	Dasyatidae	Arabian Whipray	0	12	False	False	False	ineligible	below_required_observation_threshold	4	0
623827	Brevitrygon walga	Brevitrygon	Dasyatidae	Dasyatidae	Bengal whipray	0	1	False	False	False	ineligible	below_required_observation_threshold	0	0
47274	Dasyatis chrysonota	Dasyatis	Dasyatidae	Dasyatidae	Blue Stingray	0	4	False	False	False	ineligible	below_required_observation_threshold	1	0
99102	Dasyatis hypostigma	Dasyatis	Dasyatidae	Dasyatidae	Groovebelly stingray	0	4	False	False	False	ineligible	below_required_observation_threshold	1	0
99109	Dasyatis marmorata	Dasyatis	Dasyatidae	Dasyatidae	Marbled Stingray	0	13	False	False	False	ineligible	below_required_observation_threshold	4	0
47276	Dasyatis pastinaca	Dasyatis	Dasyatidae	Dasyatidae	Common Stingray	0	103	False	False	False	ineligible	below_required_observation_threshold	36	0
120666	Dasyatis tortonesei	Dasyatis	Dasyatidae	Dasyatidae	Tortonese's Stingray	0	21	False	False	False	ineligible	below_required_observation_threshold	7	0
623833	Fontitrygon colarensis	Fontitrygon	Dasyatidae	Dasyatidae	Colares stingray	0	1	False	False	False	ineligible	below_required_observation_threshold	0	0
623837	Fontitrygon margaritella	Fontitrygon	Dasyatidae	Dasyatidae	Pearl Stingray	0	5	False	False	False	ineligible	below_required_observation_threshold	2	0
623840	Hemitrygon akajei	Hemitrygon	Dasyatidae	Dasyatidae	Red Stingray	0	3	False	False	False	ineligible	below_required_observation_threshold	1	0
623841	Hemitrygon bennettii	Hemitrygon	Dasyatidae	Dasyatidae	Bennett's stingray	0	3	False	False	False	ineligible	below_required_observation_threshold	1	0
623842	Hemitrygon fluviorum	Hemitrygon	Dasyatidae	Dasyatidae	Estuary Stingray	0	27	False	False	False	ineligible	below_required_observation_threshold	9	0
564655	Himantura australis	Himantura	Dasyatidae	Dasyatidae	Reticulated Whipray	0	10	False	False	False	ineligible	below_required_observation_threshold	3	0
102778	Himantura uarnak	Himantura	Dasyatidae	Dasyatidae	Reticulate Whipray	0	26	False	False	False	ineligible	below_required_observation_threshold	9	0
102779	Himantura undulata	Himantura	Dasyatidae	Dasyatidae	Honeycomb Whipray	0	2	False	False	False	ineligible	below_required_observation_threshold	1	0
1227508	Hypanus berthalutzae	Hypanus	Dasyatidae	Dasyatidae	Lutz's Stingray	0	12	False	False	False	ineligible	below_required_observation_threshold	4	0
554358	Hypanus dipterurus	Hypanus	Dasyatidae	Dasyatidae	Diamond Stingray	0	80	False	False	False	ineligible	below_required_observation_threshold	28	0
1541603	Hypanus geijskesi	Hypanus	Dasyatidae	Dasyatidae	Sharpsnout stingray	0	1	False	False	False	ineligible	below_required_observation_threshold	0	0
623851	Hypanus guttatus	Hypanus	Dasyatidae	Dasyatidae	Longnose Stingray	0	9	False	False	False	ineligible	below_required_observation_threshold	3	0
623852	Hypanus longus	Hypanus	Dasyatidae	Dasyatidae	Longtail Stingray	0	46	False	False	False	ineligible	below_required_observation_threshold	16	0
623853	Hypanus marianae	Hypanus	Dasyatidae	Dasyatidae	Brazilian Large-eyed Stingray	0	1	False	False	False	ineligible	below_required_observation_threshold	0	0
623854	Hypanus rudis	Hypanus	Dasyatidae	Dasyatidae	Smalltooth Stingray	0	1	False	False	False	ineligible	below_required_observation_threshold	0	0
623855	Hypanus sabinus	Hypanus	Dasyatidae	Dasyatidae	Atlantic Stingray	0	138	False	False	False	ineligible	below_required_observation_threshold	48	0
623856	Hypanus say	Hypanus	Dasyatidae	Dasyatidae	Bluntnose Stingray	0	31	False	False	False	ineligible	below_required_observation_threshold	11	0
623859	Maculabatis arabica	Maculabatis	Dasyatidae	Dasyatidae	Arabic whipray	0	1	False	False	False	ineligible	below_required_observation_threshold	0	0
623861	Maculabatis bineeshi	Maculabatis	Dasyatidae	Dasyatidae	Short-tail whipray	0	1	False	False	False	ineligible	below_required_observation_threshold	0	0
623862	Maculabatis gerrardi	Maculabatis	Dasyatidae	Dasyatidae	Whitespotted Whipray	0	7	False	False	False	ineligible	below_required_observation_threshold	2	0
1247849	Maculabatis macrura	Maculabatis	Dasyatidae	Dasyatidae	Sharpnose Whipray	0	2	False	False	False	ineligible	below_required_observation_threshold	1	0
623866	Megatrygon microps	Megatrygon	Dasyatidae	Dasyatidae	Smalleye Stingray	0	1	False	False	False	ineligible	below_required_observation_threshold	0	0
106876	Neotrygon annotata	Neotrygon	Dasyatidae	Dasyatidae	Plain Maskray	0	1	False	False	False	ineligible	below_required_observation_threshold	0	0
520356	Neotrygon australiae	Neotrygon	Dasyatidae	Dasyatidae	Australian Bluespotted Maskray	0	12	False	False	False	ineligible	below_required_observation_threshold	4	0
1303400	Neotrygon bobwardi	Neotrygon	Dasyatidae	Dasyatidae	Bobward's Maskray	0	2	False	False	False	ineligible	below_required_observation_threshold	1	0
786235	Neotrygon caeruleopunctata	Neotrygon	Dasyatidae	Dasyatidae	Bluespotted Maskray	0	10	False	False	False	ineligible	below_required_observation_threshold	3	0
906971	Neotrygon indica	Neotrygon	Dasyatidae	Dasyatidae	Indian Ocean Blue-spotted Maskray	0	22	False	False	False	ineligible	below_required_observation_threshold	8	0
1303399	Neotrygon malaccensis	Neotrygon	Dasyatidae	Dasyatidae	Malacca Bluespotted Maskray	0	6	False	False	False	ineligible	below_required_observation_threshold	2	0
1303398	Neotrygon moluccensis	Neotrygon	Dasyatidae	Dasyatidae	Moluccan Bluespotted Maskray	0	4	False	False	False	ineligible	below_required_observation_threshold	1	0
786236	Neotrygon orientale	Neotrygon	Dasyatidae	Dasyatidae	Oriental Bluespotted Maskray	0	54	False	False	False	ineligible	below_required_observation_threshold	19	0
1629786	Neotrygon romeoi	Neotrygon	Dasyatidae	Dasyatidae	Fijian Maskray	0	5	False	False	False	ineligible	below_required_observation_threshold	2	0
500873	Neotrygon trigonoides	Neotrygon	Dasyatidae	Dasyatidae	Coral Sea Maskray	0	47	False	False	False	ineligible	below_required_observation_threshold	16	0
1266000	Neotrygon varidens	Neotrygon	Dasyatidae	Dasyatidae	Mahogany Maskray	0	4	False	False	False	ineligible	below_required_observation_threshold	1	0
1566234	Neotrygon yakkoei	Neotrygon	Dasyatidae	Dasyatidae	Ryukyu Maskray	0	1	False	False	False	ineligible	below_required_observation_threshold	0	0
528855	Pastinachus ater	Pastinachus	Dasyatidae	Dasyatidae	Broad Cowtail Stingray	0	95	False	False	False	ineligible	below_required_observation_threshold	33	0
47277	Pastinachus sephen	Pastinachus	Dasyatidae	Dasyatidae	Cowtail Stingray	0	16	False	False	False	ineligible	below_required_observation_threshold	6	0
623868	Pateobatis bleekeri	Pateobatis	Dasyatidae	Dasyatidae	Bleeker's whipray	0	1	False	False	False	ineligible	below_required_observation_threshold	0	0
623869	Pateobatis fai	Pateobatis	Dasyatidae	Dasyatidae	Pink Whipray	0	94	False	False	False	ineligible	below_required_observation_threshold	33	0
623871	Pateobatis jenkinsii	Pateobatis	Dasyatidae	Dasyatidae	Jenkins' Whipray	0	12	False	False	False	ineligible	below_required_observation_threshold	4	0
111212	Pteroplatytrygon violacea	Pteroplatytrygon	Dasyatidae	Dasyatidae	Pelagic Stingray	0	7	False	False	False	ineligible	below_required_observation_threshold	2	0
519608	Taeniura lessoni	Taeniura	Dasyatidae	Dasyatidae	Oceanic Fantail Ray	0	12	False	False	False	ineligible	below_required_observation_threshold	4	0
1303403	Taeniurops grabatus	Taeniurops	Dasyatidae	Dasyatidae	Round Fantail Stingray	0	99	False	False	False	ineligible	below_required_observation_threshold	34	0
188852	Taeniurops meyeni	Taeniurops	Dasyatidae	Dasyatidae	Blotched Fantail Ray	0	103	False	False	False	ineligible	below_required_observation_threshold	36	0
607442	Telatrygon biasa	Telatrygon	Dasyatidae	Dasyatidae	Indonesian Sharpnose Stingray	0	3	False	False	False	ineligible	below_required_observation_threshold	1	0
82261	Urogymnus asperrimus	Urogymnus	Dasyatidae	Dasyatidae	Porcupine Ray	0	17	False	False	False	ineligible	below_required_observation_threshold	6	0
623874	Urogymnus granulatus	Urogymnus	Dasyatidae	Dasyatidae	Mangrove Whipray	0	28	False	False	False	ineligible	below_required_observation_threshold	10	0
623875	Urogymnus lobistoma	Urogymnus	Dasyatidae	Dasyatidae	Tubemouth Whipray	0	1	False	False	False	ineligible	below_required_observation_threshold	0	0
93673	Allomycterus pilatus	Allomycterus	Diodontidae	Diodontidae	Deepwater Burrfish	0	337	True	False	True	broad_pretraining	global_licensed_abundance	117	100
49269	Diodon holocanthus	Diodon	Diodontidae	Diodontidae	Longspined Porcupinefish	0	703	True	False	True	broad_pretraining	global_licensed_abundance	243	200
52313	Diodon hystrix	Diodon	Diodontidae	Diodontidae	Spotted Porcupinefish	0	845	True	False	True	broad_pretraining	global_licensed_abundance	292	200
196857	Chilomycterus antennatus	Chilomycterus	Diodontidae	Diodontidae	Bridled Burrfish	0	10	False	False	False	ineligible	below_required_observation_threshold	3	0
131512	Chilomycterus antillarum	Chilomycterus	Diodontidae	Diodontidae	Web Burrfish	0	17	False	False	False	ineligible	below_required_observation_threshold	6	0
1316460	Chilomycterus mauretanicus	Chilomycterus	Diodontidae	Diodontidae	Guinean burrfish	0	7	False	False	False	ineligible	below_required_observation_threshold	2	0
49927	Chilomycterus reticulatus	Chilomycterus	Diodontidae	Diodontidae	Spotfin Burrfish	0	119	False	False	False	ineligible	below_required_observation_threshold	41	0
82264	Chilomycterus schoepfii	Chilomycterus	Diodontidae	Diodontidae	Striped Burrfish	0	193	False	False	False	ineligible	below_required_observation_threshold	67	0
196854	Chilomycterus spinosus	Chilomycterus	Diodontidae	Diodontidae	Brown Burrfish	0	60	False	False	False	ineligible	below_required_observation_threshold	21	0
196931	Cyclichthys orbicularis	Cyclichthys	Diodontidae	Diodontidae	Shortspine Porcupinefish	0	64	False	False	False	ineligible	below_required_observation_threshold	22	0
194920	Cyclichthys spilostylus	Cyclichthys	Diodontidae	Diodontidae	Spotbase Burrfish	0	28	False	False	False	ineligible	below_required_observation_threshold	10	0
141734	Dicotylichthys punctulatus	Dicotylichthys	Diodontidae	Diodontidae	Threebar Porcupinefish	0	56	False	False	False	ineligible	below_required_observation_threshold	19	0
123268	Diodon liturosus	Diodon	Diodontidae	Diodontidae	Blackblotched Porcupinefish	0	134	False	False	False	ineligible	below_required_observation_threshold	46	0
489420	Diodon nicthemerus	Diodon	Diodontidae	Diodontidae	Globefish	0	201	False	False	False	ineligible	below_required_observation_threshold	70	0
196858	Lophodiodon calori	Lophodiodon	Diodontidae	Diodontidae	Fourbar Porcupinefish	0	5	False	False	False	ineligible	below_required_observation_threshold	2	0
196859	Tragulichthys jaculiferus	Tragulichthys	Diodontidae	Diodontidae	Longspine Burrfish	0	1	False	False	False	ineligible	below_required_observation_threshold	0	0
48844	Echeneis naucrates	Echeneis	Echeneidae	Echeneidae	Sharksucker	0	256	True	False	True	broad_pretraining	global_licensed_abundance	89	100
133990	Echeneis neucratoides	Echeneis	Echeneidae	Echeneidae	Whitefin Sharksucker	0	7	False	False	False	ineligible	below_required_observation_threshold	2	0
194897	Phtheirichthys lineatus	Phtheirichthys	Echeneidae	Echeneidae	Slender Suckerfish	0	2	False	False	False	ineligible	below_required_observation_threshold	1	0
48840	Remora australis	Remora	Echeneidae	Echeneidae	Whalesucker	0	5	False	False	False	ineligible	below_required_observation_threshold	2	0
194898	Remora osteochir	Remora	Echeneidae	Echeneidae	Marlinsucker	0	1	False	False	False	ineligible	below_required_observation_threshold	0	0
120697	Remora remora	Remora	Echeneidae	Echeneidae	Common Remora	0	8	False	False	False	ineligible	below_required_observation_threshold	3	0
120990	Platax boersii	Platax	Ephippidae	Ephippidae	Golden Spadefish	0	63	False	True	False	rare_target_holdout	requested_target_below_abundance_thresholds	22	0
69858	Platax orbicularis	Platax	Ephippidae	Ephippidae	Round Batfish	0	115	False	True	False	rare_target_holdout	requested_target_below_abundance_thresholds	40	0
132399	Platax pinnatus	Platax	Ephippidae	Ephippidae	Dusky Batfish	0	77	False	True	False	rare_target_holdout	requested_target_below_abundance_thresholds	27	0
69859	Platax teira	Platax	Ephippidae	Ephippidae	Longfin Batfish	0	155	False	True	False	rare_target_holdout	requested_target_below_abundance_thresholds	54	0
49316	Chaetodipterus faber	Chaetodipterus	Ephippidae	Ephippidae	Atlantic Spadefish	0	171	False	False	False	ineligible	below_required_observation_threshold	59	0
97138	Chaetodipterus zonatus	Chaetodipterus	Ephippidae	Ephippidae	Pacific Spadefish	0	19	False	False	False	ineligible	below_required_observation_threshold	7	0
178011	Ephippus orbis	Ephippus	Ephippidae	Ephippidae	Orbfish	0	2	False	False	False	ineligible	below_required_observation_threshold	1	0
132398	Platax batavianus	Platax	Ephippidae	Ephippidae	Humphead Batfish	0	16	False	False	False	ineligible	below_required_observation_threshold	6	0
614076	Proteracanthus sarissophorus	Proteracanthus	Ephippidae	Ephippidae	Spinyfin spadefish	0	1	False	False	False	ineligible	below_required_observation_threshold	0	0
366591	Tripterodon orbis	Tripterodon	Ephippidae	Ephippidae	African Spadefish	0	7	False	False	False	ineligible	below_required_observation_threshold	2	0
57399	Fistularia commersonii	Fistularia	Fistulariidae	Fistulariidae	Blue-spotted Cornetfish	0	889	True	False	True	broad_pretraining	global_licensed_abundance	308	200
100958	Fistularia corneta	Fistularia	Fistulariidae	Fistulariidae	Pacific Cornetfish	0	3	False	False	False	ineligible	below_required_observation_threshold	1	0
317104	Fistularia petimba	Fistularia	Fistulariidae	Fistulariidae	Rough Flutemouth	0	2	False	False	False	ineligible	below_required_observation_threshold	1	0
47242	Fistularia tabacaria	Fistularia	Fistulariidae	Fistulariidae	Atlantic Bluespotted Cornetfish	0	21	False	False	False	ineligible	below_required_observation_threshold	7	0
101420	Gerres cinereus	Gerres	Gerreidae	Gerreidae	Yellowfin Mojarra	0	340	True	False	True	broad_pretraining	global_licensed_abundance	118	100
179610	Diapterus auratus	Diapterus	Gerreidae	Gerreidae	Irish Pompano	0	17	False	False	False	ineligible	below_required_observation_threshold	6	0
317505	Diapterus brevirostris	Diapterus	Gerreidae	Gerreidae	Short-beaked Mojarra	0	6	False	False	False	ineligible	below_required_observation_threshold	2	0
99253	Diapterus peruvianus	Diapterus	Gerreidae	Gerreidae	Peruvian Mojarra	0	1	False	False	False	ineligible	below_required_observation_threshold	0	0
179600	Eucinostomus argenteus	Eucinostomus	Gerreidae	Gerreidae	Spotfin Mojarra	0	5	False	False	False	ineligible	below_required_observation_threshold	2	0
100678	Eucinostomus currani	Eucinostomus	Gerreidae	Gerreidae	Pacific Flagfin Mojarra	0	24	False	False	False	ineligible	below_required_observation_threshold	8	0
100679	Eucinostomus dowii	Eucinostomus	Gerreidae	Gerreidae	Pacific Spotfin Mojarra	0	6	False	False	False	ineligible	below_required_observation_threshold	2	0
100680	Eucinostomus entomelas	Eucinostomus	Gerreidae	Gerreidae	Darkspot Mojarra	0	7	False	False	False	ineligible	below_required_observation_threshold	2	0
100681	Eucinostomus gracilis	Eucinostomus	Gerreidae	Gerreidae	Graceful Mojarra	0	2	False	False	False	ineligible	below_required_observation_threshold	1	0
179598	Eucinostomus gula	Eucinostomus	Gerreidae	Gerreidae	Silver Jenny	0	33	False	False	False	ineligible	below_required_observation_threshold	11	0
179599	Eucinostomus harengulus	Eucinostomus	Gerreidae	Gerreidae	Tidewater Mojarra	0	26	False	False	False	ineligible	below_required_observation_threshold	9	0
317096	Eucinostomus havana	Eucinostomus	Gerreidae	Gerreidae	Bigeye Mojarra	0	2	False	False	False	ineligible	below_required_observation_threshold	1	0
135195	Eucinostomus jonesii	Eucinostomus	Gerreidae	Gerreidae	Slender Mojarra	0	4	False	False	False	ineligible	below_required_observation_threshold	1	0
1316787	Eucinostomus lefroyi	Eucinostomus	Gerreidae	Gerreidae	Mottled Mojarra	0	4	False	False	False	ineligible	below_required_observation_threshold	1	0
147118	Eucinostomus melanopterus	Eucinostomus	Gerreidae	Gerreidae	Flagfin Mojarra	0	28	False	False	False	ineligible	below_required_observation_threshold	10	0
317097	Eugerres brasilianus	Eugerres	Gerreidae	Gerreidae		0	1	False	False	False	ineligible	below_required_observation_threshold	0	0
179661	Eugerres plumieri	Eugerres	Gerreidae	Gerreidae	Striped Mojarra	0	19	False	False	False	ineligible	below_required_observation_threshold	7	0
490785	Gerres erythrourus	Gerres	Gerreidae	Gerreidae	Short Silverbiddy	0	2	False	False	False	ineligible	below_required_observation_threshold	1	0
187419	Gerres filamentosus	Gerres	Gerreidae	Gerreidae	Threadfin Silverbiddy	0	22	False	False	False	ineligible	below_required_observation_threshold	8	0
101421	Gerres infasciatus	Gerres	Gerreidae	Gerreidae	Nonbanded Whipfin Mojarra	0	1	False	False	False	ineligible	below_required_observation_threshold	0	0
64100	Gerres longirostris	Gerres	Gerreidae	Gerreidae	Strongspine Silverbiddy	0	36	False	False	False	ineligible	below_required_observation_threshold	12	0
478827	Gerres oblongus	Gerres	Gerreidae	Gerreidae	Slender Silverbiddy	0	1	False	False	False	ineligible	below_required_observation_threshold	0	0
64099	Gerres oyena	Gerres	Gerreidae	Gerreidae	Blacktip Silverbiddy	0	48	False	False	False	ineligible	below_required_observation_threshold	17	0
187420	Gerres simillimus	Gerres	Gerreidae	Gerreidae	Pacific Yellowfin Mojarra	0	52	False	False	False	ineligible	below_required_observation_threshold	18	0
367950	Gerres subfasciatus	Gerres	Gerreidae	Gerreidae	Common Silverbiddy	0	41	False	False	False	ineligible	below_required_observation_threshold	14	0
512743	Parequula melbournensis	Parequula	Gerreidae	Gerreidae	Silverbelly	0	21	False	False	False	ineligible	below_required_observation_threshold	7	0
49964	Ginglymostoma cirratum	Ginglymostoma	Ginglymostomatidae	Ginglymostomatidae	Nurse Shark	0	328	True	False	True	broad_pretraining	global_licensed_abundance	113	100
607452	Ginglymostoma unami	Ginglymostoma	Ginglymostomatidae	Ginglymostomatidae	Pacific Nurse Shark	0	8	False	False	False	ineligible	below_required_observation_threshold	3	0
49962	Nebrius ferrugineus	Nebrius	Ginglymostomatidae	Ginglymostomatidae	Tawny Nurse Shark	0	74	False	False	False	ineligible	below_required_observation_threshold	26	0
49963	Pseudoginglymostoma brevicaudatum	Pseudoginglymostoma	Ginglymostomatidae	Ginglymostomatidae	Short-tail Nurse Shark	0	4	False	False	False	ineligible	below_required_observation_threshold	1	0
118703	Gobius cobitis	Gobius	Gobiidae	Gobiidae	Giant Goby	0	279	True	False	True	broad_pretraining	global_licensed_abundance	97	100
118704	Gobius niger	Gobius	Gobiidae	Gobiidae	Black Goby	0	300	True	False	True	broad_pretraining	global_licensed_abundance	104	100
106743	Neogobius melanostomus	Neogobius	Gobiidae	Gobiidae	Round Goby	0	426	True	False	True	broad_pretraining	global_licensed_abundance	147	100
505877	Gobius incognitus	Gobius	Gobiidae	Gobiidae	Incognito Goby	0	300	True	False	True	novel_evaluation	held_out_for_unseen_species_evaluation	104	100
342823	Acentrogobius caninus	Acentrogobius	Gobiidae	Gobiidae	Green-shoulder Goby	0	1	False	False	False	ineligible	below_required_observation_threshold	0	0
603872	Acentrogobius dayi	Acentrogobius	Gobiidae	Gobiidae	Day's Goby	0	1	False	False	False	ineligible	below_required_observation_threshold	0	0
614284	Acentrogobius moloanus	Acentrogobius	Gobiidae	Gobiidae	Barcheek Amoya	0	1	False	False	False	ineligible	below_required_observation_threshold	0	0
465518	Acentrogobius pflaumii	Acentrogobius	Gobiidae	Gobiidae	Striped Sandgoby	0	1	False	False	False	ineligible	below_required_observation_threshold	0	0
474044	Acentrogobius viridipunctatus	Acentrogobius	Gobiidae	Gobiidae	Greenspotted Goby	0	1	False	False	False	ineligible	below_required_observation_threshold	0	0
529948	Afurcagobius suppositus	Afurcagobius	Gobiidae	Gobiidae	Southwestern Goby	0	2	False	False	False	ineligible	below_required_observation_threshold	1	0
322008	Afurcagobius tamarensis	Afurcagobius	Gobiidae	Gobiidae	Tamar Goby	0	1	False	False	False	ineligible	below_required_observation_threshold	0	0
617342	Aioliops megastigma	Aioliops	Gobiidae	Gobiidae	Bigspot minidartfish	0	2	False	False	False	ineligible	below_required_observation_threshold	1	0
530352	Aioliops novaeguineae	Aioliops	Gobiidae	Gobiidae	New Guinea Mini Dartgoby	0	1	False	False	False	ineligible	below_required_observation_threshold	0	0
318008	Amblyeleotris arcupinna	Amblyeleotris	Gobiidae	Gobiidae	Arcfin Shrimpgoby	0	5	False	False	False	ineligible	below_required_observation_threshold	2	0
614292	Amblyeleotris aurora	Amblyeleotris	Gobiidae	Gobiidae	Pinkbar Goby	0	8	False	False	False	ineligible	below_required_observation_threshold	3	0
614295	Amblyeleotris bleekeri	Amblyeleotris	Gobiidae	Gobiidae	Bleeker's Shrimpgoby	0	2	False	False	False	ineligible	below_required_observation_threshold	1	0
196600	Amblyeleotris diagonalis	Amblyeleotris	Gobiidae	Gobiidae	Diagonal Shrimpgoby	0	19	False	False	False	ineligible	below_required_observation_threshold	7	0
614299	Amblyeleotris ellipse	Amblyeleotris	Gobiidae	Gobiidae	Ellipse Shrimpgoby	0	1	False	False	False	ineligible	below_required_observation_threshold	0	0
196599	Amblyeleotris fasciata	Amblyeleotris	Gobiidae	Gobiidae	Redbanded Shrimpgoby	0	1	False	False	False	ineligible	below_required_observation_threshold	0	0
474534	Amblyeleotris fontanesii	Amblyeleotris	Gobiidae	Gobiidae	Giant shrimpgoby	0	4	False	False	False	ineligible	below_required_observation_threshold	1	0
196602	Amblyeleotris guttata	Amblyeleotris	Gobiidae	Gobiidae	Spotted Shrimpgoby	0	66	False	False	False	ineligible	below_required_observation_threshold	23	0
311239	Amblyeleotris gymnocephala	Amblyeleotris	Gobiidae	Gobiidae	Nakedhead Shrimpgoby	0	19	False	False	False	ineligible	below_required_observation_threshold	7	0
503910	Amblyeleotris japonica	Amblyeleotris	Gobiidae	Gobiidae		0	1	False	False	False	ineligible	below_required_observation_threshold	0	0
468043	Amblyeleotris latifasciata	Amblyeleotris	Gobiidae	Gobiidae	Wide-barred Shrimpgoby	0	11	False	False	False	ineligible	below_required_observation_threshold	4	0
451145	Amblyeleotris masuii	Amblyeleotris	Gobiidae	Gobiidae	Masui's Shrimpgoby	0	1	False	False	False	ineligible	below_required_observation_threshold	0	0
424543	Amblyeleotris ogasawarensis	Amblyeleotris	Gobiidae	Gobiidae	Redspotted Shrimpgoby	0	2	False	False	False	ineligible	below_required_observation_threshold	1	0
424656	Amblyeleotris periophthalmus	Amblyeleotris	Gobiidae	Gobiidae	Broad-banded Shrimpgoby	0	24	False	False	False	ineligible	below_required_observation_threshold	8	0
179879	Amblyeleotris randalli	Amblyeleotris	Gobiidae	Gobiidae	Sailfin Shrimpgoby	0	10	False	False	False	ineligible	below_required_observation_threshold	3	0
194063	Amblyeleotris rubrimarginata	Amblyeleotris	Gobiidae	Gobiidae	Redmargin Shrimpgoby	0	57	False	False	False	ineligible	below_required_observation_threshold	20	0
196601	Amblyeleotris steinitzi	Amblyeleotris	Gobiidae	Gobiidae	Steinitz's Shrimpgoby	0	73	False	False	False	ineligible	below_required_observation_threshold	25	0
372167	Amblyeleotris sungami	Amblyeleotris	Gobiidae	Gobiidae	Magnus' Shrimpgoby	0	2	False	False	False	ineligible	below_required_observation_threshold	1	0
93825	Amblyeleotris triguttata	Amblyeleotris	Gobiidae	Gobiidae	Triplespot Shrimpgoby	0	5	False	False	False	ineligible	below_required_observation_threshold	2	0
196598	Amblyeleotris wheeleri	Amblyeleotris	Gobiidae	Gobiidae	Gorgeous Shrimpgoby	0	44	False	False	False	ineligible	below_required_observation_threshold	15	0
136594	Amblyeleotris yanoi	Amblyeleotris	Gobiidae	Gobiidae	Flagtail Shrimpgoby	0	8	False	False	False	ineligible	below_required_observation_threshold	3	0
347599	Amblygobius albimaculatus	Amblygobius	Gobiidae	Gobiidae	Tailspot Goby	0	26	False	False	False	ineligible	below_required_observation_threshold	9	0
93826	Amblygobius buanensis	Amblygobius	Gobiidae	Gobiidae	Buan Goby	0	3	False	False	False	ineligible	below_required_observation_threshold	1	0
516272	Amblygobius bynoensis	Amblygobius	Gobiidae	Gobiidae	Bynoe Goby	0	1	False	False	False	ineligible	below_required_observation_threshold	0	0
424796	Amblygobius decussatus	Amblygobius	Gobiidae	Gobiidae	Crosshatch goby	0	14	False	False	False	ineligible	below_required_observation_threshold	5	0
345871	Amblygobius nocturnus	Amblygobius	Gobiidae	Gobiidae	Nocturn Goby	0	7	False	False	False	ineligible	below_required_observation_threshold	2	0
153195	Amblygobius phalaena	Amblygobius	Gobiidae	Gobiidae	Whitebarred Goby	0	158	False	False	False	ineligible	below_required_observation_threshold	55	0
347598	Amblygobius semicinctus	Amblygobius	Gobiidae	Gobiidae		0	12	False	False	False	ineligible	below_required_observation_threshold	4	0
495210	Amblygobius sphynx	Amblygobius	Gobiidae	Gobiidae	Sphynx Goby	0	4	False	False	False	ineligible	below_required_observation_threshold	1	0
504742	Amblygobius stethophthalmus	Amblygobius	Gobiidae	Gobiidae	Freckled Goby	0	10	False	False	False	ineligible	below_required_observation_threshold	3	0
344754	Aphia minuta	Aphia	Gobiidae	Gobiidae	Transparent Goby	0	11	False	False	False	ineligible	below_required_observation_threshold	4	0
62594	Arenigobius bifrenatus	Arenigobius	Gobiidae	Gobiidae	Bridled Goby	0	21	False	False	False	ineligible	below_required_observation_threshold	7	0
529957	Arenigobius frenatus	Arenigobius	Gobiidae	Gobiidae	Halfbridled Goby	0	1	False	False	False	ineligible	below_required_observation_threshold	0	0
359360	Asterropteryx semipunctata	Asterropteryx	Gobiidae	Gobiidae	Starry Goby	0	21	False	False	False	ineligible	below_required_observation_threshold	7	0
267747	Asterropteryx striata	Asterropteryx	Gobiidae	Gobiidae	Striped Goby	0	15	False	False	False	ineligible	below_required_observation_threshold	5	0
529960	Austrolethops wardi	Austrolethops	Gobiidae	Gobiidae	Nudey Goby	0	1	False	False	False	ineligible	below_required_observation_threshold	0	0
95476	Bathygobius andrei	Bathygobius	Gobiidae	Gobiidae	Estuarine Frillfin	0	1	False	False	False	ineligible	below_required_observation_threshold	0	0
614339	Bathygobius antilliensis	Bathygobius	Gobiidae	Gobiidae	Antilles Frillfin	0	8	False	False	False	ineligible	below_required_observation_threshold	3	0
1145081	Bathygobius brasiliensis	Bathygobius	Gobiidae	Gobiidae	Brazilian Frillfin	0	20	False	False	False	ineligible	below_required_observation_threshold	7	0
614340	Bathygobius casamancus	Bathygobius	Gobiidae	Gobiidae		0	8	False	False	False	ineligible	below_required_observation_threshold	3	0
202064	Bathygobius coalitus	Bathygobius	Gobiidae	Gobiidae	Whitespotted Frillgoby	0	66	False	False	False	ineligible	below_required_observation_threshold	23	0
202065	Bathygobius cocosensis	Bathygobius	Gobiidae	Gobiidae	Cocos Frillgoby	0	42	False	False	False	ineligible	below_required_observation_threshold	15	0
489362	Bathygobius cotticeps	Bathygobius	Gobiidae	Gobiidae	Cheekscaled Frillgoby	0	1	False	False	False	ineligible	below_required_observation_threshold	0	0
529961	Bathygobius cyclopterus	Bathygobius	Gobiidae	Gobiidae	Cyclops Frillgoby	0	1	False	False	False	ineligible	below_required_observation_threshold	0	0
95478	Bathygobius fuscus	Bathygobius	Gobiidae	Gobiidae	Dusky Frillgoby	0	36	False	False	False	ineligible	below_required_observation_threshold	12	0
614342	Bathygobius geminatus	Bathygobius	Gobiidae	Gobiidae	Twin-spotted Frillfin	0	8	False	False	False	ineligible	below_required_observation_threshold	3	0
529962	Bathygobius krefftii	Bathygobius	Gobiidae	Gobiidae	Krefft's Frillgoby	0	10	False	False	False	ineligible	below_required_observation_threshold	3	0
614344	Bathygobius lacertus	Bathygobius	Gobiidae	Gobiidae	Checkerboard Frillfin	0	8	False	False	False	ineligible	below_required_observation_threshold	3	0
95479	Bathygobius lineatus	Bathygobius	Gobiidae	Gobiidae	Southern Frillfin	0	64	False	False	False	ineligible	below_required_observation_threshold	22	0
500349	Bathygobius meggitti	Bathygobius	Gobiidae	Gobiidae	Meggitt's Frillgoby	0	2	False	False	False	ineligible	below_required_observation_threshold	1	0
147104	Bathygobius mystacium	Bathygobius	Gobiidae	Gobiidae	Island Frillfin	0	5	False	False	False	ineligible	below_required_observation_threshold	2	0
95481	Bathygobius ramosus	Bathygobius	Gobiidae	Gobiidae	Panamic Frillfin	0	66	False	False	False	ineligible	below_required_observation_threshold	23	0
179515	Bathygobius soporator	Bathygobius	Gobiidae	Gobiidae	Frillfin Goby	0	68	False	False	False	ineligible	below_required_observation_threshold	24	0
95729	Benthophilus stellatus	Benthophilus	Gobiidae	Gobiidae	Stellate Tadpole-Goby	0	1	False	False	False	ineligible	below_required_observation_threshold	0	0
96074	Bryaninops amplus	Bryaninops	Gobiidae	Gobiidae	Large Whipgoby	0	2	False	False	False	ineligible	below_required_observation_threshold	1	0
491539	Bryaninops dianneae	Bryaninops	Gobiidae	Gobiidae		0	4	False	False	False	ineligible	below_required_observation_threshold	1	0
196644	Bryaninops natans	Bryaninops	Gobiidae	Gobiidae	Purple-eye Goby	0	30	False	False	False	ineligible	below_required_observation_threshold	10	0
121340	Bryaninops yongei	Bryaninops	Gobiidae	Gobiidae	Wire Coral Goby	0	33	False	False	False	ineligible	below_required_observation_threshold	11	0
614373	Caffrogobius caffer	Caffrogobius	Gobiidae	Gobiidae		0	70	False	False	False	ineligible	below_required_observation_threshold	24	0
614377	Caffrogobius nudiceps	Caffrogobius	Gobiidae	Gobiidae	Barehead Goby	0	1	False	False	False	ineligible	below_required_observation_threshold	0	0
614378	Caffrogobius saldanha	Caffrogobius	Gobiidae	Gobiidae	Commafin Goby	0	107	False	False	False	ineligible	below_required_observation_threshold	37	0
529974	Callogobius hasseltii	Callogobius	Gobiidae	Gobiidae	Hasselt's Flaphead Goby	0	1	False	False	False	ineligible	below_required_observation_threshold	0	0
529976	Callogobius mucosus	Callogobius	Gobiidae	Gobiidae	Sculptured Goby	0	7	False	False	False	ineligible	below_required_observation_threshold	2	0
529977	Callogobius okinawae	Callogobius	Gobiidae	Gobiidae	Tailspot Flaphead Goby	0	3	False	False	False	ineligible	below_required_observation_threshold	1	0
445771	Chromogobius britoi	Chromogobius	Gobiidae	Gobiidae	Brito's goby	0	1	False	False	False	ineligible	below_required_observation_threshold	0	0
97761	Chromogobius quadrivittatus	Chromogobius	Gobiidae	Gobiidae	Banded Goby	0	1	False	False	False	ineligible	below_required_observation_threshold	0	0
97762	Chromogobius zebratus	Chromogobius	Gobiidae	Gobiidae		0	3	False	False	False	ineligible	below_required_observation_threshold	1	0
98411	Corcyrogobius liechtensteini	Corcyrogobius	Gobiidae	Gobiidae	Liechtenstein's Goby	0	2	False	False	False	ineligible	below_required_observation_threshold	1	0
614415	Coryogalops anomolus	Coryogalops	Gobiidae	Gobiidae	Anomolous Goby	0	4	False	False	False	ineligible	below_required_observation_threshold	1	0
131507	Coryphopterus dicrus	Coryphopterus	Gobiidae	Gobiidae	Colon Goby	0	49	False	False	False	ineligible	below_required_observation_threshold	17	0
131506	Coryphopterus eidolon	Coryphopterus	Gobiidae	Gobiidae	Pallid Goby	0	11	False	False	False	ineligible	below_required_observation_threshold	4	0
62592	Coryphopterus glaucofraenum	Coryphopterus	Gobiidae	Gobiidae	Bridled Goby	0	38	False	False	False	ineligible	below_required_observation_threshold	13	0
98541	Coryphopterus hyalinus	Coryphopterus	Gobiidae	Gobiidae	Glass Goby	0	9	False	False	False	ineligible	below_required_observation_threshold	3	0
614423	Coryphopterus kuna	Coryphopterus	Gobiidae	Gobiidae	Kuna Goby	0	1	False	False	False	ineligible	below_required_observation_threshold	0	0
192655	Coryphopterus lipernes	Coryphopterus	Gobiidae	Gobiidae	Peppermint Goby	0	81	False	False	False	ineligible	below_required_observation_threshold	28	0
131505	Coryphopterus personatus	Coryphopterus	Gobiidae	Gobiidae	Masked Goby	0	15	False	False	False	ineligible	below_required_observation_threshold	5	0
217635	Coryphopterus tortugae	Coryphopterus	Gobiidae	Gobiidae	Patch-reef Goby	0	8	False	False	False	ineligible	below_required_observation_threshold	3	0
98542	Coryphopterus urospilus	Coryphopterus	Gobiidae	Gobiidae	Redlight Goby	0	35	False	False	False	ineligible	below_required_observation_threshold	12	0
500328	Coryphopterus venezuelae	Coryphopterus	Gobiidae	Gobiidae	Sand-canyon Goby	0	45	False	False	False	ineligible	below_required_observation_threshold	16	0
614429	Cryptocentroides arabicus	Cryptocentroides	Gobiidae	Gobiidae	Arabian goby	0	1	False	False	False	ineligible	below_required_observation_threshold	0	0
513669	Cryptocentroides gobioides	Cryptocentroides	Gobiidae	Gobiidae	Crested Oystergoby	0	5	False	False	False	ineligible	below_required_observation_threshold	2	0
614430	Cryptocentroides insignis	Cryptocentroides	Gobiidae	Gobiidae	Insignia Prawn-goby	0	1	False	False	False	ineligible	below_required_observation_threshold	0	0
614431	Cryptocentrus albidorsus	Cryptocentrus	Gobiidae	Gobiidae		0	2	False	False	False	ineligible	below_required_observation_threshold	1	0
1313992	Cryptocentrus altipinna	Cryptocentrus	Gobiidae	Gobiidae	Highfin Shrimpgoby	0	1	False	False	False	ineligible	below_required_observation_threshold	0	0
319768	Cryptocentrus caeruleomaculatus	Cryptocentrus	Gobiidae	Gobiidae	Bluespotted Shrimpgoby	0	3	False	False	False	ineligible	below_required_observation_threshold	1	0
578042	Cryptocentrus caeruleopunctatus	Cryptocentrus	Gobiidae	Gobiidae	Harlequin Prawn-goby	0	26	False	False	False	ineligible	below_required_observation_threshold	9	0
267234	Cryptocentrus cinctus	Cryptocentrus	Gobiidae	Gobiidae	Yellow Shrimpgoby	0	56	False	False	False	ineligible	below_required_observation_threshold	19	0
267263	Cryptocentrus cryptocentrus	Cryptocentrus	Gobiidae	Gobiidae	Ninebar Prawn-goby	0	4	False	False	False	ineligible	below_required_observation_threshold	1	0
267261	Cryptocentrus fasciatus	Cryptocentrus	Gobiidae	Gobiidae	Barred Shrimpgoby	0	28	False	False	False	ineligible	below_required_observation_threshold	10	0
529986	Cryptocentrus inexplicatus	Cryptocentrus	Gobiidae	Gobiidae	Inexplicable Shrimpgoby	0	4	False	False	False	ineligible	below_required_observation_threshold	1	0
451248	Cryptocentrus leptocephalus	Cryptocentrus	Gobiidae	Gobiidae	Pinkspot Shrimpgoby	0	10	False	False	False	ineligible	below_required_observation_threshold	3	0
196596	Cryptocentrus leucostictus	Cryptocentrus	Gobiidae	Gobiidae	Saddled Shrimpgoby	0	7	False	False	False	ineligible	below_required_observation_threshold	2	0
468041	Cryptocentrus lutheri	Cryptocentrus	Gobiidae	Gobiidae	Luther's Prawn-goby	0	11	False	False	False	ineligible	below_required_observation_threshold	4	0
614437	Cryptocentrus malindiensis	Cryptocentrus	Gobiidae	Gobiidae	Malindi Shrimpgoby	0	3	False	False	False	ineligible	below_required_observation_threshold	1	0
502485	Cryptocentrus maudae	Cryptocentrus	Gobiidae	Gobiidae	Maude's Shrimpgoby	0	3	False	False	False	ineligible	below_required_observation_threshold	1	0
529988	Cryptocentrus melanopus	Cryptocentrus	Gobiidae	Gobiidae	Pink Shrimpgoby	0	9	False	False	False	ineligible	below_required_observation_threshold	3	0
614438	Cryptocentrus multicinctus	Cryptocentrus	Gobiidae	Gobiidae	Many-barred Shrimpgoby	0	1	False	False	False	ineligible	below_required_observation_threshold	0	0
614439	Cryptocentrus nigrocellatus	Cryptocentrus	Gobiidae	Gobiidae		0	3	False	False	False	ineligible	below_required_observation_threshold	1	0
502553	Cryptocentrus sericus	Cryptocentrus	Gobiidae	Gobiidae	Ventral-barred Shrimpgoby	0	5	False	False	False	ineligible	below_required_observation_threshold	2	0
196597	Cryptocentrus strigilliceps	Cryptocentrus	Gobiidae	Gobiidae	Target Shrimpgoby	0	7	False	False	False	ineligible	below_required_observation_threshold	2	0
424289	Ctenogobiops aurocingulus	Ctenogobiops	Gobiidae	Gobiidae	Goldstreaked Shrimpgoby	0	9	False	False	False	ineligible	below_required_observation_threshold	3	0
529990	Ctenogobiops crocineus	Ctenogobiops	Gobiidae	Gobiidae	Silverspot Shrimpgoby	0	34	False	False	False	ineligible	below_required_observation_threshold	12	0
335029	Ctenogobiops feroculus	Ctenogobiops	Gobiidae	Gobiidae	Fierce Shrimpgoby	0	31	False	False	False	ineligible	below_required_observation_threshold	11	0
346230	Ctenogobiops maculosus	Ctenogobiops	Gobiidae	Gobiidae	Silverspot Shrimpgoby	0	2	False	False	False	ineligible	below_required_observation_threshold	1	0
357999	Ctenogobiops mitodes	Ctenogobiops	Gobiidae	Gobiidae	Thread Shrimpgoby	0	13	False	False	False	ineligible	below_required_observation_threshold	4	0
516652	Ctenogobiops pomastictus	Ctenogobiops	Gobiidae	Gobiidae	Goldspeckled Shrimpgoby	0	15	False	False	False	ineligible	below_required_observation_threshold	5	0
196595	Ctenogobiops tangaroai	Ctenogobiops	Gobiidae	Gobiidae	Tangaroa shrimpgoby	0	2	False	False	False	ineligible	below_required_observation_threshold	1	0
99280	Didogobius schlieweni	Didogobius	Gobiidae	Gobiidae	Andromeda Goby	0	1	False	False	False	ineligible	below_required_observation_threshold	0	0
474789	Echinogobius hayashii	Echinogobius	Gobiidae	Gobiidae	Cheekstreak Goby	0	10	False	False	False	ineligible	below_required_observation_threshold	3	0
498400	Elacatinus cayman	Elacatinus	Gobiidae	Gobiidae	Cayman Cleaner Goby	0	15	False	False	False	ineligible	below_required_observation_threshold	5	0
498406	Elacatinus centralis	Elacatinus	Gobiidae	Gobiidae	Cayman Sponge Goby	0	2	False	False	False	ineligible	below_required_observation_threshold	1	0
131503	Elacatinus chancei	Elacatinus	Gobiidae	Gobiidae	Shortstripe Goby	0	2	False	False	False	ineligible	below_required_observation_threshold	1	0
614474	Elacatinus colini	Elacatinus	Gobiidae	Gobiidae	Belize Sponge Goby	0	2	False	False	False	ineligible	below_required_observation_threshold	1	0
128170	Elacatinus evelynae	Elacatinus	Gobiidae	Gobiidae	Sharknose Goby	0	111	False	False	False	ineligible	below_required_observation_threshold	38	0
49251	Elacatinus figaro	Elacatinus	Gobiidae	Gobiidae	Brazilian Neon Goby	0	9	False	False	False	ineligible	below_required_observation_threshold	3	0
131502	Elacatinus genie	Elacatinus	Gobiidae	Gobiidae	Cleaner Goby	0	8	False	False	False	ineligible	below_required_observation_threshold	3	0
128893	Elacatinus horsti	Elacatinus	Gobiidae	Gobiidae	Yellowline Goby	0	20	False	False	False	ineligible	below_required_observation_threshold	7	0
193885	Elacatinus illecebrosus	Elacatinus	Gobiidae	Gobiidae	Barsnout Goby	0	4	False	False	False	ineligible	below_required_observation_threshold	1	0
317507	Elacatinus jarocho	Elacatinus	Gobiidae	Gobiidae	Jarocho Goby	0	2	False	False	False	ineligible	below_required_observation_threshold	1	0
500571	Elacatinus lobeli	Elacatinus	Gobiidae	Gobiidae	Caribbean Neon Goby	0	36	False	False	False	ineligible	below_required_observation_threshold	12	0
193884	Elacatinus lori	Elacatinus	Gobiidae	Gobiidae	Linesnout Goby	0	7	False	False	False	ineligible	below_required_observation_threshold	2	0
317087	Elacatinus louisae	Elacatinus	Gobiidae	Gobiidae	Spotlight Goby	0	3	False	False	False	ineligible	below_required_observation_threshold	1	0
49252	Elacatinus oceanops	Elacatinus	Gobiidae	Gobiidae	Neon Goby	0	16	False	False	False	ineligible	below_required_observation_threshold	6	0
614476	Elacatinus phthirophagus	Elacatinus	Gobiidae	Gobiidae	Noronha Cleaner Goby	0	1	False	False	False	ineligible	below_required_observation_threshold	0	0
317088	Elacatinus prochilos	Elacatinus	Gobiidae	Gobiidae	Broadstripe Goby	0	14	False	False	False	ineligible	below_required_observation_threshold	5	0
1316695	Elacatinus puncticulatus	Elacatinus	Gobiidae	Gobiidae	Redhead Goby	0	36	False	False	False	ineligible	below_required_observation_threshold	12	0
128171	Elacatinus randalli	Elacatinus	Gobiidae	Gobiidae	Yellownose Goby	0	48	False	False	False	ineligible	below_required_observation_threshold	17	0
614489	Eviota abax	Eviota	Gobiidae	Gobiidae		0	1	False	False	False	ineligible	below_required_observation_threshold	0	0
614491	Eviota ancora	Eviota	Gobiidae	Gobiidae	Hookcheek dwarfgoby	0	1	False	False	False	ineligible	below_required_observation_threshold	0	0
487542	Eviota atriventris	Eviota	Gobiidae	Gobiidae	Neon Pygmy-goby	0	52	False	False	False	ineligible	below_required_observation_threshold	18	0
1561277	Eviota bacata	Eviota	Gobiidae	Gobiidae		0	11	False	False	False	ineligible	below_required_observation_threshold	4	0
343979	Eviota bifasciata	Eviota	Gobiidae	Gobiidae	Twostripe Eviota	0	11	False	False	False	ineligible	below_required_observation_threshold	4	0
335281	Eviota cometa	Eviota	Gobiidae	Gobiidae	Comet Eviota	0	15	False	False	False	ineligible	below_required_observation_threshold	5	0
196631	Eviota dorsogilva	Eviota	Gobiidae	Gobiidae	Creamback Dwarfgoby	0	3	False	False	False	ineligible	below_required_observation_threshold	1	0
489359	Eviota epiphanes	Eviota	Gobiidae	Gobiidae	Divine Dwarf Goby	0	3	False	False	False	ineligible	below_required_observation_threshold	1	0
614504	Eviota fallax	Eviota	Gobiidae	Gobiidae	Twin Dwarfgoby	0	7	False	False	False	ineligible	below_required_observation_threshold	2	0
196632	Eviota guttata	Eviota	Gobiidae	Gobiidae	Whitestriped Pygmygoby	0	19	False	False	False	ineligible	below_required_observation_threshold	7	0
518708	Eviota hoesei	Eviota	Gobiidae	Gobiidae	Doug's eviota	0	32	False	False	False	ineligible	below_required_observation_threshold	11	0
530006	Eviota infulata	Eviota	Gobiidae	Gobiidae	Shouldermark Eviota	0	2	False	False	False	ineligible	below_required_observation_threshold	1	0
450519	Eviota karaspila	Eviota	Gobiidae	Gobiidae	Ear-spot Dwarfgoby	0	24	False	False	False	ineligible	below_required_observation_threshold	8	0
614516	Eviota lateritea	Eviota	Gobiidae	Gobiidae	Laterite dwarfgoby	0	2	False	False	False	ineligible	below_required_observation_threshold	1	0
1359998	Eviota longirostris	Eviota	Gobiidae	Gobiidae		0	8	False	False	False	ineligible	below_required_observation_threshold	3	0
1015327	Eviota maculosa	Eviota	Gobiidae	Gobiidae		0	3	False	False	False	ineligible	below_required_observation_threshold	1	0
1359997	Eviota marerubrum	Eviota	Gobiidae	Gobiidae	Red Sea Eviota	0	8	False	False	False	ineligible	below_required_observation_threshold	3	0
614518	Eviota masudai	Eviota	Gobiidae	Gobiidae		0	1	False	False	False	ineligible	below_required_observation_threshold	0	0
530009	Eviota melasma	Eviota	Gobiidae	Gobiidae	Headspot Eviota	0	5	False	False	False	ineligible	below_required_observation_threshold	2	0
196635	Eviota mikiae	Eviota	Gobiidae	Gobiidae	Yellow and Whitestriped Pygmygoby	0	9	False	False	False	ineligible	below_required_observation_threshold	3	0
196637	Eviota nigrispina	Eviota	Gobiidae	Gobiidae	Blackspine Dwarfgoby	0	1	False	False	False	ineligible	below_required_observation_threshold	0	0
196630	Eviota nigriventris	Eviota	Gobiidae	Gobiidae	Blackbelly Pygmygoby	0	2	False	False	False	ineligible	below_required_observation_threshold	1	0
1360000	Eviota oculineata	Eviota	Gobiidae	Gobiidae	False-comet Dwarfgoby	0	26	False	False	False	ineligible	below_required_observation_threshold	9	0
614529	Eviota pardalota	Eviota	Gobiidae	Gobiidae	Leopard Dwarfgoby	0	1	False	False	False	ineligible	below_required_observation_threshold	0	0
623886	Eviota pictifacies	Eviota	Gobiidae	Gobiidae		0	2	False	False	False	ineligible	below_required_observation_threshold	1	0
418234	Eviota prasina	Eviota	Gobiidae	Gobiidae	Rubble Eviota	0	5	False	False	False	ineligible	below_required_observation_threshold	2	0
196634	Eviota prasites	Eviota	Gobiidae	Gobiidae	Hairfin Eviota	0	29	False	False	False	ineligible	below_required_observation_threshold	10	0
346143	Eviota punctulata	Eviota	Gobiidae	Gobiidae	Finespot Eviota	0	2	False	False	False	ineligible	below_required_observation_threshold	1	0
623887	Eviota punyit	Eviota	Gobiidae	Gobiidae		0	11	False	False	False	ineligible	below_required_observation_threshold	4	0
179877	Eviota sebreei	Eviota	Gobiidae	Gobiidae	Striped Eviota	0	85	False	False	False	ineligible	below_required_observation_threshold	29	0
424711	Eviota sigillata	Eviota	Gobiidae	Gobiidae	Sign Eviota	0	10	False	False	False	ineligible	below_required_observation_threshold	3	0
450518	Eviota smaragdus	Eviota	Gobiidae	Gobiidae	Emerald Dwarfgoby	0	2	False	False	False	ineligible	below_required_observation_threshold	1	0
100823	Eviota storthynx	Eviota	Gobiidae	Gobiidae	Rosy Eviota	0	1	False	False	False	ineligible	below_required_observation_threshold	0	0
515216	Eviota teresae	Eviota	Gobiidae	Gobiidae	Terry's Pygmygoby	0	58	False	False	False	ineligible	below_required_observation_threshold	20	0
530016	Eviota zebrina	Eviota	Gobiidae	Gobiidae	Zebra Eviota	0	2	False	False	False	ineligible	below_required_observation_threshold	1	0
319363	Exyrias akihito	Exyrias	Gobiidae	Gobiidae	Filamented Goby	0	3	False	False	False	ineligible	below_required_observation_threshold	1	0
319362	Exyrias belissimus	Exyrias	Gobiidae	Gobiidae	Mud-reef Goby	0	24	False	False	False	ineligible	below_required_observation_threshold	8	0
187387	Exyrias puntang	Exyrias	Gobiidae	Gobiidae	Puntang Goby	0	9	False	False	False	ineligible	below_required_observation_threshold	3	0
100904	Favonigobius exquisitus	Favonigobius	Gobiidae	Gobiidae	Exquisite Sandgoby	0	12	False	False	False	ineligible	below_required_observation_threshold	4	0
358146	Favonigobius gymnauchen	Favonigobius	Gobiidae	Gobiidae	Sharp-nosed Sand Goby	0	1	False	False	False	ineligible	below_required_observation_threshold	0	0
321993	Favonigobius lateralis	Favonigobius	Gobiidae	Gobiidae	Southern Longfin Goby	0	14	False	False	False	ineligible	below_required_observation_threshold	5	0
502355	Favonigobius lentiginosus	Favonigobius	Gobiidae	Gobiidae	Eastern Longfin Goby	0	11	False	False	False	ineligible	below_required_observation_threshold	4	0
100906	Favonigobius reichei	Favonigobius	Gobiidae	Gobiidae	Indopacific Tropical Sand Goby	0	2	False	False	False	ineligible	below_required_observation_threshold	1	0
614558	Fusigobius aureus	Fusigobius	Gobiidae	Gobiidae	Goldspot Sandgoby	0	6	False	False	False	ineligible	below_required_observation_threshold	2	0
121425	Fusigobius duospilus	Fusigobius	Gobiidae	Gobiidae	Twospot Sandgoby	0	10	False	False	False	ineligible	below_required_observation_threshold	3	0
530020	Fusigobius gracilis	Fusigobius	Gobiidae	Gobiidae	Slender Sandgoby	0	3	False	False	False	ineligible	below_required_observation_threshold	1	0
530021	Fusigobius humeralis	Fusigobius	Gobiidae	Gobiidae	Sidespot Sandgoby	0	3	False	False	False	ineligible	below_required_observation_threshold	1	0
1474840	Fusigobius humerosus	Fusigobius	Gobiidae	Gobiidae		0	5	False	False	False	ineligible	below_required_observation_threshold	2	0
318320	Fusigobius inframaculatus	Fusigobius	Gobiidae	Gobiidae	Blotched Goby	0	15	False	False	False	ineligible	below_required_observation_threshold	5	0
530022	Fusigobius maximus	Fusigobius	Gobiidae	Gobiidae	Large Sandgoby	0	3	False	False	False	ineligible	below_required_observation_threshold	1	0
487716	Fusigobius melacron	Fusigobius	Gobiidae	Gobiidae	Blacktip Sandgoby	0	30	False	False	False	ineligible	below_required_observation_threshold	10	0
487154	Fusigobius neophytus	Fusigobius	Gobiidae	Gobiidae	Neophyte Sandgoby	0	22	False	False	False	ineligible	below_required_observation_threshold	8	0
495299	Fusigobius pallidus	Fusigobius	Gobiidae	Gobiidae	Pale Sandgoby	0	3	False	False	False	ineligible	below_required_observation_threshold	1	0
196629	Fusigobius signipinnis	Fusigobius	Gobiidae	Gobiidae	Flasher Sandgoby	0	42	False	False	False	ineligible	below_required_observation_threshold	15	0
101218	Gammogobius steinitzi	Gammogobius	Gobiidae	Gobiidae	Steinitz's Goby	0	1	False	False	False	ineligible	below_required_observation_threshold	0	0
317115	Ginsburgellus novemlineatus	Ginsburgellus	Gobiidae	Gobiidae	Nineline Goby	0	1	False	False	False	ineligible	below_required_observation_threshold	0	0
187423	Glossogobius aureus	Glossogobius	Gobiidae	Gobiidae	Golden Flathead Goby	0	3	False	False	False	ineligible	below_required_observation_threshold	1	0
101493	Glossogobius callidus	Glossogobius	Gobiidae	Gobiidae		0	7	False	False	False	ineligible	below_required_observation_threshold	2	0
187426	Glossogobius giuris	Glossogobius	Gobiidae	Gobiidae	Tank Goby	0	19	False	False	False	ineligible	below_required_observation_threshold	7	0
489452	Glossogobius illimis	Glossogobius	Gobiidae	Gobiidae	False Celebius Goby	0	2	False	False	False	ineligible	below_required_observation_threshold	1	0
614584	Gobiodon bilineatus	Gobiodon	Gobiidae	Gobiidae	Two-lined Coralgoby	0	1	False	False	False	ineligible	below_required_observation_threshold	0	0
196655	Gobiodon citrinus	Gobiodon	Gobiidae	Gobiidae	Lemon Coralgoby	0	15	False	False	False	ineligible	below_required_observation_threshold	5	0
101600	Gobiodon histrio	Gobiodon	Gobiidae	Gobiidae	Maori Coralgoby	0	1	False	False	False	ineligible	below_required_observation_threshold	0	0
474780	Gobiodon okinawae	Gobiodon	Gobiidae	Gobiidae	Yellow Coralgoby	0	6	False	False	False	ineligible	below_required_observation_threshold	2	0
335198	Gobiodon quinquestrigatus	Gobiodon	Gobiidae	Gobiidae	Fiveline Coralgoby	0	1	False	False	False	ineligible	below_required_observation_threshold	0	0
196652	Gobiodon rivulatus	Gobiodon	Gobiidae	Gobiidae	Rippled Coralgoby	0	2	False	False	False	ineligible	below_required_observation_threshold	1	0
530038	Gobiopsis arenaria	Gobiopsis	Gobiidae	Gobiidae	Patchwork Goby	0	1	False	False	False	ineligible	below_required_observation_threshold	0	0
486530	Gobiopsis atrata	Gobiopsis	Gobiidae	Gobiidae	New Zealand Black Goby	0	4	False	False	False	ineligible	below_required_observation_threshold	1	0
179583	Gobiosoma bosc	Gobiosoma	Gobiidae	Gobiidae	Naked Goby	0	49	False	False	False	ineligible	below_required_observation_threshold	17	0
220509	Gobiosoma ginsburgi	Gobiosoma	Gobiidae	Gobiidae	Seaboard Goby	0	28	False	False	False	ineligible	below_required_observation_threshold	10	0
179579	Gobiosoma robustum	Gobiosoma	Gobiidae	Gobiidae	Code Goby	0	12	False	False	False	ineligible	below_required_observation_threshold	4	0
614612	Gobiosoma seminudum	Gobiosoma	Gobiidae	Gobiidae	Silt Goby	0	1	False	False	False	ineligible	below_required_observation_threshold	0	0
614614	Gobius ateriformis	Gobius	Gobiidae	Gobiidae		0	2	False	False	False	ineligible	below_required_observation_threshold	1	0
118699	Gobius auratus	Gobius	Gobiidae	Gobiidae	Golden Goby	0	15	False	False	False	ineligible	below_required_observation_threshold	5	0
118708	Gobius bucchichi	Gobius	Gobiidae	Gobiidae	Bucchich's Goby	0	24	False	False	False	ineligible	below_required_observation_threshold	8	0
446060	Gobius couchi	Gobius	Gobiidae	Gobiidae	Couch's Goby	0	11	False	False	False	ineligible	below_required_observation_threshold	4	0
118702	Gobius cruentatus	Gobius	Gobiidae	Gobiidae	Red-mouthed Goby	0	95	False	False	False	ineligible	below_required_observation_threshold	33	0
101620	Gobius fallax	Gobius	Gobiidae	Gobiidae	Sarato's Goby	0	21	False	False	False	ineligible	below_required_observation_threshold	7	0
118700	Gobius gasteveni	Gobius	Gobiidae	Gobiidae	Steven's Goby	0	7	False	False	False	ineligible	below_required_observation_threshold	2	0
101621	Gobius geniporus	Gobius	Gobiidae	Gobiidae	Slender Goby	0	95	False	False	False	ineligible	below_required_observation_threshold	33	0
101623	Gobius kolombatovici	Gobius	Gobiidae	Gobiidae	Kolombatovic's Goby	0	2	False	False	False	ineligible	below_required_observation_threshold	1	0
1316692	Gobius ophiocephalus	Gobius	Gobiidae	Gobiidae	Grass Goby	0	21	False	False	False	ineligible	below_required_observation_threshold	7	0
118706	Gobius paganellus	Gobius	Gobiidae	Gobiidae	Rock Goby	0	200	False	False	False	ineligible	below_required_observation_threshold	69	0
446061	Gobius roulei	Gobius	Gobiidae	Gobiidae	Roule's Goby	0	26	False	False	False	ineligible	below_required_observation_threshold	9	0
101625	Gobius vittatus	Gobius	Gobiidae	Gobiidae	Striped Goby	0	6	False	False	False	ineligible	below_required_observation_threshold	2	0
101626	Gobius xanthocephalus	Gobius	Gobiidae	Gobiidae	Yellow-headed Goby	0	35	False	False	False	ineligible	below_required_observation_threshold	12	0
1313344	Gobius xoriguer	Gobius	Gobiidae	Gobiidae		0	3	False	False	False	ineligible	below_required_observation_threshold	1	0
101628	Gobulus crescentalis	Gobulus	Gobiidae	Gobiidae		0	1	False	False	False	ineligible	below_required_observation_threshold	0	0
614624	Grallenia baliensis	Grallenia	Gobiidae	Gobiidae		0	3	False	False	False	ineligible	below_required_observation_threshold	1	0
196484	Gunnellichthys curiosus	Gunnellichthys	Gobiidae	Gobiidae	Curious Wormfish	0	2	False	False	False	ineligible	below_required_observation_threshold	1	0
473742	Gunnellichthys monostigma	Gunnellichthys	Gobiidae	Gobiidae	Onespot Wormfish	0	5	False	False	False	ineligible	below_required_observation_threshold	2	0
359540	Gunnellichthys pleurotaenia	Gunnellichthys	Gobiidae	Gobiidae	Blacklined Wormfish	0	3	False	False	False	ineligible	below_required_observation_threshold	1	0
473687	Gunnellichthys viridescens	Gunnellichthys	Gobiidae	Gobiidae	Yellowstripe Wormfish	0	3	False	False	False	ineligible	below_required_observation_threshold	1	0
101882	Gymneleotris seminuda	Gymneleotris	Gobiidae	Gobiidae	Splitbanded Goby	0	5	False	False	False	ineligible	below_required_observation_threshold	2	0
1555737	Hazeus nephodes	Hazeus	Gobiidae	Gobiidae	Cloudy Goby	0	2	False	False	False	ineligible	below_required_observation_threshold	1	0
1313221	Hazeus profusus	Hazeus	Gobiidae	Gobiidae		0	1	False	False	False	ineligible	below_required_observation_threshold	0	0
614655	Hetereleotris zonata	Hetereleotris	Gobiidae	Gobiidae		0	2	False	False	False	ineligible	below_required_observation_threshold	1	0
418235	Istigobius campbelli	Istigobius	Gobiidae	Gobiidae	Campbell's Sandgoby	0	25	False	False	False	ineligible	below_required_observation_threshold	9	0
196654	Istigobius decoratus	Istigobius	Gobiidae	Gobiidae	Decorated Sandgoby	0	106	False	False	False	ineligible	below_required_observation_threshold	37	0
530048	Istigobius goldmanni	Istigobius	Gobiidae	Gobiidae	Goldmann's Sandgoby	0	14	False	False	False	ineligible	below_required_observation_threshold	5	0
513959	Istigobius hoesei	Istigobius	Gobiidae	Gobiidae	Hoese's Sandgoby	0	7	False	False	False	ineligible	below_required_observation_threshold	2	0
469332	Istigobius hoshinonis	Istigobius	Gobiidae	Gobiidae	Hoshino's Sandgoby	0	4	False	False	False	ineligible	below_required_observation_threshold	1	0
368493	Istigobius ornatus	Istigobius	Gobiidae	Gobiidae	Ornate Sandgoby	0	106	False	False	False	ineligible	below_required_observation_threshold	37	0
103568	Istigobius rigilius	Istigobius	Gobiidae	Gobiidae	Orangespotted Sandgoby	0	32	False	False	False	ineligible	below_required_observation_threshold	11	0
489356	Kelloggella oligolepis	Kelloggella	Gobiidae	Gobiidae	Barred Tidepool Goby	0	15	False	False	False	ineligible	below_required_observation_threshold	5	0
196640	Koumansetta hectori	Koumansetta	Gobiidae	Gobiidae	Yellowstripe Goby	0	18	False	False	False	ineligible	below_required_observation_threshold	6	0
901990	Koumansetta hoesei	Koumansetta	Gobiidae	Gobiidae	Hoese's Goby	0	5	False	False	False	ineligible	below_required_observation_threshold	2	0
196639	Koumansetta rainfordi	Koumansetta	Gobiidae	Gobiidae	Old Glory	0	45	False	False	False	ineligible	below_required_observation_threshold	16	0
614677	Lesueurigobius suerii	Lesueurigobius	Gobiidae	Gobiidae	Lesueur’s Goby	0	8	False	False	False	ineligible	below_required_observation_threshold	3	0
132522	Lophogobius cyprinoides	Lophogobius	Gobiidae	Gobiidae	Crested Goby	0	37	False	False	False	ineligible	below_required_observation_threshold	13	0
337468	Lotilia graciliosa	Lotilia	Gobiidae	Gobiidae	Red Sea Whitecap Shrimpgoby	0	11	False	False	False	ineligible	below_required_observation_threshold	4	0
495247	Lotilia klausewitzi	Lotilia	Gobiidae	Gobiidae	Pacific Whitecap Shrimpgoby	0	3	False	False	False	ineligible	below_required_observation_threshold	1	0
530053	Lubricogobius exiguus	Lubricogobius	Gobiidae	Gobiidae	Yellow Pygmy Goby	0	12	False	False	False	ineligible	below_required_observation_threshold	4	0
487152	Luposicya lupus	Luposicya	Gobiidae	Gobiidae	Cup-sponge Goby	0	1	False	False	False	ineligible	below_required_observation_threshold	0	0
104964	Lythrypnus dalli	Lythrypnus	Gobiidae	Gobiidae	Blue-banded Goby	0	15	False	False	False	ineligible	below_required_observation_threshold	5	0
104965	Lythrypnus gilberti	Lythrypnus	Gobiidae	Gobiidae	Blue Banded Goby	0	6	False	False	False	ineligible	below_required_observation_threshold	2	0
317203	Lythrypnus spilus	Lythrypnus	Gobiidae	Gobiidae	Bluegold goby	0	1	False	False	False	ineligible	below_required_observation_threshold	0	0
530055	Macrodontogobius wilburi	Macrodontogobius	Gobiidae	Gobiidae	Wilbur's Goby	0	8	False	False	False	ineligible	below_required_observation_threshold	3	0
451141	Mahidolia mystacina	Mahidolia	Gobiidae	Gobiidae	Smiling Goby	0	4	False	False	False	ineligible	below_required_observation_threshold	1	0
1520931	Marcelogobius splechtnai	Marcelogobius	Gobiidae	Gobiidae	Splechtna's Goby	0	1	False	False	False	ineligible	below_required_observation_threshold	0	0
118707	Mauligobius maderensis	Mauligobius	Gobiidae	Gobiidae	Madeira Goby	0	129	False	False	False	ineligible	below_required_observation_threshold	45	0
105631	Mesogobius batrachocephalus	Mesogobius	Gobiidae	Gobiidae	Knout Goby	0	1	False	False	False	ineligible	below_required_observation_threshold	0	0
179542	Microdesmus longipinnis	Microdesmus	Gobiidae	Gobiidae	Pink Wormfish	0	2	False	False	False	ineligible	below_required_observation_threshold	1	0
105763	Microdesmus suttkusi	Microdesmus	Gobiidae	Gobiidae	Spotside Wormfish	0	2	False	False	False	ineligible	below_required_observation_threshold	1	0
179546	Microgobius gulosus	Microgobius	Gobiidae	Gobiidae	Clown Goby	0	9	False	False	False	ineligible	below_required_observation_threshold	3	0
490170	Microgobius microlepis	Microgobius	Gobiidae	Gobiidae	Banner Goby	0	4	False	False	False	ineligible	below_required_observation_threshold	1	0
105894	Millerigobius macrocephalus	Millerigobius	Gobiidae	Gobiidae	Large-headed Goby	0	3	False	False	False	ineligible	below_required_observation_threshold	1	0
614719	Myersina filifer	Myersina	Gobiidae	Gobiidae	Filamentous shrimpgoby	0	5	False	False	False	ineligible	below_required_observation_threshold	2	0
530064	Myersina nigrivirgata	Myersina	Gobiidae	Gobiidae	Blackline Shrimpgoby	0	1	False	False	False	ineligible	below_required_observation_threshold	0	0
196489	Nemateleotris decora	Nemateleotris	Gobiidae	Gobiidae	Decorated Dartfish	0	8	False	False	False	ineligible	below_required_observation_threshold	3	0
1458470	Nemateleotris lavandula	Nemateleotris	Gobiidae	Gobiidae	Lavender-blushed Dartfish	0	1	False	False	False	ineligible	below_required_observation_threshold	0	0
106696	Nemateleotris magnifica	Nemateleotris	Gobiidae	Gobiidae	Fire Dartfish	0	154	False	False	False	ineligible	below_required_observation_threshold	53	0
106742	Neogobius fluviatilis	Neogobius	Gobiidae	Gobiidae	Monkey Goby	0	18	False	False	False	ineligible	below_required_observation_threshold	6	0
147139	Nes longus	Nes	Gobiidae	Gobiidae	Orangespotted Goby	0	18	False	False	False	ineligible	below_required_observation_threshold	6	0
107351	Odondebuenia balearica	Odondebuenia	Gobiidae	Gobiidae	Coralline goby	0	3	False	False	False	ineligible	below_required_observation_threshold	1	0
474840	Oplopomus caninoides	Oplopomus	Gobiidae	Gobiidae	Shy Lagoongoby	0	1	False	False	False	ineligible	below_required_observation_threshold	0	0
530067	Oplopomus oplopomus	Oplopomus	Gobiidae	Gobiidae	Pretty Lagoongoby	0	26	False	False	False	ineligible	below_required_observation_threshold	9	0
108184	Padogobius bonelli	Padogobius	Gobiidae	Gobiidae	Padanian Goby	0	23	False	False	False	ineligible	below_required_observation_threshold	8	0
108185	Padogobius nigricans	Padogobius	Gobiidae	Gobiidae	Arno Goby	0	1	False	False	False	ineligible	below_required_observation_threshold	0	0
614770	Paragobiodon kasaii	Paragobiodon	Gobiidae	Gobiidae		0	1	False	False	False	ineligible	below_required_observation_threshold	0	0
470120	Paragobiodon xanthosoma	Paragobiodon	Gobiidae	Gobiidae	Emerald Coralgoby	0	3	False	False	False	ineligible	below_required_observation_threshold	1	0
617357	Parioglossus dotui	Parioglossus	Gobiidae	Gobiidae	Beautiful Hover Goby	0	2	False	False	False	ineligible	below_required_observation_threshold	1	0
188046	Parioglossus formosus	Parioglossus	Gobiidae	Gobiidae	Yellowstriped Dartfish	0	1	False	False	False	ineligible	below_required_observation_threshold	0	0
446363	Parioglossus marginalis	Parioglossus	Gobiidae	Gobiidae	Blackmargin Dartfish	0	3	False	False	False	ineligible	below_required_observation_threshold	1	0
188048	Parioglossus palustris	Parioglossus	Gobiidae	Gobiidae	Tailspot Dartfish	0	1	False	False	False	ineligible	below_required_observation_threshold	0	0
530358	Parioglossus philippinus	Parioglossus	Gobiidae	Gobiidae	Philippine Dartfish	0	2	False	False	False	ineligible	below_required_observation_threshold	1	0
188049	Parioglossus rainfordi	Parioglossus	Gobiidae	Gobiidae	Rainford's Dartfish	0	1	False	False	False	ineligible	below_required_observation_threshold	0	0
188050	Parioglossus raoi	Parioglossus	Gobiidae	Gobiidae		0	1	False	False	False	ineligible	below_required_observation_threshold	0	0
530083	Phyllogobius platycephalops	Phyllogobius	Gobiidae	Gobiidae	Flathead Spongegoby	0	1	False	False	False	ineligible	below_required_observation_threshold	0	0
530085	Pleurosicya bilobata	Pleurosicya	Gobiidae	Gobiidae	Seagrass Ghostgoby	0	1	False	False	False	ineligible	below_required_observation_threshold	0	0
470123	Pleurosicya boldinghi	Pleurosicya	Gobiidae	Gobiidae	Softcoral Ghostgoby	0	1	False	False	False	ineligible	below_required_observation_threshold	0	0
424702	Pleurosicya elongata	Pleurosicya	Gobiidae	Gobiidae	Slender Spongegoby	0	2	False	False	False	ineligible	below_required_observation_threshold	1	0
473743	Pleurosicya labiata	Pleurosicya	Gobiidae	Gobiidae	Barrel-sponge Goby	0	4	False	False	False	ineligible	below_required_observation_threshold	1	0
359837	Pleurosicya micheli	Pleurosicya	Gobiidae	Gobiidae	Stony Coral Ghostgoby	0	6	False	False	False	ineligible	below_required_observation_threshold	2	0
196641	Pleurosicya mossambica	Pleurosicya	Gobiidae	Gobiidae	Many-host Ghostgoby	0	17	False	False	False	ineligible	below_required_observation_threshold	6	0
110053	Ponticola gorlap	Ponticola	Gobiidae	Gobiidae	Caspian Bighead Goby	0	5	False	False	False	ineligible	below_required_observation_threshold	2	0
110054	Ponticola kessleri	Ponticola	Gobiidae	Gobiidae	Bighead Goby	0	6	False	False	False	ineligible	below_required_observation_threshold	2	0
446403	Ponticola platyrostris	Ponticola	Gobiidae	Gobiidae	Flatsnout Goby	0	4	False	False	False	ineligible	below_required_observation_threshold	1	0
121422	Priolepis aureoviridis	Priolepis	Gobiidae	Gobiidae	Golden Goby	0	1	False	False	False	ineligible	below_required_observation_threshold	0	0
473787	Priolepis cincta	Priolepis	Gobiidae	Gobiidae	Girdled Reefgoby	0	3	False	False	False	ineligible	below_required_observation_threshold	1	0
131496	Priolepis hipoliti	Priolepis	Gobiidae	Gobiidae	Rusty Goby	0	11	False	False	False	ineligible	below_required_observation_threshold	4	0
530096	Priolepis nuchifasciata	Priolepis	Gobiidae	Gobiidae	Threadfin Reefgoby	0	2	False	False	False	ineligible	below_required_observation_threshold	1	0
110671	Proterorhinus semilunaris	Proterorhinus	Gobiidae	Gobiidae	Western Tubenose Goby	0	22	False	False	False	ineligible	below_required_observation_threshold	8	0
614819	Psammogobius knysnaensis	Psammogobius	Gobiidae	Gobiidae	Knysna Sandgoby	0	1	False	False	False	ineligible	below_required_observation_threshold	0	0
489363	Psilogobius mainlandi	Psilogobius	Gobiidae	Gobiidae	Hawaiian Shrimp Goby	0	2	False	False	False	ineligible	below_required_observation_threshold	1	0
317328	Ptereleotris calliura	Ptereleotris	Gobiidae	Gobiidae	Blue Dartfish	0	2	False	False	False	ineligible	below_required_observation_threshold	1	0
196487	Ptereleotris evides	Ptereleotris	Gobiidae	Gobiidae	Twotone Dartfish	0	100	False	False	False	ineligible	below_required_observation_threshold	35	0
201817	Ptereleotris hanae	Ptereleotris	Gobiidae	Gobiidae	Threadfin Dartfish	0	7	False	False	False	ineligible	below_required_observation_threshold	2	0
229304	Ptereleotris helenae	Ptereleotris	Gobiidae	Gobiidae	Hovering Goby	0	3	False	False	False	ineligible	below_required_observation_threshold	1	0
196486	Ptereleotris heteroptera	Ptereleotris	Gobiidae	Gobiidae	Spottail Dartfish	0	32	False	False	False	ineligible	below_required_observation_threshold	11	0
196485	Ptereleotris microlepis	Ptereleotris	Gobiidae	Gobiidae	Pearly Dartfish	0	49	False	False	False	ineligible	below_required_observation_threshold	17	0
513894	Ptereleotris monoptera	Ptereleotris	Gobiidae	Gobiidae	Monofin Dartfish	0	10	False	False	False	ineligible	below_required_observation_threshold	3	0
345909	Ptereleotris zebra	Ptereleotris	Gobiidae	Gobiidae	Zebra Barred Dartfish	0	11	False	False	False	ineligible	below_required_observation_threshold	4	0
132521	Rhinogobiops nicholsii	Rhinogobiops	Gobiidae	Gobiidae	Blackeye Goby	0	101	False	False	False	ineligible	below_required_observation_threshold	35	0
131460	Risor ruber	Risor	Gobiidae	Gobiidae	Tusked Goby	0	2	False	False	False	ineligible	below_required_observation_threshold	1	0
145527	Signigobius biocellatus	Signigobius	Gobiidae	Gobiidae	Signal goby	0	12	False	False	False	ineligible	below_required_observation_threshold	4	0
530104	Silhouettea hoesei	Silhouettea	Gobiidae	Gobiidae	Hoese's Silhouette Goby	0	1	False	False	False	ineligible	below_required_observation_threshold	0	0
196594	Stonogobiops nematodes	Stonogobiops	Gobiidae	Gobiidae	Black-rayed Shrimpgoby	0	2	False	False	False	ineligible	below_required_observation_threshold	1	0
1316687	Stonogobiops xanthorhinicus	Stonogobiops	Gobiidae	Gobiidae	Yellownose Shrimpgoby	0	2	False	False	False	ineligible	below_required_observation_threshold	1	0
530107	Sueviota atrinasa	Sueviota	Gobiidae	Gobiidae	Blacknose Sueviota	0	1	False	False	False	ineligible	below_required_observation_threshold	0	0
118698	Thorogobius ephippiatus	Thorogobius	Gobiidae	Gobiidae	Leopard-spotted Goby	0	43	False	False	False	ineligible	below_required_observation_threshold	15	0
114111	Thorogobius macrolepis	Thorogobius	Gobiidae	Gobiidae	Large-scaled Goby	0	8	False	False	False	ineligible	below_required_observation_threshold	3	0
614970	Tigrigobius digueti	Tigrigobius	Gobiidae	Gobiidae	Banded Cleaner-goby	0	14	False	False	False	ineligible	below_required_observation_threshold	5	0
614971	Tigrigobius dilepis	Tigrigobius	Gobiidae	Gobiidae	Orangesided Goby	0	9	False	False	False	ineligible	below_required_observation_threshold	3	0
499293	Tigrigobius harveyi	Tigrigobius	Gobiidae	Gobiidae	Cayman greenbanded goby	0	7	False	False	False	ineligible	below_required_observation_threshold	2	0
614973	Tigrigobius janssi	Tigrigobius	Gobiidae	Gobiidae		0	6	False	False	False	ineligible	below_required_observation_threshold	2	0
614975	Tigrigobius macrodon	Tigrigobius	Gobiidae	Gobiidae	Tiger Goby	0	36	False	False	False	ineligible	below_required_observation_threshold	12	0
614978	Tigrigobius pallens	Tigrigobius	Gobiidae	Gobiidae	Semiscaled Goby	0	3	False	False	False	ineligible	below_required_observation_threshold	1	0
871116	Tigrigobius redimiculus	Tigrigobius	Gobiidae	Gobiidae	Cinta Goby	0	1	False	False	False	ineligible	below_required_observation_threshold	0	0
614981	Tomiyamichthys alleni	Tomiyamichthys	Gobiidae	Gobiidae	Allen's Shrimpgoby	0	1	False	False	False	ineligible	below_required_observation_threshold	0	0
530116	Tomiyamichthys latruncularius	Tomiyamichthys	Gobiidae	Gobiidae	Fan Shrimpgoby	0	1	False	False	False	ineligible	below_required_observation_threshold	0	0
311237	Tomiyamichthys oni	Tomiyamichthys	Gobiidae	Gobiidae	Monster Shrimpgoby	0	1	False	False	False	ineligible	below_required_observation_threshold	0	0
196646	Trimma anaima	Trimma	Gobiidae	Gobiidae	Pale Dwarfgoby	0	12	False	False	False	ineligible	below_required_observation_threshold	4	0
530117	Trimma annosum	Trimma	Gobiidae	Gobiidae	Greybeard Dwarfgoby	0	5	False	False	False	ineligible	below_required_observation_threshold	2	0
344287	Trimma anthrenum	Trimma	Gobiidae	Gobiidae	Bumble-bee Pygmygoby	0	1	False	False	False	ineligible	below_required_observation_threshold	0	0
614992	Trimma avidori	Trimma	Gobiidae	Gobiidae	Avidor's Pygmygoby	0	5	False	False	False	ineligible	below_required_observation_threshold	2	0
196653	Trimma benjamini	Trimma	Gobiidae	Gobiidae	Ringeye Pygmygoby	0	41	False	False	False	ineligible	below_required_observation_threshold	14	0
516674	Trimma caesiura	Trimma	Gobiidae	Gobiidae	Caesiura Pygmygoby	0	19	False	False	False	ineligible	below_required_observation_threshold	7	0
196721	Trimma cana	Trimma	Gobiidae	Gobiidae	Candycane Dwarfgoby	0	4	False	False	False	ineligible	below_required_observation_threshold	1	0
530119	Trimma fangi	Trimma	Gobiidae	Gobiidae	Fang's Dwarfgoby	0	5	False	False	False	ineligible	below_required_observation_threshold	2	0
547942	Trimma finistrinum	Trimma	Gobiidae	Gobiidae	Porthole Pygmygoby	0	3	False	False	False	ineligible	below_required_observation_threshold	1	0
495523	Trimma flammeum	Trimma	Gobiidae	Gobiidae	Large-eye pygmygoby	0	3	False	False	False	ineligible	below_required_observation_threshold	1	0
615005	Trimma flavicaudatum	Trimma	Gobiidae	Gobiidae		0	2	False	False	False	ineligible	below_required_observation_threshold	1	0
615006	Trimma fucatum	Trimma	Gobiidae	Gobiidae		0	2	False	False	False	ineligible	below_required_observation_threshold	1	0
615008	Trimma grammistes	Trimma	Gobiidae	Gobiidae		0	2	False	False	False	ineligible	below_required_observation_threshold	1	0
508864	Trimma halonevum	Trimma	Gobiidae	Gobiidae	Skinspot Pygmygoby	0	1	False	False	False	ineligible	below_required_observation_threshold	0	0
615012	Trimma hollemani	Trimma	Gobiidae	Gobiidae		0	1	False	False	False	ineligible	below_required_observation_threshold	0	0
1315350	Trimma macrophthalmus	Trimma	Gobiidae	Gobiidae	Flame Goby	0	3	False	False	False	ineligible	below_required_observation_threshold	1	0
615019	Trimma maiandros	Trimma	Gobiidae	Gobiidae	Zigzag Pygmygoby	0	6	False	False	False	ineligible	below_required_observation_threshold	2	0
424868	Trimma nasa	Trimma	Gobiidae	Gobiidae	Nasal Pygmygoby	0	2	False	False	False	ineligible	below_required_observation_threshold	1	0
424797	Trimma naudei	Trimma	Gobiidae	Gobiidae	Rubble Dwarfgoby	0	5	False	False	False	ineligible	below_required_observation_threshold	2	0
530125	Trimma necopinum	Trimma	Gobiidae	Gobiidae	Australian Pygmygoby	0	5	False	False	False	ineligible	below_required_observation_threshold	2	0
514173	Trimma okinawae	Trimma	Gobiidae	Gobiidae	Orange-red Pygmygoby	0	12	False	False	False	ineligible	below_required_observation_threshold	4	0
615035	Trimma sostra	Trimma	Gobiidae	Gobiidae	Sostra's Pygmygoby	0	1	False	False	False	ineligible	below_required_observation_threshold	0	0
530126	Trimma striatum	Trimma	Gobiidae	Gobiidae	Redlined Pygmygoby	0	9	False	False	False	ineligible	below_required_observation_threshold	3	0
146670	Trimma taylori	Trimma	Gobiidae	Gobiidae	Yellow Cavegoby	0	3	False	False	False	ineligible	below_required_observation_threshold	1	0
1246799	Trimma ukkriti	Trimma	Gobiidae	Gobiidae	Ukkrit's Pygmygoby	0	6	False	False	False	ineligible	below_required_observation_threshold	2	0
615040	Trimma winterbottomi	Trimma	Gobiidae	Gobiidae	Trench-head pygmygoby	0	1	False	False	False	ineligible	below_required_observation_threshold	0	0
272555	Valenciennea helsdingenii	Valenciennea	Gobiidae	Gobiidae	Blacklined Glidergoby	0	8	False	False	False	ineligible	below_required_observation_threshold	3	0
474277	Valenciennea immaculata	Valenciennea	Gobiidae	Gobiidae	Immaculate Glidergoby	0	7	False	False	False	ineligible	below_required_observation_threshold	2	0
530134	Valenciennea longipinnis	Valenciennea	Gobiidae	Gobiidae	Ocellate Glidergoby	0	41	False	False	False	ineligible	below_required_observation_threshold	14	0
346147	Valenciennea muralis	Valenciennea	Gobiidae	Gobiidae	Mural Glidergoby	0	37	False	False	False	ineligible	below_required_observation_threshold	13	0
473688	Valenciennea parva	Valenciennea	Gobiidae	Gobiidae	Little Glidergoby	0	4	False	False	False	ineligible	below_required_observation_threshold	1	0
615058	Valenciennea persica	Valenciennea	Gobiidae	Gobiidae	Persian Glidergoby	0	2	False	False	False	ineligible	below_required_observation_threshold	1	0
141843	Valenciennea puellaris	Valenciennea	Gobiidae	Gobiidae	Orange-dashed Goby	0	55	False	False	False	ineligible	below_required_observation_threshold	19	0
424262	Valenciennea randalli	Valenciennea	Gobiidae	Gobiidae	Greenband Glidergoby	0	1	False	False	False	ineligible	below_required_observation_threshold	0	0
1683579	Valenciennea schlieweni	Valenciennea	Gobiidae	Gobiidae		0	6	False	False	False	ineligible	below_required_observation_threshold	2	0
196645	Valenciennea sexguttata	Valenciennea	Gobiidae	Gobiidae	Sixspot Glidergoby	0	91	False	False	False	ineligible	below_required_observation_threshold	31	0
179875	Valenciennea strigata	Valenciennea	Gobiidae	Gobiidae	Bluestreak Goby	0	85	False	False	False	ineligible	below_required_observation_threshold	29	0
325247	Valenciennea wardii	Valenciennea	Gobiidae	Gobiidae	Broadbarred Glidergoby	0	3	False	False	False	ineligible	below_required_observation_threshold	1	0
1314625	Valenciennea yanoi	Valenciennea	Gobiidae	Gobiidae	Yano's Glidergoby	0	1	False	False	False	ineligible	below_required_observation_threshold	0	0
1683559	Valenciennea zaboae	Valenciennea	Gobiidae	Gobiidae		0	7	False	False	False	ineligible	below_required_observation_threshold	2	0
196593	Vanderhorstia ambanoro	Vanderhorstia	Gobiidae	Gobiidae	Twinspot Shrimpgoby	0	12	False	False	False	ineligible	below_required_observation_threshold	4	0
615063	Vanderhorstia delagoae	Vanderhorstia	Gobiidae	Gobiidae		0	4	False	False	False	ineligible	below_required_observation_threshold	1	0
537923	Vanderhorstia dorsomacula	Vanderhorstia	Gobiidae	Gobiidae	Spangled Shrimpgoby	0	1	False	False	False	ineligible	below_required_observation_threshold	0	0
530136	Vanderhorstia mertensi	Vanderhorstia	Gobiidae	Gobiidae	Slender Shrimpgoby	0	1	False	False	False	ineligible	below_required_observation_threshold	0	0
530137	Vanderhorstia ornatissima	Vanderhorstia	Gobiidae	Gobiidae	Ornate Shrimpgoby	0	2	False	False	False	ineligible	below_required_observation_threshold	1	0
359358	Vanderhorstia papilio	Vanderhorstia	Gobiidae	Gobiidae	Butterfly Shrimpgoby	0	1	False	False	False	ineligible	below_required_observation_threshold	0	0
615077	Vanneaugobius dollfusi	Vanneaugobius	Gobiidae	Gobiidae		0	4	False	False	False	ineligible	below_required_observation_threshold	1	0
1649739	Wheelerigobius canariensis	Wheelerigobius	Gobiidae	Gobiidae	Canary Goby	0	22	False	False	False	ineligible	below_required_observation_threshold	8	0
615082	Wheelerigobius wirtzi	Wheelerigobius	Gobiidae	Gobiidae	Cameroon Goby	0	1	False	False	False	ineligible	below_required_observation_threshold	0	0
1315821	Yongeichthys nebulosus	Yongeichthys	Gobiidae	Gobiidae	Hairfin Goby	0	15	False	False	False	ineligible	below_required_observation_threshold	5	0
1474192	Yongeichthys viganensis	Yongeichthys	Gobiidae	Gobiidae		0	1	False	False	False	ineligible	below_required_observation_threshold	0	0
1313296	Zebrus pallaoroi	Zebrus	Gobiidae	Gobiidae	Pallaoro's Goby	0	4	False	False	False	ineligible	below_required_observation_threshold	1	0
122002	Plectorhinchus chaetodonoides	Plectorhinchus	Haemulidae	Haemulidae	Harlequin Sweetlips	0	250	True	True	True	common_target_pretraining	requested_target_meets_licensed_abundance_threshold	86	100
49947	Anisotremus virginicus	Anisotremus	Haemulidae	Haemulidae	Porkfish	0	260	True	False	True	broad_pretraining	global_licensed_abundance	90	100
1316786	Brachygenys chrysargyrea	Brachygenys	Haemulidae	Haemulidae	Smallmouth Grunt	0	252	True	False	True	broad_pretraining	global_licensed_abundance	87	100
62600	Haemulon flavolineatum	Haemulon	Haemulidae	Haemulidae	French Grunt	0	829	True	False	True	broad_pretraining	global_licensed_abundance	287	200
49262	Haemulon sciurus	Haemulon	Haemulidae	Haemulidae	Bluestriped Grunt	0	572	True	False	True	broad_pretraining	global_licensed_abundance	198	100
49951	Haemulon plumierii	Haemulon	Haemulidae	Haemulidae	White Grunt	0	265	True	False	True	novel_evaluation	held_out_for_unseen_species_evaluation	92	100
135279	Plectorhinchus polytaenia	Plectorhinchus	Haemulidae	Haemulidae	Ribbon Sweetlips	0	39	False	True	False	rare_target_holdout	requested_target_below_abundance_thresholds	13	0
120999	Plectorhinchus vittatus	Plectorhinchus	Haemulidae	Haemulidae	Oriental Sweetlips	0	167	False	True	False	rare_target_holdout	requested_target_below_abundance_thresholds	58	0
94129	Anisotremus caesius	Anisotremus	Haemulidae	Haemulidae	Silver Gray Grunt	0	8	False	False	False	ineligible	below_required_observation_threshold	3	0
94130	Anisotremus davidsonii	Anisotremus	Haemulidae	Haemulidae	Xantic Sargo	0	25	False	False	False	ineligible	below_required_observation_threshold	9	0
1313244	Anisotremus espinozai	Anisotremus	Haemulidae	Haemulidae	Santa Cruz Grunt	0	13	False	False	False	ineligible	below_required_observation_threshold	4	0
94132	Anisotremus interruptus	Anisotremus	Haemulidae	Haemulidae	Burrito Grunt	0	24	False	False	False	ineligible	below_required_observation_threshold	8	0
1313243	Anisotremus perezponcedeleoni	Anisotremus	Haemulidae	Haemulidae	Clarion Grunt	0	1	False	False	False	ineligible	below_required_observation_threshold	0	0
94135	Anisotremus scapularis	Anisotremus	Haemulidae	Haemulidae	Peruvian Grunt	0	6	False	False	False	ineligible	below_required_observation_threshold	2	0
52296	Anisotremus surinamensis	Anisotremus	Haemulidae	Haemulidae	Black Margate	0	118	False	False	False	ineligible	below_required_observation_threshold	41	0
94136	Anisotremus taeniatus	Anisotremus	Haemulidae	Haemulidae	Panamic Porkfish	0	31	False	False	False	ineligible	below_required_observation_threshold	11	0
1316636	Brachygenys californiensis	Brachygenys	Haemulidae	Haemulidae	California Salema	0	13	False	False	False	ineligible	below_required_observation_threshold	4	0
1316635	Brachygenys jessiae	Brachygenys	Haemulidae	Haemulidae	Black Striped Salema	0	65	False	False	False	ineligible	below_required_observation_threshold	22	0
179626	Conodon nobilis	Conodon	Haemulidae	Haemulidae	Barred Grunt	0	6	False	False	False	ineligible	below_required_observation_threshold	2	0
615139	Diagramma centurio	Diagramma	Haemulidae	Haemulidae	Sailfin Rubberlip	0	6	False	False	False	ineligible	below_required_observation_threshold	2	0
513499	Diagramma labiosum	Diagramma	Haemulidae	Haemulidae	Grey Sweetlips	0	16	False	False	False	ineligible	below_required_observation_threshold	6	0
530147	Diagramma melanacrum	Diagramma	Haemulidae	Haemulidae	Blackfin Sweetlips	0	16	False	False	False	ineligible	below_required_observation_threshold	6	0
132396	Diagramma pictum	Diagramma	Haemulidae	Haemulidae	Painted Sweetlips	0	58	False	False	False	ineligible	below_required_observation_threshold	20	0
615140	Diagramma punctatum	Diagramma	Haemulidae	Haemulidae		0	2	False	False	False	ineligible	below_required_observation_threshold	1	0
147114	Emmelichthyops atlanticus	Emmelichthyops	Haemulidae	Haemulidae	Bonnetmouth	0	1	False	False	False	ineligible	below_required_observation_threshold	0	0
483603	Genyatremus dovii	Genyatremus	Haemulidae	Haemulidae	Black-barred Grunt	0	3	False	False	False	ineligible	below_required_observation_threshold	1	0
49953	Haemulon album	Haemulon	Haemulidae	Haemulidae	White Margate	0	29	False	False	False	ineligible	below_required_observation_threshold	10	0
1313585	Haemulon atlanticus	Haemulon	Haemulidae	Haemulidae	Atlantic latin grunt	0	19	False	False	False	ineligible	below_required_observation_threshold	7	0
49950	Haemulon aurolineatum	Haemulon	Haemulidae	Haemulidae	Tomtate	0	160	False	False	False	ineligible	below_required_observation_threshold	55	0
317130	Haemulon bonariense	Haemulon	Haemulidae	Haemulidae	Black Grunt	0	2	False	False	False	ineligible	below_required_observation_threshold	1	0
130054	Haemulon carbonarium	Haemulon	Haemulidae	Haemulidae	Caesar Grunt	0	149	False	False	False	ineligible	below_required_observation_threshold	52	0
101998	Haemulon flaviguttatum	Haemulon	Haemulidae	Haemulidae	Cortez Grunt	0	15	False	False	False	ineligible	below_required_observation_threshold	5	0
52295	Haemulon macrostoma	Haemulon	Haemulidae	Haemulidae	Spanish Grunt	0	31	False	False	False	ineligible	below_required_observation_threshold	11	0
101999	Haemulon maculicauda	Haemulon	Haemulidae	Haemulidae	Spottail Grunt	0	197	False	False	False	ineligible	below_required_observation_threshold	68	0
131388	Haemulon melanurum	Haemulon	Haemulidae	Haemulidae	Cottonwick	0	31	False	False	False	ineligible	below_required_observation_threshold	11	0
317131	Haemulon parra	Haemulon	Haemulidae	Haemulidae	Sailor's Choice	0	167	False	False	False	ineligible	below_required_observation_threshold	58	0
102000	Haemulon scudderii	Haemulon	Haemulidae	Haemulidae	Grey Grunt	0	64	False	False	False	ineligible	below_required_observation_threshold	22	0
102001	Haemulon sexfasciatum	Haemulon	Haemulidae	Haemulidae	Graybar Grunt	0	172	False	False	False	ineligible	below_required_observation_threshold	60	0
102002	Haemulon steindachneri	Haemulon	Haemulidae	Haemulidae	Pacific Latin Grunt	0	10	False	False	False	ineligible	below_required_observation_threshold	3	0
49949	Haemulon striatum	Haemulon	Haemulidae	Haemulidae	Striped Grunt	0	8	False	False	False	ineligible	below_required_observation_threshold	3	0
495478	Haemulon vittatum	Haemulon	Haemulidae	Haemulidae	Boga	0	11	False	False	False	ineligible	below_required_observation_threshold	4	0
102003	Haemulopsis axillaris	Haemulopsis	Haemulidae	Haemulidae	Yellowstripe Grunt	0	1	False	False	False	ineligible	below_required_observation_threshold	0	0
615149	Haemulopsis corvinaeformis	Haemulopsis	Haemulidae	Haemulidae	Roughneck Grunt	0	10	False	False	False	ineligible	below_required_observation_threshold	3	0
1316046	Haemulopsis elongata	Haemulopsis	Haemulidae	Haemulidae	Elongate Grunt	0	5	False	False	False	ineligible	below_required_observation_threshold	2	0
49952	Haemulopsis leuciscus	Haemulopsis	Haemulidae	Haemulidae	White Grunt	0	6	False	False	False	ineligible	below_required_observation_threshold	2	0
1316045	Haemulopsis nitida	Haemulopsis	Haemulidae	Haemulidae	Shining Grunt	0	2	False	False	False	ineligible	below_required_observation_threshold	1	0
103475	Isacia conceptionis	Isacia	Haemulidae	Haemulidae	Cabinza Grunt	0	5	False	False	False	ineligible	below_required_observation_threshold	2	0
105787	Microlepidotus brevipinnis	Microlepidotus	Haemulidae	Haemulidae	Brassy Grunt	0	58	False	False	False	ineligible	below_required_observation_threshold	20	0
105788	Microlepidotus inornatus	Microlepidotus	Haemulidae	Haemulidae	Wavyline Grunt	0	3	False	False	False	ineligible	below_required_observation_threshold	1	0
1316631	Microlepidotus lethopristis	Microlepidotus	Haemulidae	Haemulidae	Scalyfin Grunt	0	4	False	False	False	ineligible	below_required_observation_threshold	1	0
1316044	Orthopristis chalcea	Orthopristis	Haemulidae	Haemulidae	Humpback Grunt	0	2	False	False	False	ineligible	below_required_observation_threshold	1	0
49431	Orthopristis chrysoptera	Orthopristis	Haemulidae	Haemulidae	Pigfish	0	134	False	False	False	ineligible	below_required_observation_threshold	46	0
55531	Orthopristis forbesi	Orthopristis	Haemulidae	Haemulidae	Galápagos Grunt	0	1	False	False	False	ineligible	below_required_observation_threshold	0	0
1316043	Orthopristis rubra	Orthopristis	Haemulidae	Haemulidae	Corocoro Grunt	0	9	False	False	False	ineligible	below_required_observation_threshold	3	0
476129	Parapristipoma humile	Parapristipoma	Haemulidae	Haemulidae	Guinean Grunt	0	3	False	False	False	ineligible	below_required_observation_threshold	1	0
359901	Parapristipoma octolineatum	Parapristipoma	Haemulidae	Haemulidae	African Striped Grunt	0	25	False	False	False	ineligible	below_required_observation_threshold	9	0
469585	Parapristipoma trilineatum	Parapristipoma	Haemulidae	Haemulidae	Chicken Grunt	0	4	False	False	False	ineligible	below_required_observation_threshold	1	0
199248	Plectorhinchus albovittatus	Plectorhinchus	Haemulidae	Haemulidae	Giant Sweetlips	0	22	False	False	False	ineligible	below_required_observation_threshold	8	0
525646	Plectorhinchus caeruleonothus	Plectorhinchus	Haemulidae	Haemulidae	Blue Bastard	0	2	False	False	False	ineligible	below_required_observation_threshold	1	0
123448	Plectorhinchus chrysotaenia	Plectorhinchus	Haemulidae	Haemulidae	Goldlined Sweetlips	0	21	False	False	False	ineligible	below_required_observation_threshold	7	0
342567	Plectorhinchus chubbi	Plectorhinchus	Haemulidae	Haemulidae	Dusky Sweetlips	0	6	False	False	False	ineligible	below_required_observation_threshold	2	0
502356	Plectorhinchus cinctus	Plectorhinchus	Haemulidae	Haemulidae	Crescent Sweetlips	0	3	False	False	False	ineligible	below_required_observation_threshold	1	0
341862	Plectorhinchus flavomaculatus	Plectorhinchus	Haemulidae	Haemulidae	Goldspotted Sweetlips	0	65	False	False	False	ineligible	below_required_observation_threshold	22	0
338765	Plectorhinchus gaterinus	Plectorhinchus	Haemulidae	Haemulidae	Blackspotted Rubberlip	0	65	False	False	False	ineligible	below_required_observation_threshold	22	0
188071	Plectorhinchus gibbosus	Plectorhinchus	Haemulidae	Haemulidae	Blubberlip	0	47	False	False	False	ineligible	below_required_observation_threshold	16	0
134157	Plectorhinchus lessonii	Plectorhinchus	Haemulidae	Haemulidae	Striped Sweetlips	0	34	False	False	False	ineligible	below_required_observation_threshold	12	0
134158	Plectorhinchus lineatus	Plectorhinchus	Haemulidae	Haemulidae	Oblique-banded Sweetlips	0	98	False	False	False	ineligible	below_required_observation_threshold	34	0
502906	Plectorhinchus macrospilus	Plectorhinchus	Haemulidae	Haemulidae	Largespot Sweetlips	0	1	False	False	False	ineligible	below_required_observation_threshold	0	0
479674	Plectorhinchus mediterraneus	Plectorhinchus	Haemulidae	Haemulidae	Rubber-lip Grunt	0	2	False	False	False	ineligible	below_required_observation_threshold	1	0
424598	Plectorhinchus multivittatus	Plectorhinchus	Haemulidae	Haemulidae	Manyline Sweetlips	0	2	False	False	False	ineligible	below_required_observation_threshold	1	0
615155	Plectorhinchus paulayi	Plectorhinchus	Haemulidae	Haemulidae		0	1	False	False	False	ineligible	below_required_observation_threshold	0	0
347600	Plectorhinchus pica	Plectorhinchus	Haemulidae	Haemulidae	Dotted Sweetlips	0	24	False	False	False	ineligible	below_required_observation_threshold	8	0
615156	Plectorhinchus plagiodesmus	Plectorhinchus	Haemulidae	Haemulidae	Barred Rubberlip	0	10	False	False	False	ineligible	below_required_observation_threshold	3	0
551943	Plectorhinchus playfairi	Plectorhinchus	Haemulidae	Haemulidae	Whitebarred Rubberlip	0	16	False	False	False	ineligible	below_required_observation_threshold	6	0
357464	Plectorhinchus schotaf	Plectorhinchus	Haemulidae	Haemulidae	Grey Sweetlips	0	10	False	False	False	ineligible	below_required_observation_threshold	3	0
615157	Plectorhinchus sordidus	Plectorhinchus	Haemulidae	Haemulidae	Sordid Rubberlip	0	2	False	False	False	ineligible	below_required_observation_threshold	1	0
357465	Plectorhinchus unicolor	Plectorhinchus	Haemulidae	Haemulidae	Sombre Sweetlips	0	3	False	False	False	ineligible	below_required_observation_threshold	1	0
68796	Pomadasys andamanensis	Pomadasys	Haemulidae	Haemulidae	Andaman Grunt	0	1	False	False	False	ineligible	below_required_observation_threshold	0	0
68795	Pomadasys argenteus	Pomadasys	Haemulidae	Haemulidae	Silver Javelin	0	10	False	False	False	ineligible	below_required_observation_threshold	3	0
68794	Pomadasys auritus	Pomadasys	Haemulidae	Haemulidae	Longhead Grunt	0	2	False	False	False	ineligible	below_required_observation_threshold	1	0
615160	Pomadasys commersonnii	Pomadasys	Haemulidae	Haemulidae	Small-spotted Grunter	0	10	False	False	False	ineligible	below_required_observation_threshold	3	0
354847	Pomadasys furcatus	Pomadasys	Haemulidae	Haemulidae	Banded Grunter	0	10	False	False	False	ineligible	below_required_observation_threshold	3	0
1316594	Pomadasys grunniens	Pomadasys	Haemulidae	Haemulidae	Guoraca Grunter	0	1	False	False	False	ineligible	below_required_observation_threshold	0	0
110029	Pomadasys incisus	Pomadasys	Haemulidae	Haemulidae	Bastard Grunt	0	44	False	False	False	ineligible	below_required_observation_threshold	15	0
368081	Pomadasys kaakan	Pomadasys	Haemulidae	Haemulidae	Barred Javelin	0	19	False	False	False	ineligible	below_required_observation_threshold	7	0
110031	Pomadasys maculatus	Pomadasys	Haemulidae	Haemulidae	Blotched Javelin	0	3	False	False	False	ineligible	below_required_observation_threshold	1	0
347563	Pomadasys olivaceus	Pomadasys	Haemulidae	Haemulidae	Olive Grunter	0	5	False	False	False	ineligible	below_required_observation_threshold	2	0
615165	Pomadasys perotaei	Pomadasys	Haemulidae	Haemulidae	Parrot grunt	0	2	False	False	False	ineligible	below_required_observation_threshold	1	0
615168	Pomadasys rogerii	Pomadasys	Haemulidae	Haemulidae	Pigsnout Grunt	0	1	False	False	False	ineligible	below_required_observation_threshold	0	0
354888	Pomadasys striatus	Pomadasys	Haemulidae	Haemulidae	Striped Grunter	0	21	False	False	False	ineligible	below_required_observation_threshold	7	0
615169	Pomadasys stridens	Pomadasys	Haemulidae	Haemulidae	striped piggy	0	1	False	False	False	ineligible	below_required_observation_threshold	0	0
1316783	Rhencus macracanthus	Rhencus	Haemulidae	Haemulidae	Longspine Grunt	0	2	False	False	False	ineligible	below_required_observation_threshold	1	0
115041	Xenichthys agassizii	Xenichthys	Haemulidae	Haemulidae	White Salema	0	7	False	False	False	ineligible	below_required_observation_threshold	2	0
115043	Xenichthys xanti	Xenichthys	Haemulidae	Haemulidae	Longfin Salema	0	35	False	False	False	ineligible	below_required_observation_threshold	12	0
49625	Holocentrus rufus	Holocentrus	Holocentridae	Holocentridae	Longspine Squirrelfish	0	360	True	False	True	broad_pretraining	global_licensed_abundance	125	100
49624	Myripristis jacobus	Myripristis	Holocentridae	Holocentridae	Blackbar Soldierfish	0	307	True	False	True	broad_pretraining	global_licensed_abundance	106	100
130526	Neoniphon sammara	Neoniphon	Holocentridae	Holocentridae	Spotfin Squirrelfish	0	255	True	False	True	broad_pretraining	global_licensed_abundance	88	100
49626	Holocentrus adscensionis	Holocentrus	Holocentridae	Holocentridae	Squirrelfish	0	163	False	False	False	ineligible	below_required_observation_threshold	56	0
122504	Myripristis adusta	Myripristis	Holocentridae	Holocentridae	Shadowfin Soldierfish	0	50	False	False	False	ineligible	below_required_observation_threshold	17	0
204563	Myripristis amaena	Myripristis	Holocentridae	Holocentridae	Brick Soldierfish	0	8	False	False	False	ineligible	below_required_observation_threshold	3	0
49622	Myripristis berndti	Myripristis	Holocentridae	Holocentridae	Bigscale Soldierfish	0	75	False	False	False	ineligible	below_required_observation_threshold	26	0
199250	Myripristis botche	Myripristis	Holocentridae	Holocentridae	Blacktip Soldierfish	0	5	False	False	False	ineligible	below_required_observation_threshold	2	0
530165	Myripristis chryseres	Myripristis	Holocentridae	Holocentridae	Yellowfin Soldierfish	0	1	False	False	False	ineligible	below_required_observation_threshold	0	0
106365	Myripristis clarionensis	Myripristis	Holocentridae	Holocentridae	Yellow Soldierfish	0	4	False	False	False	ineligible	below_required_observation_threshold	1	0
451896	Myripristis hexagona	Myripristis	Holocentridae	Holocentridae	Double-tooth Soldierfish	0	42	False	False	False	ineligible	below_required_observation_threshold	15	0
122505	Myripristis kuntee	Myripristis	Holocentridae	Holocentridae	Pearly Soldierfish	0	116	False	False	False	ineligible	below_required_observation_threshold	40	0
106368	Myripristis leiognathus	Myripristis	Holocentridae	Holocentridae	Panamic Soldierfish	0	82	False	False	False	ineligible	below_required_observation_threshold	28	0
357466	Myripristis murdjan	Myripristis	Holocentridae	Holocentridae	Crimson Soldierfish	0	130	False	False	False	ineligible	below_required_observation_threshold	45	0
194743	Myripristis violacea	Myripristis	Holocentridae	Holocentridae	Violet Soldierfish	0	116	False	False	False	ineligible	below_required_observation_threshold	40	0
204998	Myripristis vittata	Myripristis	Holocentridae	Holocentridae	Whitetip Soldierfish	0	57	False	False	False	ineligible	below_required_observation_threshold	20	0
471817	Myripristis xanthacra	Myripristis	Holocentridae	Holocentridae	Yellowtip Soldierfish	0	1	False	False	False	ineligible	below_required_observation_threshold	0	0
194741	Neoniphon argenteus	Neoniphon	Holocentridae	Holocentridae	Silver Squirrelfish	0	26	False	False	False	ineligible	below_required_observation_threshold	9	0
1630713	Neoniphon coruscus	Neoniphon	Holocentridae	Holocentridae	Reef Squirrelfish	0	5	False	False	False	ineligible	below_required_observation_threshold	2	0
128191	Neoniphon marianus	Neoniphon	Holocentridae	Holocentridae	Caribbean Longjaw Squirrelfish	0	52	False	False	False	ineligible	below_required_observation_threshold	18	0
194744	Neoniphon opercularis	Neoniphon	Holocentridae	Holocentridae	Blackfin Squirrelfish	0	14	False	False	False	ineligible	below_required_observation_threshold	5	0
1449353	Neoniphon suborbitalis	Neoniphon	Holocentridae	Holocentridae	Tinsel Squirrelfish	0	80	False	False	False	ineligible	below_required_observation_threshold	28	0
1630712	Neoniphon vexillarius	Neoniphon	Holocentridae	Holocentridae	Dusky Squirrelfish	0	108	False	False	False	ineligible	below_required_observation_threshold	37	0
450439	Ostichthys trachypoma	Ostichthys	Holocentridae	Holocentridae	Bigeye Soldierfish	0	1	False	False	False	ineligible	below_required_observation_threshold	0	0
502357	Pristilepis oligolepis	Pristilepis	Holocentridae	Holocentridae	Rough Squirrelfish	0	1	False	False	False	ineligible	below_required_observation_threshold	0	0
53573	Sargocentron caudimaculatum	Sargocentron	Holocentridae	Holocentridae	Tailspot Squirrelfish	0	223	False	False	False	ineligible	below_required_observation_threshold	77	0
49623	Sargocentron cornutum	Sargocentron	Holocentridae	Holocentridae	Threespot Squirrelfish	0	5	False	False	False	ineligible	below_required_observation_threshold	2	0
53567	Sargocentron diadema	Sargocentron	Holocentridae	Holocentridae	Crown Squirrelfish	0	85	False	False	False	ineligible	below_required_observation_threshold	29	0
476128	Sargocentron hastatum	Sargocentron	Holocentridae	Holocentridae	Red Squirrelfish	0	13	False	False	False	ineligible	below_required_observation_threshold	4	0
326690	Sargocentron ittodai	Sargocentron	Holocentridae	Holocentridae	Samurai Squirrelfish	0	3	False	False	False	ineligible	below_required_observation_threshold	1	0
504009	Sargocentron marisrubri	Sargocentron	Holocentridae	Holocentridae		0	1	False	False	False	ineligible	below_required_observation_threshold	0	0
318921	Sargocentron melanospilos	Sargocentron	Holocentridae	Holocentridae	Blackspot Squirrelfish	0	14	False	False	False	ineligible	below_required_observation_threshold	5	0
447375	Sargocentron microstoma	Sargocentron	Holocentridae	Holocentridae	Smallmouth Squirrelfish	0	1	False	False	False	ineligible	below_required_observation_threshold	0	0
530172	Sargocentron praslin	Sargocentron	Holocentridae	Holocentridae	Brownspot Squirrelfish	0	1	False	False	False	ineligible	below_required_observation_threshold	0	0
53574	Sargocentron punctatissimum	Sargocentron	Holocentridae	Holocentridae	Speckled Squirrelfish	0	29	False	False	False	ineligible	below_required_observation_threshold	10	0
360093	Sargocentron rubrum	Sargocentron	Holocentridae	Holocentridae	Red Squirrelfish	0	78	False	False	False	ineligible	below_required_observation_threshold	27	0
121460	Sargocentron spiniferum	Sargocentron	Holocentridae	Holocentridae	Sabre Squirrelfish	0	139	False	False	False	ineligible	below_required_observation_threshold	48	0
127097	Sargocentron tiere	Sargocentron	Holocentridae	Holocentridae	Bluestripe Squirrelfish	0	16	False	False	False	ineligible	below_required_observation_threshold	6	0
127098	Sargocentron tiereoides	Sargocentron	Holocentridae	Holocentridae	Pink Squirrelfish	0	3	False	False	False	ineligible	below_required_observation_threshold	1	0
194742	Sargocentron violaceum	Sargocentron	Holocentridae	Holocentridae	Violet Squirrelfish	0	2	False	False	False	ineligible	below_required_observation_threshold	1	0
122116	Sargocentron xantherythrum	Sargocentron	Holocentridae	Holocentridae	Hawaiian Squirrelfish	0	1	False	False	False	ineligible	below_required_observation_threshold	0	0
210173	Kyphosus vaigiensis	Kyphosus	Kyphosidae	Kyphosidae	Brassy Drummer	0	256	True	False	True	broad_pretraining	global_licensed_abundance	89	100
615594	Kyphosus azureus	Kyphosus	Kyphosidae	Kyphosidae	Zebra-perch Sea Chub	0	60	False	False	False	ineligible	below_required_observation_threshold	21	0
132397	Kyphosus bigibbus	Kyphosus	Kyphosidae	Kyphosidae	Grey Drummer	0	25	False	False	False	ineligible	below_required_observation_threshold	9	0
51356	Kyphosus cinerascens	Kyphosus	Kyphosidae	Kyphosidae	Highfin Chub	0	197	False	False	False	ineligible	below_required_observation_threshold	68	0
203919	Kyphosus cornelii	Kyphosus	Kyphosidae	Kyphosidae	Western Buffalo Bream	0	45	False	False	False	ineligible	below_required_observation_threshold	16	0
103742	Kyphosus elegans	Kyphosus	Kyphosidae	Kyphosidae	Cortez Sea Chub	0	79	False	False	False	ineligible	below_required_observation_threshold	27	0
530181	Kyphosus gladius	Kyphosus	Kyphosidae	Kyphosidae	Gladius Chub	0	1	False	False	False	ineligible	below_required_observation_threshold	0	0
122032	Kyphosus hawaiiensis	Kyphosus	Kyphosidae	Kyphosidae	Hawaiian Chub	0	6	False	False	False	ineligible	below_required_observation_threshold	2	0
615596	Kyphosus ocyurus	Kyphosus	Kyphosidae	Kyphosidae	Bluestriped Chub	0	42	False	False	False	ineligible	below_required_observation_threshold	15	0
131523	Kyphosus sectatrix	Kyphosus	Kyphosidae	Kyphosidae	Bermuda Chub	0	112	False	False	False	ineligible	below_required_observation_threshold	39	0
451299	Kyphosus sydneyanus	Kyphosus	Kyphosidae	Kyphosidae	Silver Drummer	0	54	False	False	False	ineligible	below_required_observation_threshold	19	0
615599	Neoscorpis lithophilus	Neoscorpis	Kyphosidae	Kyphosidae	Stone Bream	0	8	False	False	False	ineligible	below_required_observation_threshold	3	0
82355	Cheilinus undulatus	Cheilinus	Labridae	Labridae	Napoleon Wrasse	0	250	True	True	True	common_target_pretraining	requested_target_meets_licensed_abundance_threshold	86	100
187233	Chlorurus spilurus	Chlorurus	Labridae	Labridae	Pacific Bullethead Parrotfish	0	456	True	True	True	common_target_pretraining	requested_target_meets_licensed_abundance_threshold	158	100
52323	Coris gaimard	Coris	Labridae	Labridae	Yellowtail Coris	0	268	True	True	True	common_target_pretraining	requested_target_meets_licensed_abundance_threshold	93	100
102045	Halichoeres hortulanus	Halichoeres	Labridae	Labridae	Checkerboard Wrasse	0	585	True	True	True	common_target_pretraining	requested_target_meets_licensed_abundance_threshold	202	100
102580	Hemigymnus melapterus	Hemigymnus	Labridae	Labridae	Blackeye Thicklip	0	541	True	True	True	common_target_pretraining	requested_target_meets_licensed_abundance_threshold	187	100
103901	Labroides dimidiatus	Labroides	Labridae	Labridae	Bluestreak Cleaner Wrasse	0	696	True	True	True	common_target_pretraining	requested_target_meets_licensed_abundance_threshold	241	200
84175	Scarus ghobban	Scarus	Labridae	Labridae	Blue-barred Parrotfish	0	664	True	True	True	common_target_pretraining	requested_target_meets_licensed_abundance_threshold	230	200
68025	Scarus niger	Scarus	Labridae	Labridae	Swarthy Parrotfish	0	375	True	True	True	common_target_pretraining	requested_target_meets_licensed_abundance_threshold	130	100
52498	Scarus psittacus	Scarus	Labridae	Labridae	Palenose Parrotfish	0	340	True	True	True	common_target_pretraining	requested_target_meets_licensed_abundance_threshold	118	100
83297	Scarus rubroviolaceus	Scarus	Labridae	Labridae	Redlip Parrotfish	0	513	True	True	True	common_target_pretraining	requested_target_meets_licensed_abundance_threshold	177	100
67963	Thalassoma hardwicke	Thalassoma	Labridae	Labridae	Sixbar Wrasse	0	644	True	True	True	common_target_pretraining	requested_target_meets_licensed_abundance_threshold	223	200
113980	Thalassoma lunare	Thalassoma	Labridae	Labridae	Moon Wrasse	0	773	True	True	True	common_target_pretraining	requested_target_meets_licensed_abundance_threshold	267	200
112867	Sparisoma viride	Sparisoma	Labridae	Labridae	Stoplight Parrotfish	0	1057	True	False	True	broad_pretraining	global_licensed_abundance	366	300
49491	Thalassoma bifasciatum	Thalassoma	Labridae	Labridae	Caribbean Bluehead Wrasse	0	1191	True	False	True	broad_pretraining	global_licensed_abundance	412	300
50972	Thalassoma pavo	Thalassoma	Labridae	Labridae	Ornate Wrasse	0	1033	True	False	True	broad_pretraining	global_licensed_abundance	357	300
95820	Bodianus dictynna	Bodianus	Labridae	Labridae	Redfin Hogfish	0	94	False	True	False	rare_target_holdout	requested_target_below_abundance_thresholds	33	0
95867	Bolbometopon muricatum	Bolbometopon	Labridae	Labridae	Bumphead Parrotfish	0	74	False	True	False	rare_target_holdout	requested_target_below_abundance_thresholds	26	0
97637	Chlorurus bleekeri	Chlorurus	Labridae	Labridae	Bleeker's Parrotfish	0	225	False	True	False	rare_target_holdout	requested_target_below_abundance_thresholds	78	0
102038	Halichoeres chrysus	Halichoeres	Labridae	Labridae	Canary Wrasse	0	76	False	True	False	rare_target_holdout	requested_target_below_abundance_thresholds	26	0
102044	Halichoeres hartzfeldii	Halichoeres	Labridae	Labridae	Orangeline Wrasse	0	23	False	True	False	rare_target_holdout	requested_target_below_abundance_thresholds	8	0
108074	Oxycheilinus bimaculatus	Oxycheilinus	Labridae	Labridae	Twospot Wrasse	0	102	False	True	False	rare_target_holdout	requested_target_below_abundance_thresholds	35	0
112138	Scarus dimidiatus	Scarus	Labridae	Labridae	Yellow-barred Parrotfish	0	136	False	True	False	rare_target_holdout	requested_target_below_abundance_thresholds	47	0
112165	Scarus spinus	Scarus	Labridae	Labridae	Greensnout Parrotfish	0	67	False	True	False	rare_target_holdout	requested_target_below_abundance_thresholds	23	0
112167	Scarus tricolor	Scarus	Labridae	Labridae	Tricolour Parrotfish	0	63	False	True	False	rare_target_holdout	requested_target_below_abundance_thresholds	22	0
57333	Bodianus diplotaenia	Bodianus	Labridae	Labridae	Mexican Hogfish	0	556	True	False	False	eligible_not_selected	scientist_family_quota_reached	192	0
49428	Bodianus rufus	Bodianus	Labridae	Labridae	Spanish Hogfish	0	303	True	False	False	eligible_not_selected	scientist_family_quota_reached	105	0
97307	Cheilinus chlorourus	Cheilinus	Labridae	Labridae	Floral Maori Wrasse	0	328	True	False	False	eligible_not_selected	scientist_family_quota_reached	113	0
97308	Cheilinus fasciatus	Cheilinus	Labridae	Labridae	Redbreast Maori Wrasse	0	300	True	False	False	eligible_not_selected	scientist_family_quota_reached	104	0
68028	Chlorurus sordidus	Chlorurus	Labridae	Labridae	Indian Bullethead Parrotfish	0	369	True	False	False	eligible_not_selected	scientist_family_quota_reached	128	0
50968	Coris julis	Coris	Labridae	Labridae	Mediterranean Rainbow Wrasse	0	688	True	False	False	eligible_not_selected	scientist_family_quota_reached	238	0
100036	Epibulus insidiator	Epibulus	Labridae	Labridae	Slingjaw Wrasse	0	406	True	False	False	eligible_not_selected	scientist_family_quota_reached	140	0
52508	Gomphosus varius	Gomphosus	Labridae	Labridae	Bird Wrasse	0	492	True	False	False	eligible_not_selected	scientist_family_quota_reached	170	0
49272	Halichoeres bivittatus	Halichoeres	Labridae	Labridae	Slippery Dick	0	687	True	False	False	eligible_not_selected	scientist_family_quota_reached	238	0
49946	Halichoeres garnoti	Halichoeres	Labridae	Labridae	Yellowhead Wrasse	0	431	True	False	False	eligible_not_selected	scientist_family_quota_reached	149	0
102080	Halichoeres scapularis	Halichoeres	Labridae	Labridae	Zigzag Wrasse	0	256	True	False	False	eligible_not_selected	scientist_family_quota_reached	89	0
102088	Halichoeres trimaculatus	Halichoeres	Labridae	Labridae	Threespot Wrasse	0	338	True	False	False	eligible_not_selected	scientist_family_quota_reached	117	0
107180	Notolabrus celidotus	Notolabrus	Labridae	Labridae	Spotty	0	259	True	False	False	eligible_not_selected	scientist_family_quota_reached	90	0
63597	Novaculichthys taeniourus	Novaculichthys	Labridae	Labridae	Rockmover Wrasse	0	290	True	False	False	eligible_not_selected	scientist_family_quota_reached	100	0
112145	Scarus frenatus	Scarus	Labridae	Labridae	Sixband Parrotfish	0	322	True	False	False	eligible_not_selected	scientist_family_quota_reached	111	0
49690	Scarus iseri	Scarus	Labridae	Labridae	Striped Parrotfish	0	536	True	False	False	eligible_not_selected	scientist_family_quota_reached	185	0
112166	Scarus taeniopterus	Scarus	Labridae	Labridae	Princess Parrotfish	0	332	True	False	False	eligible_not_selected	scientist_family_quota_reached	115	0
112169	Scarus vetula	Scarus	Labridae	Labridae	Queen Parrotfish	0	383	True	False	False	eligible_not_selected	scientist_family_quota_reached	133	0
112858	Sparisoma aurofrenatum	Sparisoma	Labridae	Labridae	Redband Parrotfish	0	502	True	False	False	eligible_not_selected	scientist_family_quota_reached	174	0
112860	Sparisoma cretense	Sparisoma	Labridae	Labridae	European Parrotfish	0	823	True	False	False	eligible_not_selected	scientist_family_quota_reached	285	0
112864	Sparisoma rubripinne	Sparisoma	Labridae	Labridae	Yellowtail Parrotfish	0	300	True	False	False	eligible_not_selected	scientist_family_quota_reached	104	0
52554	Symphodus tinca	Symphodus	Labridae	Labridae	East Atlantic Peacock Wrasse	0	463	True	False	False	eligible_not_selected	scientist_family_quota_reached	160	0
1561489	Thalassoma amblycephalum	Thalassoma	Labridae	Labridae	Blue-headed Wrasse	0	331	True	False	False	eligible_not_selected	scientist_family_quota_reached	115	0
113973	Thalassoma duperrey	Thalassoma	Labridae	Labridae	Saddle Wrasse	0	290	True	False	False	eligible_not_selected	scientist_family_quota_reached	100	0
49493	Thalassoma lucasanum	Thalassoma	Labridae	Labridae	Cortez Rainbow Wrasse	0	804	True	False	False	eligible_not_selected	scientist_family_quota_reached	278	0
113981	Thalassoma lutescens	Thalassoma	Labridae	Labridae	Sunset Wrasse	0	392	True	False	False	eligible_not_selected	scientist_family_quota_reached	136	0
113985	Thalassoma purpureum	Thalassoma	Labridae	Labridae	Surge Wrasse	0	262	True	False	False	eligible_not_selected	scientist_family_quota_reached	91	0
113987	Thalassoma rueppellii	Thalassoma	Labridae	Labridae	Klunzinger's Wrasse	0	273	True	False	False	eligible_not_selected	scientist_family_quota_reached	94	0
93136	Achoerodus gouldii	Achoerodus	Labridae	Labridae	Western Blue Groper	0	13	False	False	False	ineligible	below_required_observation_threshold	4	0
93137	Achoerodus viridis	Achoerodus	Labridae	Labridae	Eastern Blue Groper	0	181	False	False	False	ineligible	below_required_observation_threshold	63	0
94016	Anampses caeruleopunctatus	Anampses	Labridae	Labridae	Bluespotted Wrasse	0	57	False	False	False	ineligible	below_required_observation_threshold	20	0
94017	Anampses chrysocephalus	Anampses	Labridae	Labridae	Psychedelic Wrasse	0	3	False	False	False	ineligible	below_required_observation_threshold	1	0
94018	Anampses cuvier	Anampses	Labridae	Labridae	Pearl Wrasse	0	21	False	False	False	ineligible	below_required_observation_threshold	7	0
94019	Anampses elegans	Anampses	Labridae	Labridae	Elegant Wrasse	0	79	False	False	False	ineligible	below_required_observation_threshold	27	0
94020	Anampses femininus	Anampses	Labridae	Labridae	Bluetail Wrasse	0	5	False	False	False	ineligible	below_required_observation_threshold	2	0
94021	Anampses geographicus	Anampses	Labridae	Labridae	Scribbled Wrasse	0	11	False	False	False	ineligible	below_required_observation_threshold	4	0
94023	Anampses lineatus	Anampses	Labridae	Labridae	Lined Wrasse	0	14	False	False	False	ineligible	below_required_observation_threshold	5	0
94024	Anampses melanurus	Anampses	Labridae	Labridae	White-spotted Wrasse	0	9	False	False	False	ineligible	below_required_observation_threshold	3	0
94025	Anampses meleagrides	Anampses	Labridae	Labridae	Yellowtail Wrasse	0	57	False	False	False	ineligible	below_required_observation_threshold	20	0
94026	Anampses neoguinaicus	Anampses	Labridae	Labridae	Blackback Wrasse	0	56	False	False	False	ineligible	below_required_observation_threshold	19	0
94027	Anampses twistii	Anampses	Labridae	Labridae	Yellowbreast Wrasse	0	79	False	False	False	ineligible	below_required_observation_threshold	27	0
94057	Anchichoerops natalensis	Anchichoerops	Labridae	Labridae	Natal Wrasse	0	1	False	False	False	ineligible	below_required_observation_threshold	0	0
94968	Austrolabrus maculatus	Austrolabrus	Labridae	Labridae	Blackspotted Wrasse	0	24	False	False	False	ineligible	below_required_observation_threshold	8	0
121216	Bodianus albotaeniatus	Bodianus	Labridae	Labridae	Hawaiian Hogfish	0	26	False	False	False	ineligible	below_required_observation_threshold	9	0
95812	Bodianus anthioides	Bodianus	Labridae	Labridae	Lyretail Hogfish	0	77	False	False	False	ineligible	below_required_observation_threshold	27	0
623908	Bodianus atrolumbus	Bodianus	Labridae	Labridae	Palebar Hogfish	0	1	False	False	False	ineligible	below_required_observation_threshold	0	0
95813	Bodianus axillaris	Bodianus	Labridae	Labridae	Axilspot Hogfish	0	114	False	False	False	ineligible	below_required_observation_threshold	39	0
95815	Bodianus bilunulatus	Bodianus	Labridae	Labridae	Saddleback Hogfish	0	28	False	False	False	ineligible	below_required_observation_threshold	10	0
95816	Bodianus bimaculatus	Bodianus	Labridae	Labridae	Twospot Pigfish	0	1	False	False	False	ineligible	below_required_observation_threshold	0	0
1439752	Bodianus brasiliensis	Bodianus	Labridae	Labridae	Brazilian Creole Wrasse	0	2	False	False	False	ineligible	below_required_observation_threshold	1	0
1439814	Bodianus darwini	Bodianus	Labridae	Labridae	Goldspot Sheephead	0	3	False	False	False	ineligible	below_required_observation_threshold	1	0
95819	Bodianus diana	Bodianus	Labridae	Labridae	Diana's Hogfish	0	52	False	False	False	ineligible	below_required_observation_threshold	18	0
95821	Bodianus eclancheri	Bodianus	Labridae	Labridae	Harlequin Wrasse	0	16	False	False	False	ineligible	below_required_observation_threshold	6	0
95822	Bodianus flavifrons	Bodianus	Labridae	Labridae	Masked Pigfish	0	1	False	False	False	ineligible	below_required_observation_threshold	0	0
95824	Bodianus frenchii	Bodianus	Labridae	Labridae	Foxfish	0	4	False	False	False	ineligible	below_required_observation_threshold	1	0
95827	Bodianus loxozonus	Bodianus	Labridae	Labridae	Blackfin Hogfish	0	19	False	False	False	ineligible	below_required_observation_threshold	7	0
95828	Bodianus macrognathos	Bodianus	Labridae	Labridae	Giant Hogfish	0	1	False	False	False	ineligible	below_required_observation_threshold	0	0
95831	Bodianus mesothorax	Bodianus	Labridae	Labridae	Blackbelt Hogfish	0	136	False	False	False	ineligible	below_required_observation_threshold	47	0
95832	Bodianus neilli	Bodianus	Labridae	Labridae	Bay of Bengal Hogfish	0	9	False	False	False	ineligible	below_required_observation_threshold	3	0
95835	Bodianus oxycephalus	Bodianus	Labridae	Labridae	Nagasaki hogfish	0	1	False	False	False	ineligible	below_required_observation_threshold	0	0
1439789	Bodianus parrae	Bodianus	Labridae	Labridae	Creole Wrasse	0	212	False	False	False	ineligible	below_required_observation_threshold	73	0
95837	Bodianus perditio	Bodianus	Labridae	Labridae	Goldspot Pigfish	0	4	False	False	False	ineligible	below_required_observation_threshold	1	0
49430	Bodianus pulchellus	Bodianus	Labridae	Labridae	Spotfin Hogfish	0	12	False	False	False	ineligible	below_required_observation_threshold	4	0
1439813	Bodianus pulcher	Bodianus	Labridae	Labridae	California Sheephead	0	87	False	False	False	ineligible	below_required_observation_threshold	30	0
50971	Bodianus scrofa	Bodianus	Labridae	Labridae	Barred Hogfish	0	14	False	False	False	ineligible	below_required_observation_threshold	5	0
95843	Bodianus speciosus	Bodianus	Labridae	Labridae	Blackbar Hogfish	0	8	False	False	False	ineligible	below_required_observation_threshold	3	0
95847	Bodianus unimaculatus	Bodianus	Labridae	Labridae	Eastern Pigfish	0	43	False	False	False	ineligible	below_required_observation_threshold	15	0
96498	Calotomus carolinus	Calotomus	Labridae	Labridae	Star-eye Parrotfish	0	103	False	False	False	ineligible	below_required_observation_threshold	36	0
96499	Calotomus japonicus	Calotomus	Labridae	Labridae	Japanese Parrotfish	0	4	False	False	False	ineligible	below_required_observation_threshold	1	0
96500	Calotomus spinidens	Calotomus	Labridae	Labridae	Spinytooth Parrotfish	0	5	False	False	False	ineligible	below_required_observation_threshold	2	0
96501	Calotomus viridescens	Calotomus	Labridae	Labridae	Dotted Parrotfish	0	42	False	False	False	ineligible	below_required_observation_threshold	15	0
96913	Centrolabrus exoletus	Centrolabrus	Labridae	Labridae	Small-mouthed Wrasse	0	28	False	False	False	ineligible	below_required_observation_threshold	10	0
97097	Cetoscarus bicolor	Cetoscarus	Labridae	Labridae	Bicolour Parrotfish	0	31	False	False	False	ineligible	below_required_observation_threshold	11	0
97098	Cetoscarus ocellatus	Cetoscarus	Labridae	Labridae	Spotted Parrotfish	0	215	False	False	False	ineligible	below_required_observation_threshold	74	0
97306	Cheilinus abudjubbe	Cheilinus	Labridae	Labridae	Abudjubbe Wrasse	0	39	False	False	False	ineligible	below_required_observation_threshold	13	0
97309	Cheilinus lunulatus	Cheilinus	Labridae	Labridae	Broomtail Wrasse	0	175	False	False	False	ineligible	below_required_observation_threshold	61	0
97310	Cheilinus oxycephalus	Cheilinus	Labridae	Labridae	Snooty Wrasse	0	17	False	False	False	ineligible	below_required_observation_threshold	6	0
187227	Cheilinus quinquecinctus	Cheilinus	Labridae	Labridae	Red Sea Redbreasted Wrasse	0	55	False	False	False	ineligible	below_required_observation_threshold	19	0
97311	Cheilinus trilobatus	Cheilinus	Labridae	Labridae	Tripletail Maori Wrasse	0	249	False	False	False	ineligible	below_required_observation_threshold	86	0
97312	Cheilio inermis	Cheilio	Labridae	Labridae	Cigar Wrasse	0	228	False	False	False	ineligible	below_required_observation_threshold	79	0
97636	Chlorurus atrilunula	Chlorurus	Labridae	Labridae	Bluemoon Parrotfish	0	6	False	False	False	ineligible	below_required_observation_threshold	2	0
97638	Chlorurus bowersi	Chlorurus	Labridae	Labridae	Bowers' Parrotfish	0	18	False	False	False	ineligible	below_required_observation_threshold	6	0
97639	Chlorurus capistratoides	Chlorurus	Labridae	Labridae	Pink-margined Parrotfish	0	33	False	False	False	ineligible	below_required_observation_threshold	11	0
97640	Chlorurus cyanescens	Chlorurus	Labridae	Labridae	Saddled Parrotfish	0	1	False	False	False	ineligible	below_required_observation_threshold	0	0
97641	Chlorurus enneacanthus	Chlorurus	Labridae	Labridae	Captain Parrotfish	0	17	False	False	False	ineligible	below_required_observation_threshold	6	0
97642	Chlorurus frontalis	Chlorurus	Labridae	Labridae	Reefcrest Parrotfish	0	21	False	False	False	ineligible	below_required_observation_threshold	7	0
97643	Chlorurus genazonatus	Chlorurus	Labridae	Labridae	Purplestreak Parrotfish	0	1	False	False	False	ineligible	below_required_observation_threshold	0	0
68027	Chlorurus gibbus	Chlorurus	Labridae	Labridae	Red Sea Steephead Parrotfish	0	80	False	False	False	ineligible	below_required_observation_threshold	28	0
49930	Chlorurus japanensis	Chlorurus	Labridae	Labridae	Redtail Parrotfish	0	26	False	False	False	ineligible	below_required_observation_threshold	9	0
68026	Chlorurus microrhinos	Chlorurus	Labridae	Labridae	Steephead Parrotfish	0	200	False	False	False	ineligible	below_required_observation_threshold	69	0
97645	Chlorurus perspicillatus	Chlorurus	Labridae	Labridae	Spectacled Parrotfish	0	14	False	False	False	ineligible	below_required_observation_threshold	5	0
97646	Chlorurus rhakoura	Chlorurus	Labridae	Labridae	Raggedfin Parrotfish	0	4	False	False	False	ineligible	below_required_observation_threshold	1	0
97647	Chlorurus strongylocephalus	Chlorurus	Labridae	Labridae	Roundhead Parrotfish	0	61	False	False	False	ineligible	below_required_observation_threshold	21	0
97648	Chlorurus troschelii	Chlorurus	Labridae	Labridae	Greenhead Parrotfish	0	13	False	False	False	ineligible	below_required_observation_threshold	4	0
97649	Choerodon anchorago	Choerodon	Labridae	Labridae	Anchor Tuskfish	0	133	False	False	False	ineligible	below_required_observation_threshold	46	0
97650	Choerodon azurio	Choerodon	Labridae	Labridae	Azurio Tuskfish	0	5	False	False	False	ineligible	below_required_observation_threshold	2	0
97651	Choerodon cauteroma	Choerodon	Labridae	Labridae	Bluespotted Tuskfish	0	1	False	False	False	ineligible	below_required_observation_threshold	0	0
97652	Choerodon cephalotes	Choerodon	Labridae	Labridae	Purple Tuskfish	0	2	False	False	False	ineligible	below_required_observation_threshold	1	0
97653	Choerodon cyanodus	Choerodon	Labridae	Labridae	Blue Tuskfish	0	12	False	False	False	ineligible	below_required_observation_threshold	4	0
97654	Choerodon fasciatus	Choerodon	Labridae	Labridae	Harlequin Tuskfish	0	23	False	False	False	ineligible	below_required_observation_threshold	8	0
97657	Choerodon graphicus	Choerodon	Labridae	Labridae	Graphic Tuskfish	0	26	False	False	False	ineligible	below_required_observation_threshold	9	0
97659	Choerodon jordani	Choerodon	Labridae	Labridae	Blackwedge Tuskfish	0	2	False	False	False	ineligible	below_required_observation_threshold	1	0
97665	Choerodon robustus	Choerodon	Labridae	Labridae	Robust Tuskfish	0	1	False	False	False	ineligible	below_required_observation_threshold	0	0
97666	Choerodon rubescens	Choerodon	Labridae	Labridae	Baldchin Groper	0	7	False	False	False	ineligible	below_required_observation_threshold	2	0
97667	Choerodon schoenleinii	Choerodon	Labridae	Labridae	Blackspot Tuskfish	0	20	False	False	False	ineligible	below_required_observation_threshold	7	0
1316653	Choerodon typus	Choerodon	Labridae	Labridae		0	1	False	False	False	ineligible	below_required_observation_threshold	0	0
97672	Choerodon zosterophorus	Choerodon	Labridae	Labridae	Darkstripe Tuskfish	0	1	False	False	False	ineligible	below_required_observation_threshold	0	0
871123	Cirrhilabrus africanus	Cirrhilabrus	Labridae	Labridae	African Longfin Fairy Wrasse	0	2	False	False	False	ineligible	below_required_observation_threshold	1	0
97829	Cirrhilabrus aurantidorsalis	Cirrhilabrus	Labridae	Labridae	Orange-back wrasse	0	4	False	False	False	ineligible	below_required_observation_threshold	1	0
97830	Cirrhilabrus balteatus	Cirrhilabrus	Labridae	Labridae	girdled wrasse	0	2	False	False	False	ineligible	below_required_observation_threshold	1	0
97832	Cirrhilabrus beauperryi	Cirrhilabrus	Labridae	Labridae	Melanesian Fairy Wrasse	0	3	False	False	False	ineligible	below_required_observation_threshold	1	0
1272212	Cirrhilabrus chaliasi	Cirrhilabrus	Labridae	Labridae	Ruby-headed Fairy Wrasse	0	9	False	False	False	ineligible	below_required_observation_threshold	3	0
871124	Cirrhilabrus cyanogularis	Cirrhilabrus	Labridae	Labridae	Blue-throated fairy-wrasse	0	1	False	False	False	ineligible	below_required_observation_threshold	0	0
97838	Cirrhilabrus cyanopleura	Cirrhilabrus	Labridae	Labridae	Blueside Wrasse	0	62	False	False	False	ineligible	below_required_observation_threshold	21	0
97840	Cirrhilabrus exquisitus	Cirrhilabrus	Labridae	Labridae	Exquisite Wrasse	0	47	False	False	False	ineligible	below_required_observation_threshold	16	0
97843	Cirrhilabrus joanallenae	Cirrhilabrus	Labridae	Labridae	Joan's fairy-wrasse	0	1	False	False	False	ineligible	below_required_observation_threshold	0	0
97848	Cirrhilabrus laboutei	Cirrhilabrus	Labridae	Labridae	Laboute's Wrasse	0	2	False	False	False	ineligible	below_required_observation_threshold	1	0
97850	Cirrhilabrus lineatus	Cirrhilabrus	Labridae	Labridae	Lavender Wrasse	0	2	False	False	False	ineligible	below_required_observation_threshold	1	0
97851	Cirrhilabrus lubbocki	Cirrhilabrus	Labridae	Labridae	Orangeback Wrasse	0	10	False	False	False	ineligible	below_required_observation_threshold	3	0
97853	Cirrhilabrus luteovittatus	Cirrhilabrus	Labridae	Labridae	Yellowband wrasse	0	2	False	False	False	ineligible	below_required_observation_threshold	1	0
97854	Cirrhilabrus marjorie	Cirrhilabrus	Labridae	Labridae	Marjorie's Fairy Wrasse	0	8	False	False	False	ineligible	below_required_observation_threshold	3	0
97855	Cirrhilabrus melanomarginatus	Cirrhilabrus	Labridae	Labridae	Blackfin Fairy Wrasse	0	2	False	False	False	ineligible	below_required_observation_threshold	1	0
97857	Cirrhilabrus punctatus	Cirrhilabrus	Labridae	Labridae	Dotted Wrasse	0	143	False	False	False	ineligible	below_required_observation_threshold	49	0
97862	Cirrhilabrus rubrimarginatus	Cirrhilabrus	Labridae	Labridae	Red-margined Fairy Wrasse	0	18	False	False	False	ineligible	below_required_observation_threshold	6	0
97863	Cirrhilabrus rubripinnis	Cirrhilabrus	Labridae	Labridae	Redfin Wrasse	0	2	False	False	False	ineligible	below_required_observation_threshold	1	0
97865	Cirrhilabrus rubriventralis	Cirrhilabrus	Labridae	Labridae	Social Wrasse	0	1	False	False	False	ineligible	below_required_observation_threshold	0	0
871129	Cirrhilabrus ryukyuensis	Cirrhilabrus	Labridae	Labridae	Ryukyu Fairy Wrasse	0	21	False	False	False	ineligible	below_required_observation_threshold	7	0
97867	Cirrhilabrus scottorum	Cirrhilabrus	Labridae	Labridae	Scott's Wrasse	0	7	False	False	False	ineligible	below_required_observation_threshold	2	0
97868	Cirrhilabrus solorensis	Cirrhilabrus	Labridae	Labridae	Solor Wrasse	0	5	False	False	False	ineligible	below_required_observation_threshold	2	0
97869	Cirrhilabrus temminckii	Cirrhilabrus	Labridae	Labridae	Peacock Wrasse	0	2	False	False	False	ineligible	below_required_observation_threshold	1	0
98498	Coris atlantica	Coris	Labridae	Labridae	Gulf Coris	0	18	False	False	False	ineligible	below_required_observation_threshold	6	0
98499	Coris auricularis	Coris	Labridae	Labridae	Western King Wrasse	0	132	False	False	False	ineligible	below_required_observation_threshold	46	0
98500	Coris aurilineata	Coris	Labridae	Labridae	Goldlined Wrasse	0	2	False	False	False	ineligible	below_required_observation_threshold	1	0
98501	Coris aygula	Coris	Labridae	Labridae	Clown Coris	0	238	False	False	False	ineligible	below_required_observation_threshold	82	0
98503	Coris batuensis	Coris	Labridae	Labridae	Batu Coris	0	20	False	False	False	ineligible	below_required_observation_threshold	7	0
98504	Coris bulbifrons	Coris	Labridae	Labridae	Doubleheader	0	114	False	False	False	ineligible	below_required_observation_threshold	39	0
98505	Coris caudimacula	Coris	Labridae	Labridae	Spot-tail Wrasse	0	53	False	False	False	ineligible	below_required_observation_threshold	18	0
98506	Coris centralis	Coris	Labridae	Labridae	Kiribati Coris	0	1	False	False	False	ineligible	below_required_observation_threshold	0	0
98507	Coris cuvieri	Coris	Labridae	Labridae	African Coris	0	26	False	False	False	ineligible	below_required_observation_threshold	9	0
98508	Coris debueni	Coris	Labridae	Labridae	De Buen's Coris	0	2	False	False	False	ineligible	below_required_observation_threshold	1	0
98509	Coris dorsomacula	Coris	Labridae	Labridae	Pale-barred Coris	0	16	False	False	False	ineligible	below_required_observation_threshold	6	0
98510	Coris flavovittata	Coris	Labridae	Labridae	Blackstripe Coris	0	6	False	False	False	ineligible	below_required_observation_threshold	2	0
98511	Coris formosa	Coris	Labridae	Labridae	Queen Coris	0	48	False	False	False	ineligible	below_required_observation_threshold	17	0
1360107	Coris melanura	Coris	Labridae	Labridae	Atlantic rainbow wrasse	0	53	False	False	False	ineligible	below_required_observation_threshold	18	0
98515	Coris picta	Coris	Labridae	Labridae	Comb Wrasse	0	13	False	False	False	ineligible	below_required_observation_threshold	4	0
98516	Coris pictoides	Coris	Labridae	Labridae	Pixy Wrasse	0	4	False	False	False	ineligible	below_required_observation_threshold	1	0
98518	Coris sandeyeri	Coris	Labridae	Labridae	Eastern King Wrasse	0	99	False	False	False	ineligible	below_required_observation_threshold	34	0
1557855	Coris schroederii	Coris	Labridae	Labridae	Schroeder's Rainbow Wrasse	0	98	False	False	False	ineligible	below_required_observation_threshold	34	0
98519	Coris variegata	Coris	Labridae	Labridae	Dapple Coris	0	4	False	False	False	ineligible	below_required_observation_threshold	1	0
98520	Coris venusta	Coris	Labridae	Labridae	Elegant Coris	0	12	False	False	False	ineligible	below_required_observation_threshold	4	0
98731	Cryptotomus roseus	Cryptotomus	Labridae	Labridae	Bluelip Parrotfish	0	10	False	False	False	ineligible	below_required_observation_threshold	3	0
98753	Ctenolabrus rupestris	Ctenolabrus	Labridae	Labridae	Goldsinny Wrasse	0	84	False	False	False	ineligible	below_required_observation_threshold	29	0
98856	Cymolutes lecluse	Cymolutes	Labridae	Labridae	Hawaiian Knifefish	0	1	False	False	False	ineligible	below_required_observation_threshold	0	0
98857	Cymolutes praetextatus	Cymolutes	Labridae	Labridae	Knife Wrasse	0	54	False	False	False	ineligible	below_required_observation_threshold	19	0
98858	Cymolutes torquatus	Cymolutes	Labridae	Labridae	Razor Wrasse	0	4	False	False	False	ineligible	below_required_observation_threshold	1	0
1663225	Decodon erythroleukos	Decodon	Labridae	Labridae	Red-Tailed Halfbar Wrasse	0	1	False	False	False	ineligible	below_required_observation_threshold	0	0
99382	Diproctacanthus xanthurus	Diproctacanthus	Labridae	Labridae	Yellowtail Wrasse	0	39	False	False	False	ineligible	below_required_observation_threshold	13	0
99532	Doratonotus megalepis	Doratonotus	Labridae	Labridae	Dwarf Wrasse	0	2	False	False	False	ineligible	below_required_observation_threshold	1	0
99548	Dotalabrus alleni	Dotalabrus	Labridae	Labridae	Little Rainbow Wrasse	0	5	False	False	False	ineligible	below_required_observation_threshold	2	0
99549	Dotalabrus aurantiacus	Dotalabrus	Labridae	Labridae	Castelnau's Wrasse	0	7	False	False	False	ineligible	below_required_observation_threshold	2	0
100035	Epibulus brevis	Epibulus	Labridae	Labridae	Latent Slingjaw Wrasse	0	27	False	False	False	ineligible	below_required_observation_threshold	9	0
100727	Eupetrichthys angustipes	Eupetrichthys	Labridae	Labridae	Snakeskin Wrasse	0	38	False	False	False	ineligible	below_required_observation_threshold	13	0
52509	Gomphosus caeruleus	Gomphosus	Labridae	Labridae	Green Bird Wrasse	0	88	False	False	False	ineligible	below_required_observation_threshold	30	0
1316481	Gomphosus klunzingeri	Gomphosus	Labridae	Labridae	Red Sea Bird Wrasse	0	172	False	False	False	ineligible	below_required_observation_threshold	60	0
68640	Haletta semifasciata	Haletta	Labridae	Labridae	Blue Weed-whiting	0	28	False	False	False	ineligible	below_required_observation_threshold	10	0
102023	Halichoeres adustus	Halichoeres	Labridae	Labridae	Black Wrasse	0	2	False	False	False	ineligible	below_required_observation_threshold	1	0
102024	Halichoeres aestuaricola	Halichoeres	Labridae	Labridae	Mangrove Wrasse	0	1	False	False	False	ineligible	below_required_observation_threshold	0	0
1474879	Halichoeres annularis	Halichoeres	Labridae	Labridae	Pacific Dusky Wrasse	0	89	False	False	False	ineligible	below_required_observation_threshold	31	0
102025	Halichoeres argus	Halichoeres	Labridae	Labridae	Argus Wrasse	0	67	False	False	False	ineligible	below_required_observation_threshold	23	0
102027	Halichoeres bicolor	Halichoeres	Labridae	Labridae	Brown-stripe Wrasse	0	3	False	False	False	ineligible	below_required_observation_threshold	1	0
102028	Halichoeres binotopsis	Halichoeres	Labridae	Labridae	Banded Rainbowfish	0	1	False	False	False	ineligible	below_required_observation_threshold	0	0
102029	Halichoeres biocellatus	Halichoeres	Labridae	Labridae	Twospot Wrasse	0	61	False	False	False	ineligible	below_required_observation_threshold	21	0
102030	Halichoeres bleekeri	Halichoeres	Labridae	Labridae	Bleeker's Wrasse	0	4	False	False	False	ineligible	below_required_observation_threshold	1	0
102031	Halichoeres brasiliensis	Halichoeres	Labridae	Labridae	Brazilian Wrasse	0	4	False	False	False	ineligible	below_required_observation_threshold	1	0
102032	Halichoeres brownfieldi	Halichoeres	Labridae	Labridae	Brownfield's Wrasse	0	22	False	False	False	ineligible	below_required_observation_threshold	8	0
1316645	Halichoeres californicus	Halichoeres	Labridae	Labridae	Señorita Wrasse	0	38	False	False	False	ineligible	below_required_observation_threshold	13	0
102035	Halichoeres chierchiae	Halichoeres	Labridae	Labridae	Wounded Wrasse	0	85	False	False	False	ineligible	below_required_observation_threshold	29	0
102037	Halichoeres chloropterus	Halichoeres	Labridae	Labridae	Pastel-green Wrasse	0	146	False	False	False	ineligible	below_required_observation_threshold	51	0
1015342	Halichoeres chrysotaenia	Halichoeres	Labridae	Labridae	Indian Pinstriped Wrasse	0	26	False	False	False	ineligible	below_required_observation_threshold	9	0
102039	Halichoeres claudia	Halichoeres	Labridae	Labridae	Claudia's Wrasse	0	19	False	False	False	ineligible	below_required_observation_threshold	7	0
102040	Halichoeres cosmetus	Halichoeres	Labridae	Labridae	Cosmetic Wrasse	0	15	False	False	False	ineligible	below_required_observation_threshold	5	0
102041	Halichoeres cyanocephalus	Halichoeres	Labridae	Labridae	Yellowcheek Wrasse	0	11	False	False	False	ineligible	below_required_observation_threshold	4	0
102042	Halichoeres dimidiatus	Halichoeres	Labridae	Labridae	Brazilian goldenback wrasse	0	3	False	False	False	ineligible	below_required_observation_threshold	1	0
52555	Halichoeres dispilus	Halichoeres	Labridae	Labridae	Chameleon Wrasse	0	182	False	False	False	ineligible	below_required_observation_threshold	63	0
1651821	Halichoeres dussumieri	Halichoeres	Labridae	Labridae		0	3	False	False	False	ineligible	below_required_observation_threshold	1	0
615607	Halichoeres erdmanni	Halichoeres	Labridae	Labridae	Erdmann's Wrasse	0	1	False	False	False	ineligible	below_required_observation_threshold	0	0
615608	Halichoeres hilomeni	Halichoeres	Labridae	Labridae	Hilomen's Wrasse	0	2	False	False	False	ineligible	below_required_observation_threshold	1	0
102046	Halichoeres insularis	Halichoeres	Labridae	Labridae	Socorro Wrasse	0	7	False	False	False	ineligible	below_required_observation_threshold	2	0
102047	Halichoeres iridis	Halichoeres	Labridae	Labridae	Rainbow Wrasse	0	13	False	False	False	ineligible	below_required_observation_threshold	4	0
102048	Halichoeres kallochroma	Halichoeres	Labridae	Labridae	Pink-snouted Wrasse	0	1	False	False	False	ineligible	below_required_observation_threshold	0	0
1015343	Halichoeres kneri	Halichoeres	Labridae	Labridae	Kner's wrasse	0	10	False	False	False	ineligible	below_required_observation_threshold	3	0
1315694	Halichoeres lamarii	Halichoeres	Labridae	Labridae	Western Dusky Wrasse	0	7	False	False	False	ineligible	below_required_observation_threshold	2	0
102049	Halichoeres lapillus	Halichoeres	Labridae	Labridae	Jewelled Wrasse	0	2	False	False	False	ineligible	below_required_observation_threshold	1	0
102051	Halichoeres leucoxanthus	Halichoeres	Labridae	Labridae	Canarytop Wrasse	0	6	False	False	False	ineligible	below_required_observation_threshold	2	0
102052	Halichoeres leucurus	Halichoeres	Labridae	Labridae	Chain-lined Wrasse	0	23	False	False	False	ineligible	below_required_observation_threshold	8	0
102053	Halichoeres maculipinna	Halichoeres	Labridae	Labridae	Clown Wrasse	0	110	False	False	False	ineligible	below_required_observation_threshold	38	0
102055	Halichoeres margaritaceus	Halichoeres	Labridae	Labridae	Weedy Surge Wrasse	0	87	False	False	False	ineligible	below_required_observation_threshold	30	0
102056	Halichoeres marginatus	Halichoeres	Labridae	Labridae	Red Sea Dusky Wrasse	0	32	False	False	False	ineligible	below_required_observation_threshold	11	0
102057	Halichoeres melanochir	Halichoeres	Labridae	Labridae	Orangefin Wrasse	0	6	False	False	False	ineligible	below_required_observation_threshold	2	0
102058	Halichoeres melanotis	Halichoeres	Labridae	Labridae	Golden Wrasse	0	1	False	False	False	ineligible	below_required_observation_threshold	0	0
102059	Halichoeres melanurus	Halichoeres	Labridae	Labridae	Pinstriped Wrasse	0	108	False	False	False	ineligible	below_required_observation_threshold	37	0
102061	Halichoeres melasmapomus	Halichoeres	Labridae	Labridae	Earmuff Wrasse	0	6	False	False	False	ineligible	below_required_observation_threshold	2	0
102062	Halichoeres miniatus	Halichoeres	Labridae	Labridae	Cheek-ring Wrasse	0	11	False	False	False	ineligible	below_required_observation_threshold	4	0
102063	Halichoeres nebulosus	Halichoeres	Labridae	Labridae	Cloud Wrasse	0	74	False	False	False	ineligible	below_required_observation_threshold	26	0
56919	Halichoeres nicholsi	Halichoeres	Labridae	Labridae	Spinster Wrasse	0	188	False	False	False	ineligible	below_required_observation_threshold	65	0
102064	Halichoeres nigrescens	Halichoeres	Labridae	Labridae	Bubblefin Wrasse	0	31	False	False	False	ineligible	below_required_observation_threshold	11	0
52558	Halichoeres notospilus	Halichoeres	Labridae	Labridae	Banded Wrasse	0	249	False	False	False	ineligible	below_required_observation_threshold	86	0
102066	Halichoeres ornatissimus	Halichoeres	Labridae	Labridae	Ornamental Wrasse	0	20	False	False	False	ineligible	below_required_observation_threshold	7	0
102068	Halichoeres papilionaceus	Halichoeres	Labridae	Labridae	Seagrass Wrasse	0	17	False	False	False	ineligible	below_required_observation_threshold	6	0
102069	Halichoeres pardaleocephalus	Halichoeres	Labridae	Labridae	Lineblotch Wrasse	0	2	False	False	False	ineligible	below_required_observation_threshold	1	0
102072	Halichoeres pictus	Halichoeres	Labridae	Labridae	Rainbow Wrasse	0	26	False	False	False	ineligible	below_required_observation_threshold	9	0
102073	Halichoeres podostigma	Halichoeres	Labridae	Labridae	Axilspot Wrasse	0	21	False	False	False	ineligible	below_required_observation_threshold	7	0
102074	Halichoeres poeyi	Halichoeres	Labridae	Labridae	Blackear Wrasse	0	42	False	False	False	ineligible	below_required_observation_threshold	15	0
102075	Halichoeres prosopeion	Halichoeres	Labridae	Labridae	Twotone Wrasse	0	100	False	False	False	ineligible	below_required_observation_threshold	35	0
49942	Halichoeres radiatus	Halichoeres	Labridae	Labridae	Puddingwife Wrasse	0	231	False	False	False	ineligible	below_required_observation_threshold	80	0
102077	Halichoeres richmondi	Halichoeres	Labridae	Labridae	Richmond's Wrasse	0	20	False	False	False	ineligible	below_required_observation_threshold	7	0
102079	Halichoeres salmofasciatus	Halichoeres	Labridae	Labridae	Red-striped Wrasse	0	2	False	False	False	ineligible	below_required_observation_threshold	1	0
102081	Halichoeres semicinctus	Halichoeres	Labridae	Labridae	Rock Wrasse	0	42	False	False	False	ineligible	below_required_observation_threshold	15	0
102083	Halichoeres socialis	Halichoeres	Labridae	Labridae	Social Wrasse	0	1	False	False	False	ineligible	below_required_observation_threshold	0	0
102084	Halichoeres solorensis	Halichoeres	Labridae	Labridae	Yellowface Wrasse	0	3	False	False	False	ineligible	below_required_observation_threshold	1	0
102087	Halichoeres timorensis	Halichoeres	Labridae	Labridae	Timor Wrasse	0	5	False	False	False	ineligible	below_required_observation_threshold	2	0
102091	Halichoeres zeylonicus	Halichoeres	Labridae	Labridae	Goldstripe Wrasse	0	3	False	False	False	ineligible	below_required_observation_threshold	1	0
615611	Halichoeres zulu	Halichoeres	Labridae	Labridae	Kwa-Zulu Natal Wrasse	0	5	False	False	False	ineligible	below_required_observation_threshold	2	0
102579	Hemigymnus fasciatus	Hemigymnus	Labridae	Labridae	Barred Thicklip	0	169	False	False	False	ineligible	below_required_observation_threshold	58	0
187520	Hemigymnus sexfasciatus	Hemigymnus	Labridae	Labridae	Red Sea Thicklip Wrasse	0	18	False	False	False	ineligible	below_required_observation_threshold	6	0
187534	Heteroscarus acroptilus	Heteroscarus	Labridae	Labridae	Rainbow Cale	0	41	False	False	False	ineligible	below_required_observation_threshold	14	0
102860	Hipposcarus harid	Hipposcarus	Labridae	Labridae	Indian Longnose Parrotfish	0	128	False	False	False	ineligible	below_required_observation_threshold	44	0
102861	Hipposcarus longiceps	Hipposcarus	Labridae	Labridae	Pacific Longnose Parrotfish	0	71	False	False	False	ineligible	below_required_observation_threshold	25	0
102898	Hologymnosus annulatus	Hologymnosus	Labridae	Labridae	Ringed Slender Wrasse	0	51	False	False	False	ineligible	below_required_observation_threshold	18	0
102899	Hologymnosus doliatus	Hologymnosus	Labridae	Labridae	Pastel Ring Wrasse	0	30	False	False	False	ineligible	below_required_observation_threshold	10	0
103426	Iniistius aneitensis	Iniistius	Labridae	Labridae	Whitepatch Razorfish	0	6	False	False	False	ineligible	below_required_observation_threshold	2	0
103427	Iniistius auropunctatus	Iniistius	Labridae	Labridae	Insular Razorfish	0	1	False	False	False	ineligible	below_required_observation_threshold	0	0
1506247	Iniistius bakunawa	Iniistius	Labridae	Labridae	Eclipse-spot Razor Wrasse	0	1	False	False	False	ineligible	below_required_observation_threshold	0	0
187563	Iniistius bimaculatus	Iniistius	Labridae	Labridae	Twospot Razorfish	0	1	False	False	False	ineligible	below_required_observation_threshold	0	0
103429	Iniistius celebicus	Iniistius	Labridae	Labridae	Bronzespot Razorfish	0	1	False	False	False	ineligible	below_required_observation_threshold	0	0
103431	Iniistius dea	Iniistius	Labridae	Labridae	Leaf Wrasse	0	4	False	False	False	ineligible	below_required_observation_threshold	1	0
187564	Iniistius evides	Iniistius	Labridae	Labridae		0	2	False	False	False	ineligible	below_required_observation_threshold	1	0
103433	Iniistius griffithsi	Iniistius	Labridae	Labridae	Griffiths' razorfish	0	1	False	False	False	ineligible	below_required_observation_threshold	0	0
187565	Iniistius melanopus	Iniistius	Labridae	Labridae	Yellowpatch Razorfish	0	4	False	False	False	ineligible	below_required_observation_threshold	1	0
615613	Iniistius naevus	Iniistius	Labridae	Labridae	Orange-dot Razorfish	0	2	False	False	False	ineligible	below_required_observation_threshold	1	0
103436	Iniistius pavo	Iniistius	Labridae	Labridae	Peacock Razorfish	0	94	False	False	False	ineligible	below_required_observation_threshold	33	0
187566	Iniistius pentadactylus	Iniistius	Labridae	Labridae	Fivefinger Razorfish	0	16	False	False	False	ineligible	below_required_observation_threshold	6	0
103437	Iniistius trivittatus	Iniistius	Labridae	Labridae	Three-band Razorfish	0	1	False	False	False	ineligible	below_required_observation_threshold	0	0
187567	Iniistius twistii	Iniistius	Labridae	Labridae	Redblotch Razorfish	0	1	False	False	False	ineligible	below_required_observation_threshold	0	0
187568	Iniistius verrens	Iniistius	Labridae	Labridae		0	2	False	False	False	ineligible	below_required_observation_threshold	1	0
103891	Labrichthys unilineatus	Labrichthys	Labridae	Labridae	Tubelip Wrasse	0	110	False	False	False	ineligible	below_required_observation_threshold	38	0
103900	Labroides bicolor	Labroides	Labridae	Labridae	Bicolor Cleaner Wrasse	0	111	False	False	False	ineligible	below_required_observation_threshold	38	0
1684092	Labroides inopinatus	Labroides	Labridae	Labridae	Goldenrod Cleaner Wrasse	0	1	False	False	False	ineligible	below_required_observation_threshold	0	0
103902	Labroides pectoralis	Labroides	Labridae	Labridae	Breastspot Cleaner Wrasse	0	24	False	False	False	ineligible	below_required_observation_threshold	8	0
103903	Labroides phthirophagus	Labroides	Labridae	Labridae	Hawaiian Cleaner Wrasse	0	59	False	False	False	ineligible	below_required_observation_threshold	20	0
1684653	Labroides quadrilineatus	Labroides	Labridae	Labridae	Fourline Wrasse	0	56	False	False	False	ineligible	below_required_observation_threshold	19	0
103904	Labroides rubrolabiatus	Labroides	Labridae	Labridae	Redlip Cleaner Wrasse	0	21	False	False	False	ineligible	below_required_observation_threshold	7	0
103905	Labropsis alleni	Labropsis	Labridae	Labridae	Allen's Tubelip	0	4	False	False	False	ineligible	below_required_observation_threshold	1	0
103906	Labropsis australis	Labropsis	Labridae	Labridae	Southern Tubelip	0	26	False	False	False	ineligible	below_required_observation_threshold	9	0
103907	Labropsis manabei	Labropsis	Labridae	Labridae	Northern Tubelip	0	12	False	False	False	ineligible	below_required_observation_threshold	4	0
103908	Labropsis micronesica	Labropsis	Labridae	Labridae	Micronesian Tubelip	0	1	False	False	False	ineligible	below_required_observation_threshold	0	0
103910	Labropsis xanthonota	Labropsis	Labridae	Labridae	Yellowback Tubelip	0	15	False	False	False	ineligible	below_required_observation_threshold	5	0
103911	Labrus bergylta	Labrus	Labridae	Labridae	Ballan Wrasse	0	154	False	False	False	ineligible	below_required_observation_threshold	53	0
103912	Labrus merula	Labrus	Labridae	Labridae	Brown Wrasse	0	84	False	False	False	ineligible	below_required_observation_threshold	29	0
103913	Labrus mixtus	Labrus	Labridae	Labridae	Cuckoo Wrasse	0	40	False	False	False	ineligible	below_required_observation_threshold	14	0
103914	Labrus viridis	Labrus	Labridae	Labridae	Green Wrasse	0	22	False	False	False	ineligible	below_required_observation_threshold	8	0
49432	Lachnolaimus maximus	Lachnolaimus	Labridae	Labridae	Hogfish	0	116	False	False	False	ineligible	below_required_observation_threshold	40	0
104332	Leptojulis chrysotaenia	Leptojulis	Labridae	Labridae	ochreband wrasse	0	1	False	False	False	ineligible	below_required_observation_threshold	0	0
104333	Leptojulis cyanopleura	Leptojulis	Labridae	Labridae	Shoulderspot Wrasse	0	3	False	False	False	ineligible	below_required_observation_threshold	1	0
104344	Leptoscarus vaigiensis	Leptoscarus	Labridae	Labridae	Marbled Parrotfish	0	30	False	False	False	ineligible	below_required_observation_threshold	10	0
105059	Macropharyngodon bipartitus	Macropharyngodon	Labridae	Labridae	Vermiculate Wrasse	0	15	False	False	False	ineligible	below_required_observation_threshold	5	0
105060	Macropharyngodon choati	Macropharyngodon	Labridae	Labridae	Choat's Wrasse	0	1	False	False	False	ineligible	below_required_observation_threshold	0	0
105061	Macropharyngodon cyanoguttatus	Macropharyngodon	Labridae	Labridae	Bluespotted Wrasse	0	2	False	False	False	ineligible	below_required_observation_threshold	1	0
105062	Macropharyngodon geoffroy	Macropharyngodon	Labridae	Labridae	Shortnose Wrasse	0	8	False	False	False	ineligible	below_required_observation_threshold	3	0
615615	Macropharyngodon marisrubri	Macropharyngodon	Labridae	Labridae	Red Sea Vermiculate Wrasse	0	6	False	False	False	ineligible	below_required_observation_threshold	2	0
81498	Macropharyngodon meleagris	Macropharyngodon	Labridae	Labridae	Leopard Wrasse	0	84	False	False	False	ineligible	below_required_observation_threshold	29	0
105065	Macropharyngodon negrosensis	Macropharyngodon	Labridae	Labridae	Black Leopard Wrasse	0	33	False	False	False	ineligible	below_required_observation_threshold	11	0
105066	Macropharyngodon ornatus	Macropharyngodon	Labridae	Labridae	Ornate Leopard Wrasse	0	4	False	False	False	ineligible	below_required_observation_threshold	1	0
105067	Macropharyngodon vivienae	Macropharyngodon	Labridae	Labridae	Madagascar Wrasse	0	2	False	False	False	ineligible	below_required_observation_threshold	1	0
105144	Malapterus reticulatus	Malapterus	Labridae	Labridae	Juan Fernández Wrasse	0	1	False	False	False	ineligible	below_required_observation_threshold	0	0
68643	Neoodax balteatus	Neoodax	Labridae	Labridae	Little Weed Whiting	0	72	False	False	False	ineligible	below_required_observation_threshold	25	0
107024	Nicholsina denticulata	Nicholsina	Labridae	Labridae	Loosetooth Parrotfish	0	22	False	False	False	ineligible	below_required_observation_threshold	8	0
107025	Nicholsina usta	Nicholsina	Labridae	Labridae	Emerald Parrotfish	0	1	False	False	False	ineligible	below_required_observation_threshold	0	0
107182	Notolabrus fucicola	Notolabrus	Labridae	Labridae	Purple Wrasse	0	247	False	False	False	ineligible	below_required_observation_threshold	85	0
107183	Notolabrus gymnogenis	Notolabrus	Labridae	Labridae	Crimsonband Wrasse	0	123	False	False	False	ineligible	below_required_observation_threshold	43	0
107184	Notolabrus inscriptus	Notolabrus	Labridae	Labridae	Green Wrasse	0	77	False	False	False	ineligible	below_required_observation_threshold	27	0
107185	Notolabrus parilus	Notolabrus	Labridae	Labridae	Brownspotted Wrasse	0	122	False	False	False	ineligible	below_required_observation_threshold	42	0
107186	Notolabrus tetricus	Notolabrus	Labridae	Labridae	Bluethroat Wrasse	0	177	False	False	False	ineligible	below_required_observation_threshold	61	0
107302	Novaculoides macrolepidotus	Novaculoides	Labridae	Labridae	Seagrass Wrasse	0	22	False	False	False	ineligible	below_required_observation_threshold	8	0
68645	Odax pullus	Odax	Labridae	Labridae	Green-boned Butterfish	0	42	False	False	False	ineligible	below_required_observation_threshold	15	0
180920	Olisthops cyanomelas	Olisthops	Labridae	Labridae	Herring Cale	0	74	False	False	False	ineligible	below_required_observation_threshold	26	0
107678	Ophthalmolepis lineolata	Ophthalmolepis	Labridae	Labridae	Southern Maori Wrasse	0	97	False	False	False	ineligible	below_required_observation_threshold	34	0
108075	Oxycheilinus celebicus	Oxycheilinus	Labridae	Labridae	Slender Maori Wrasse	0	26	False	False	False	ineligible	below_required_observation_threshold	9	0
108076	Oxycheilinus digramma	Oxycheilinus	Labridae	Labridae	Linedcheek Wrasse	0	246	False	False	False	ineligible	below_required_observation_threshold	85	0
108078	Oxycheilinus mentalis	Oxycheilinus	Labridae	Labridae	Mental Wrasse	0	4	False	False	False	ineligible	below_required_observation_threshold	1	0
108080	Oxycheilinus orientalis	Oxycheilinus	Labridae	Labridae	Oriental Wrasse	0	7	False	False	False	ineligible	below_required_observation_threshold	2	0
108081	Oxycheilinus unifasciatus	Oxycheilinus	Labridae	Labridae	Ringtail Maori Wrasse	0	29	False	False	False	ineligible	below_required_observation_threshold	10	0
1520860	Paracheilinus amanda	Paracheilinus	Labridae	Labridae	Amanda's Flasher Wrasse	0	2	False	False	False	ineligible	below_required_observation_threshold	1	0
108429	Paracheilinus carpenteri	Paracheilinus	Labridae	Labridae	Carpenter's Flasher Wrasse	0	1	False	False	False	ineligible	below_required_observation_threshold	0	0
108435	Paracheilinus mccoskeri	Paracheilinus	Labridae	Labridae	McCosker's Flasher Wrasse	0	1	False	False	False	ineligible	below_required_observation_threshold	0	0
108437	Paracheilinus octotaenia	Paracheilinus	Labridae	Labridae	Red Sea Flasher Wrasse	0	5	False	False	False	ineligible	below_required_observation_threshold	2	0
1008669	Paracheilinus paineorum	Paracheilinus	Labridae	Labridae	Paine's Flasher Wrasse	0	6	False	False	False	ineligible	below_required_observation_threshold	2	0
108439	Paracheilinus rubricaudalis	Paracheilinus	Labridae	Labridae	Redtail Flasher Wrasse	0	2	False	False	False	ineligible	below_required_observation_threshold	1	0
1314657	Paracheilinus xanthocirritus	Paracheilinus	Labridae	Labridae		0	1	False	False	False	ineligible	below_required_observation_threshold	0	0
108528	Parajulis poecilepterus	Parajulis	Labridae	Labridae	Multicolorfin Rainbowfish	0	20	False	False	False	ineligible	below_required_observation_threshold	7	0
109506	Pictilabrus laticlavius	Pictilabrus	Labridae	Labridae	Senator Wrasse	0	101	False	False	False	ineligible	below_required_observation_threshold	35	0
109507	Pictilabrus viridis	Pictilabrus	Labridae	Labridae	False Senator Wrasse	0	5	False	False	False	ineligible	below_required_observation_threshold	2	0
1474823	Polylepion gilmorei	Polylepion	Labridae	Labridae	Candystriped Wrasse	0	1	False	False	False	ineligible	below_required_observation_threshold	0	0
110971	Pseudocheilinus evanidus	Pseudocheilinus	Labridae	Labridae	Disappearing Wrasse	0	67	False	False	False	ineligible	below_required_observation_threshold	23	0
110972	Pseudocheilinus hexataenia	Pseudocheilinus	Labridae	Labridae	Sixline Wrasse	0	172	False	False	False	ineligible	below_required_observation_threshold	60	0
110973	Pseudocheilinus ocellatus	Pseudocheilinus	Labridae	Labridae	Mystery Wrasse	0	1	False	False	False	ineligible	below_required_observation_threshold	0	0
110974	Pseudocheilinus octotaenia	Pseudocheilinus	Labridae	Labridae	Eightline Wrasse	0	20	False	False	False	ineligible	below_required_observation_threshold	7	0
110975	Pseudocheilinus tetrataenia	Pseudocheilinus	Labridae	Labridae	Four-lined Wrasse	0	2	False	False	False	ineligible	below_required_observation_threshold	1	0
110990	Pseudocoris aurantiofasciata	Pseudocoris	Labridae	Labridae	Rust-banded Wrasse	0	1	False	False	False	ineligible	below_required_observation_threshold	0	0
871133	Pseudocoris occidentalis	Pseudocoris	Labridae	Labridae		0	1	False	False	False	ineligible	below_required_observation_threshold	0	0
110994	Pseudocoris yamashiroi	Pseudocoris	Labridae	Labridae	Redspot Wrasse	0	3	False	False	False	ineligible	below_required_observation_threshold	1	0
111000	Pseudodax moluccanus	Pseudodax	Labridae	Labridae	Chiseltooth Wrasse	0	86	False	False	False	ineligible	below_required_observation_threshold	30	0
111021	Pseudojuloides argyreogaster	Pseudojuloides	Labridae	Labridae		0	1	False	False	False	ineligible	below_required_observation_threshold	0	0
111023	Pseudojuloides cerasinus	Pseudojuloides	Labridae	Labridae	Smalltail Wrasse	0	10	False	False	False	ineligible	below_required_observation_threshold	3	0
111029	Pseudojuloides severnsi	Pseudojuloides	Labridae	Labridae	Royal Pencil Wrasse	0	1	False	False	False	ineligible	below_required_observation_threshold	0	0
823609	Pseudojuloides splendens	Pseudojuloides	Labridae	Labridae	Splendid Pencil Wrasse	0	6	False	False	False	ineligible	below_required_observation_threshold	2	0
111031	Pseudolabrus biserialis	Pseudolabrus	Labridae	Labridae	Redband Wrasse	0	10	False	False	False	ineligible	below_required_observation_threshold	3	0
111032	Pseudolabrus eoethinus	Pseudolabrus	Labridae	Labridae	Red Naped Wrasse	0	4	False	False	False	ineligible	below_required_observation_threshold	1	0
111035	Pseudolabrus guentheri	Pseudolabrus	Labridae	Labridae	Gunther's Wrasse	0	34	False	False	False	ineligible	below_required_observation_threshold	12	0
111036	Pseudolabrus luculentus	Pseudolabrus	Labridae	Labridae	Luculent Wrasse	0	84	False	False	False	ineligible	below_required_observation_threshold	29	0
51542	Pseudolabrus miles	Pseudolabrus	Labridae	Labridae	Scarlet Wrasse	0	16	False	False	False	ineligible	below_required_observation_threshold	6	0
111037	Pseudolabrus rubicundus	Pseudolabrus	Labridae	Labridae	Rosy Parrotfish	0	2	False	False	False	ineligible	below_required_observation_threshold	1	0
111039	Pseudolabrus sieboldi	Pseudolabrus	Labridae	Labridae	Bambooleaf Wrasse	0	24	False	False	False	ineligible	below_required_observation_threshold	8	0
111178	Pteragogus aurigarius	Pteragogus	Labridae	Labridae	Cocktail Wrasse	0	7	False	False	False	ineligible	below_required_observation_threshold	2	0
111180	Pteragogus enneacanthus	Pteragogus	Labridae	Labridae	Cockerel Wrasse	0	16	False	False	False	ineligible	below_required_observation_threshold	6	0
111181	Pteragogus flagellifer	Pteragogus	Labridae	Labridae	Cocktail Wrasse	0	1	False	False	False	ineligible	below_required_observation_threshold	0	0
111182	Pteragogus guttatus	Pteragogus	Labridae	Labridae	Sneaky Wrasse	0	1	False	False	False	ineligible	below_required_observation_threshold	0	0
111184	Pteragogus taeniops	Pteragogus	Labridae	Labridae	Cheekbar Wrasse	0	2	False	False	False	ineligible	below_required_observation_threshold	1	0
615630	Pteragogus trispilus	Pteragogus	Labridae	Labridae	Sideburn wrasse	0	8	False	False	False	ineligible	below_required_observation_threshold	3	0
1416197	Pteragogus turdus	Pteragogus	Labridae	Labridae	Thrush Sneaky Wrasse	0	31	False	False	False	ineligible	below_required_observation_threshold	11	0
615631	Pteragogus variabilis	Pteragogus	Labridae	Labridae	Cargados Wrasse	0	1	False	False	False	ineligible	below_required_observation_threshold	0	0
112130	Scarus altipinnis	Scarus	Labridae	Labridae	Filament-fin Parrotfish	0	109	False	False	False	ineligible	below_required_observation_threshold	38	0
112132	Scarus caudofasciatus	Scarus	Labridae	Labridae	Redbarred Parrotfish	0	1	False	False	False	ineligible	below_required_observation_threshold	0	0
112133	Scarus chameleon	Scarus	Labridae	Labridae	Chameleon Parrotfish	0	36	False	False	False	ineligible	below_required_observation_threshold	12	0
112135	Scarus coelestinus	Scarus	Labridae	Labridae	Midnight Parrotfish	0	49	False	False	False	ineligible	below_required_observation_threshold	17	0
112136	Scarus coeruleus	Scarus	Labridae	Labridae	Blue Parrotfish	0	49	False	False	False	ineligible	below_required_observation_threshold	17	0
83296	Scarus compressus	Scarus	Labridae	Labridae	Azure Parrotfish	0	27	False	False	False	ineligible	below_required_observation_threshold	9	0
112139	Scarus dubius	Scarus	Labridae	Labridae	Regal Parrotfish	0	1	False	False	False	ineligible	below_required_observation_threshold	0	0
112140	Scarus falcipinnis	Scarus	Labridae	Labridae	Sicklefin parrotfish	0	6	False	False	False	ineligible	below_required_observation_threshold	2	0
112141	Scarus ferrugineus	Scarus	Labridae	Labridae	Rusty Parrotfish	0	141	False	False	False	ineligible	below_required_observation_threshold	49	0
112142	Scarus festivus	Scarus	Labridae	Labridae	Festive Parrotfish	0	1	False	False	False	ineligible	below_required_observation_threshold	0	0
112143	Scarus flavipectoralis	Scarus	Labridae	Labridae	Yellowfin Parrotfish	0	44	False	False	False	ineligible	below_required_observation_threshold	15	0
112144	Scarus forsteni	Scarus	Labridae	Labridae	Bluepatch Parrotfish	0	62	False	False	False	ineligible	below_required_observation_threshold	21	0
112147	Scarus fuscopurpureus	Scarus	Labridae	Labridae	Purple-brown Parrotfish	0	24	False	False	False	ineligible	below_required_observation_threshold	8	0
68029	Scarus globiceps	Scarus	Labridae	Labridae	Violetline Parrotfish	0	29	False	False	False	ineligible	below_required_observation_threshold	10	0
112148	Scarus guacamaia	Scarus	Labridae	Labridae	Rainbow Parrotfish	0	186	False	False	False	ineligible	below_required_observation_threshold	64	0
112149	Scarus hoefleri	Scarus	Labridae	Labridae	Guinean Parrotfish	0	19	False	False	False	ineligible	below_required_observation_threshold	7	0
112150	Scarus hypselopterus	Scarus	Labridae	Labridae	East-Indies Parrotfish	0	47	False	False	False	ineligible	below_required_observation_threshold	16	0
112152	Scarus longipinnis	Scarus	Labridae	Labridae	Highfin Parrotfish	0	5	False	False	False	ineligible	below_required_observation_threshold	2	0
112155	Scarus oviceps	Scarus	Labridae	Labridae	Darkcap Parrotfish	0	124	False	False	False	ineligible	below_required_observation_threshold	43	0
112156	Scarus ovifrons	Scarus	Labridae	Labridae	Knobsnout Parrotfish	0	1	False	False	False	ineligible	below_required_observation_threshold	0	0
112157	Scarus perrico	Scarus	Labridae	Labridae	Bumphead Parrotfish	0	59	False	False	False	ineligible	below_required_observation_threshold	20	0
112158	Scarus persicus	Scarus	Labridae	Labridae	Persian Parrotfish	0	19	False	False	False	ineligible	below_required_observation_threshold	7	0
112159	Scarus prasiognathos	Scarus	Labridae	Labridae	Greencheek Parrotfish	0	103	False	False	False	ineligible	below_required_observation_threshold	36	0
112160	Scarus quoyi	Scarus	Labridae	Labridae	Greenblotch Parrotfish	0	109	False	False	False	ineligible	below_required_observation_threshold	38	0
112161	Scarus rivulatus	Scarus	Labridae	Labridae	Surf Parrotfish	0	239	False	False	False	ineligible	below_required_observation_threshold	83	0
112162	Scarus russelii	Scarus	Labridae	Labridae	Eclipse Parrotfish	0	12	False	False	False	ineligible	below_required_observation_threshold	4	0
112163	Scarus scaber	Scarus	Labridae	Labridae	Five-saddle Parrotfish	0	36	False	False	False	ineligible	below_required_observation_threshold	12	0
112164	Scarus schlegeli	Scarus	Labridae	Labridae	Yellowbar Parrotfish	0	185	False	False	False	ineligible	below_required_observation_threshold	64	0
112168	Scarus trispinosus	Scarus	Labridae	Labridae	Greenback Parrotfish	0	2	False	False	False	ineligible	below_required_observation_threshold	1	0
112170	Scarus viridifucatus	Scarus	Labridae	Labridae	Green-snout Parrotfish	0	2	False	False	False	ineligible	below_required_observation_threshold	1	0
112171	Scarus xanthopleura	Scarus	Labridae	Labridae	Red Parrotfish	0	2	False	False	False	ineligible	below_required_observation_threshold	1	0
49691	Scarus zelindae	Scarus	Labridae	Labridae	Brazilian Striped Parrotfish	0	2	False	False	False	ineligible	below_required_observation_threshold	1	0
112704	Siphonognathus argyrophanes	Siphonognathus	Labridae	Labridae	Tubemouth	0	3	False	False	False	ineligible	below_required_observation_threshold	1	0
68648	Siphonognathus attenuatus	Siphonognathus	Labridae	Labridae	Slender Weed Whiting	0	1	False	False	False	ineligible	below_required_observation_threshold	0	0
112705	Siphonognathus beddomei	Siphonognathus	Labridae	Labridae	Pencil Weed Whiting	0	8	False	False	False	ineligible	below_required_observation_threshold	3	0
112707	Siphonognathus radiatus	Siphonognathus	Labridae	Labridae	Longray Weed Whiting	0	4	False	False	False	ineligible	below_required_observation_threshold	1	0
112856	Sparisoma amplum	Sparisoma	Labridae	Labridae	Reef Parrotfish	0	9	False	False	False	ineligible	below_required_observation_threshold	3	0
112857	Sparisoma atomarium	Sparisoma	Labridae	Labridae	Greenblotch Parrotfish	0	4	False	False	False	ineligible	below_required_observation_threshold	1	0
112859	Sparisoma axillare	Sparisoma	Labridae	Labridae	Redeye Parrotfish	0	11	False	False	False	ineligible	below_required_observation_threshold	4	0
564561	Sparisoma choati	Sparisoma	Labridae	Labridae	West-African Parrotfish	0	2	False	False	False	ineligible	below_required_observation_threshold	1	0
49929	Sparisoma chrysopterum	Sparisoma	Labridae	Labridae	Redtail Parrotfish	0	133	False	False	False	ineligible	below_required_observation_threshold	46	0
112861	Sparisoma frondosum	Sparisoma	Labridae	Labridae	Agassiz's Parrotfish	0	26	False	False	False	ineligible	below_required_observation_threshold	9	0
112863	Sparisoma radians	Sparisoma	Labridae	Labridae	Bucktooth Parrotfish	0	17	False	False	False	ineligible	below_required_observation_threshold	6	0
112866	Sparisoma tuiupiranga	Sparisoma	Labridae	Labridae	Tuiupiranga Parrotfish	0	5	False	False	False	ineligible	below_required_observation_threshold	2	0
113200	Stethojulis albovittata	Stethojulis	Labridae	Labridae	Whiteline Wrasse	0	77	False	False	False	ineligible	below_required_observation_threshold	27	0
113201	Stethojulis balteata	Stethojulis	Labridae	Labridae	Belted Wrasse	0	59	False	False	False	ineligible	below_required_observation_threshold	20	0
113202	Stethojulis bandanensis	Stethojulis	Labridae	Labridae	Redshoulder Wrasse	0	226	False	False	False	ineligible	below_required_observation_threshold	78	0
113203	Stethojulis interrupta	Stethojulis	Labridae	Labridae	Cutribbon Wrasse	0	53	False	False	False	ineligible	below_required_observation_threshold	18	0
113206	Stethojulis notialis	Stethojulis	Labridae	Labridae	Southern Wrasse	0	13	False	False	False	ineligible	below_required_observation_threshold	4	0
113207	Stethojulis strigiventer	Stethojulis	Labridae	Labridae	Three-line Wrasse	0	33	False	False	False	ineligible	below_required_observation_threshold	11	0
113208	Stethojulis terina	Stethojulis	Labridae	Labridae	Cutribbon Wrasse	0	8	False	False	False	ineligible	below_required_observation_threshold	3	0
113209	Stethojulis trilineata	Stethojulis	Labridae	Labridae	Blue-ribbon Wrasse	0	82	False	False	False	ineligible	below_required_observation_threshold	28	0
113440	Suezichthys arquatus	Suezichthys	Labridae	Labridae	Painted Rainbow Wrasse	0	1	False	False	False	ineligible	below_required_observation_threshold	0	0
113444	Suezichthys cyanolaemus	Suezichthys	Labridae	Labridae	Bluethroat Rainbow Wrasse	0	10	False	False	False	ineligible	below_required_observation_threshold	3	0
113446	Suezichthys gracilis	Suezichthys	Labridae	Labridae	Slender Rainbow Wrasse	0	4	False	False	False	ineligible	below_required_observation_threshold	1	0
615634	Suezichthys ornatus	Suezichthys	Labridae	Labridae	Tristan da Cunha rainbow wrasse	0	1	False	False	False	ineligible	below_required_observation_threshold	0	0
113528	Symphodus bailloni	Symphodus	Labridae	Labridae	Baillon's Wrasse	0	14	False	False	False	ineligible	below_required_observation_threshold	5	0
564867	Symphodus caeruleus	Symphodus	Labridae	Labridae	Atlantic Wrasse	0	37	False	False	False	ineligible	below_required_observation_threshold	13	0
113529	Symphodus cinereus	Symphodus	Labridae	Labridae	Grey Wrasse	0	71	False	False	False	ineligible	below_required_observation_threshold	25	0
113530	Symphodus doderleini	Symphodus	Labridae	Labridae	Doderlein's Wrasse	0	9	False	False	False	ineligible	below_required_observation_threshold	3	0
113531	Symphodus mediterraneus	Symphodus	Labridae	Labridae	Axillary Wrasse	0	85	False	False	False	ineligible	below_required_observation_threshold	29	0
1316741	Symphodus melanocercus	Symphodus	Labridae	Labridae	Blacktailed Wrasse	0	30	False	False	False	ineligible	below_required_observation_threshold	10	0
113533	Symphodus melops	Symphodus	Labridae	Labridae	Corkwing Wrasse	0	164	False	False	False	ineligible	below_required_observation_threshold	57	0
113534	Symphodus ocellatus	Symphodus	Labridae	Labridae	Ocellated Wrasse	0	73	False	False	False	ineligible	below_required_observation_threshold	25	0
113535	Symphodus roissali	Symphodus	Labridae	Labridae	Five-spotted Wrasse	0	219	False	False	False	ineligible	below_required_observation_threshold	76	0
113536	Symphodus rostratus	Symphodus	Labridae	Labridae	Pointed-snout Wrasse	0	60	False	False	False	ineligible	below_required_observation_threshold	21	0
359902	Symphodus trutta	Symphodus	Labridae	Labridae	Emerald Wrasse	0	25	False	False	False	ineligible	below_required_observation_threshold	9	0
52547	Tautoga onitis	Tautoga	Labridae	Labridae	Tautog	0	95	False	False	False	ineligible	below_required_observation_threshold	33	0
51390	Tautogolabrus adspersus	Tautogolabrus	Labridae	Labridae	Cunner	0	142	False	False	False	ineligible	below_required_observation_threshold	49	0
113971	Thalassoma ballieui	Thalassoma	Labridae	Labridae	Blacktail Wrasse	0	2	False	False	False	ineligible	below_required_observation_threshold	1	0
113972	Thalassoma cupido	Thalassoma	Labridae	Labridae	Cupid Wrasse	0	15	False	False	False	ineligible	below_required_observation_threshold	5	0
113974	Thalassoma genivittatum	Thalassoma	Labridae	Labridae	Red-cheek Wrasse	0	28	False	False	False	ineligible	below_required_observation_threshold	10	0
113975	Thalassoma grammaticum	Thalassoma	Labridae	Labridae	Sunset Wrasse	0	135	False	False	False	ineligible	below_required_observation_threshold	47	0
113976	Thalassoma hebraicum	Thalassoma	Labridae	Labridae	Goldbar Wrasse	0	56	False	False	False	ineligible	below_required_observation_threshold	19	0
113978	Thalassoma jansenii	Thalassoma	Labridae	Labridae	Jansen's Wrasse	0	65	False	False	False	ineligible	below_required_observation_threshold	22	0
113979	Thalassoma loxum	Thalassoma	Labridae	Labridae	Slantband Wrasse	0	1	False	False	False	ineligible	below_required_observation_threshold	0	0
113982	Thalassoma newtoni	Thalassoma	Labridae	Labridae	Newton's Wrasse	0	5	False	False	False	ineligible	below_required_observation_threshold	2	0
113983	Thalassoma nigrofasciatum	Thalassoma	Labridae	Labridae	Blackbarred Wrasse	0	118	False	False	False	ineligible	below_required_observation_threshold	41	0
113984	Thalassoma noronhanum	Thalassoma	Labridae	Labridae	Noronha Wrasse	0	36	False	False	False	ineligible	below_required_observation_threshold	12	0
58467	Thalassoma quinquevittatum	Thalassoma	Labridae	Labridae	Fivestripe Wrasse	0	96	False	False	False	ineligible	below_required_observation_threshold	33	0
113988	Thalassoma sanctaehelenae	Thalassoma	Labridae	Labridae	St. Helena Wrasse	0	2	False	False	False	ineligible	below_required_observation_threshold	1	0
113989	Thalassoma septemfasciatum	Thalassoma	Labridae	Labridae	Sevenband Wrasse	0	29	False	False	False	ineligible	below_required_observation_threshold	10	0
113990	Thalassoma trilobatum	Thalassoma	Labridae	Labridae	Christmas Wrasse	0	201	False	False	False	ineligible	below_required_observation_threshold	70	0
113991	Thalassoma virens	Thalassoma	Labridae	Labridae	Emerald Wrasse	0	16	False	False	False	ineligible	below_required_observation_threshold	6	0
115025	Wetmorella nigropinnata	Wetmorella	Labridae	Labridae	Sharpnose wrasse	0	1	False	False	False	ineligible	below_required_observation_threshold	0	0
115185	Xyrichtys martinicensis	Xyrichtys	Labridae	Labridae	Rosy Razorfish	0	42	False	False	False	ineligible	below_required_observation_threshold	15	0
115187	Xyrichtys mundiceps	Xyrichtys	Labridae	Labridae	Cape Razorfish	0	2	False	False	False	ineligible	below_required_observation_threshold	1	0
115188	Xyrichtys novacula	Xyrichtys	Labridae	Labridae	Pearly Razorfish	0	136	False	False	False	ineligible	below_required_observation_threshold	47	0
115194	Xyrichtys splendens	Xyrichtys	Labridae	Labridae	Green Razorfish	0	64	False	False	False	ineligible	below_required_observation_threshold	22	0
115196	Xyrichtys victori	Xyrichtys	Labridae	Labridae	Galápagos Razorfish	0	1	False	False	False	ineligible	below_required_observation_threshold	0	0
117459	Monotaxis grandoculis	Monotaxis	Lethrinidae	Lethrinidae	Humpnose Bigeye Bream	0	383	True	False	True	broad_pretraining	global_licensed_abundance	133	100
85297	Gnathodentex aureolineatus	Gnathodentex	Lethrinidae	Lethrinidae	Striped Large-eye Bream	0	190	False	False	False	ineligible	below_required_observation_threshold	66	0
132385	Gymnocranius grandoculis	Gymnocranius	Lethrinidae	Lethrinidae	Robinson's Seabream	0	3	False	False	False	ineligible	below_required_observation_threshold	1	0
354626	Gymnocranius superciliosus	Gymnocranius	Lethrinidae	Lethrinidae	Eyebrowed Large-eye Bream	0	4	False	False	False	ineligible	below_required_observation_threshold	1	0
132384	Lethrinus atkinsoni	Lethrinus	Lethrinidae	Lethrinidae	Yellowtail Emperor	0	32	False	False	False	ineligible	below_required_observation_threshold	11	0
578044	Lethrinus borbonicus	Lethrinus	Lethrinidae	Lethrinidae	Snubnose Emperor Bream	0	13	False	False	False	ineligible	below_required_observation_threshold	4	0
344866	Lethrinus crocineus	Lethrinus	Lethrinidae	Lethrinidae	Yellowfin Emperor	0	3	False	False	False	ineligible	below_required_observation_threshold	1	0
344867	Lethrinus erythracanthus	Lethrinus	Lethrinidae	Lethrinidae	Orangespotted Emperor	0	37	False	False	False	ineligible	below_required_observation_threshold	13	0
344292	Lethrinus erythropterus	Lethrinus	Lethrinidae	Lethrinidae	Longfin Emperor	0	49	False	False	False	ineligible	below_required_observation_threshold	17	0
104515	Lethrinus genivittatus	Lethrinus	Lethrinidae	Lethrinidae	Threadfin Emperor	0	3	False	False	False	ineligible	below_required_observation_threshold	1	0
201024	Lethrinus harak	Lethrinus	Lethrinidae	Lethrinidae	Thumbprint Emperor	0	160	False	False	False	ineligible	below_required_observation_threshold	55	0
132387	Lethrinus laticaudis	Lethrinus	Lethrinidae	Lethrinidae	Grass Emperor	0	1	False	False	False	ineligible	below_required_observation_threshold	0	0
341864	Lethrinus lentjan	Lethrinus	Lethrinidae	Lethrinidae	Redspot Emperor	0	26	False	False	False	ineligible	below_required_observation_threshold	9	0
516388	Lethrinus mahsena	Lethrinus	Lethrinidae	Lethrinidae	Mahsena Emperor	0	42	False	False	False	ineligible	below_required_observation_threshold	15	0
474443	Lethrinus microdon	Lethrinus	Lethrinidae	Lethrinidae	Smalltooth Emperor	0	16	False	False	False	ineligible	below_required_observation_threshold	6	0
132395	Lethrinus miniatus	Lethrinus	Lethrinidae	Lethrinidae	Redthroat Emperor	0	18	False	False	False	ineligible	below_required_observation_threshold	6	0
132389	Lethrinus nebulosus	Lethrinus	Lethrinidae	Lethrinidae	Spangled Emperor	0	92	False	False	False	ineligible	below_required_observation_threshold	32	0
344594	Lethrinus obsoletus	Lethrinus	Lethrinidae	Lethrinidae	Orangestriped Emperor	0	35	False	False	False	ineligible	below_required_observation_threshold	12	0
132393	Lethrinus olivaceus	Lethrinus	Lethrinidae	Lethrinidae	Longnose Emperor	0	45	False	False	False	ineligible	below_required_observation_threshold	16	0
358533	Lethrinus ornatus	Lethrinus	Lethrinidae	Lethrinidae	Ornate Emperor	0	8	False	False	False	ineligible	below_required_observation_threshold	3	0
132391	Lethrinus ravus	Lethrinus	Lethrinidae	Lethrinidae	Drab Emperor	0	2	False	False	False	ineligible	below_required_observation_threshold	1	0
55202	Lethrinus rubrioperculatus	Lethrinus	Lethrinidae	Lethrinidae	Spotcheek Emperor	0	13	False	False	False	ineligible	below_required_observation_threshold	4	0
201236	Lethrinus semicinctus	Lethrinus	Lethrinidae	Lethrinidae	Blackblotch Emperor	0	1	False	False	False	ineligible	below_required_observation_threshold	0	0
132394	Lethrinus variegatus	Lethrinus	Lethrinidae	Lethrinidae	Variegated Emperor	0	2	False	False	False	ineligible	below_required_observation_threshold	1	0
341049	Lethrinus xanthochilus	Lethrinus	Lethrinidae	Lethrinidae	Yellowlip Emperor	0	27	False	False	False	ineligible	below_required_observation_threshold	9	0
494752	Monotaxis heterodon	Monotaxis	Lethrinidae	Lethrinidae	Redfin Bream	0	216	False	False	False	ineligible	below_required_observation_threshold	75	0
68030	Lutjanus bohar	Lutjanus	Lutjanidae	Lutjanidae	Two-spot Red Snapper	0	290	True	True	True	common_target_pretraining	requested_target_meets_licensed_abundance_threshold	100	100
81989	Lutjanus apodus	Lutjanus	Lutjanidae	Lutjanidae	Schoolmaster Snapper	0	803	True	False	True	broad_pretraining	global_licensed_abundance	278	200
49509	Lutjanus griseus	Lutjanus	Lutjanidae	Lutjanidae	Gray Snapper	0	586	True	False	True	broad_pretraining	global_licensed_abundance	203	100
47292	Ocyurus chrysurus	Ocyurus	Lutjanidae	Lutjanidae	Yellowtail Snapper	0	406	True	False	True	broad_pretraining	global_licensed_abundance	140	100
96400	Caesio caerulaurea	Caesio	Lutjanidae	Lutjanidae	Scissor-tailed Fusilier	0	178	False	True	False	rare_target_holdout	requested_target_below_abundance_thresholds	62	0
447971	Lutjanus bengalensis	Lutjanus	Lutjanidae	Lutjanidae	Bengal Snapper	0	16	False	True	False	rare_target_holdout	requested_target_below_abundance_thresholds	6	0
104856	Lutjanus decussatus	Lutjanus	Lutjanidae	Lutjanidae	Checkered Snapper	0	161	False	True	False	rare_target_holdout	requested_target_below_abundance_thresholds	56	0
142704	Lutjanus gibbus	Lutjanus	Lutjanidae	Lutjanidae	Humpback Snapper	0	166	False	True	False	rare_target_holdout	requested_target_below_abundance_thresholds	57	0
121001	Lutjanus monostigma	Lutjanus	Lutjanidae	Lutjanidae	Onespot Snapper	0	122	False	True	False	rare_target_holdout	requested_target_below_abundance_thresholds	42	0
135281	Macolor macularis	Macolor	Lutjanidae	Lutjanidae	Midnight Snapper	0	195	False	True	False	rare_target_holdout	requested_target_below_abundance_thresholds	67	0
183187	Pterocaesio tile	Pterocaesio	Lutjanidae	Lutjanidae	Neon Fusilier	0	101	False	True	False	rare_target_holdout	requested_target_below_abundance_thresholds	35	0
130764	Aphareus furca	Aphareus	Lutjanidae	Lutjanidae	Smalltooth Jobfish	0	31	False	False	False	ineligible	below_required_observation_threshold	11	0
49508	Aprion virescens	Aprion	Lutjanidae	Lutjanidae	Green Jobfish	0	19	False	False	False	ineligible	below_required_observation_threshold	7	0
135225	Caesio cuning	Caesio	Lutjanidae	Lutjanidae	Yellowtail Fusilier	0	137	False	False	False	ineligible	below_required_observation_threshold	47	0
183186	Caesio lunaris	Caesio	Lutjanidae	Lutjanidae	Lunar Fusilier	0	112	False	False	False	ineligible	below_required_observation_threshold	39	0
371399	Caesio striata	Caesio	Lutjanidae	Lutjanidae	Striated Fusilier	0	53	False	False	False	ineligible	below_required_observation_threshold	18	0
354586	Caesio suevica	Caesio	Lutjanidae	Lutjanidae	Suez Fusilier	0	43	False	False	False	ineligible	below_required_observation_threshold	15	0
68021	Caesio teres	Caesio	Lutjanidae	Lutjanidae	Blue-and-yellow Fusilier	0	111	False	False	False	ineligible	below_required_observation_threshold	38	0
448078	Caesio varilineata	Caesio	Lutjanidae	Lutjanidae	Variable-lined Fusilier	0	23	False	False	False	ineligible	below_required_observation_threshold	8	0
355401	Caesio xanthalytos	Caesio	Lutjanidae	Lutjanidae	Goldsash Fusilier	0	19	False	False	False	ineligible	below_required_observation_threshold	7	0
208069	Caesio xanthonota	Caesio	Lutjanidae	Lutjanidae	Yellowback Fusilier	0	54	False	False	False	ineligible	below_required_observation_threshold	19	0
448083	Dipterygonotus balteatus	Dipterygonotus	Lutjanidae	Lutjanidae	Mottled Fusilier	0	1	False	False	False	ineligible	below_required_observation_threshold	0	0
410999	Etelis coruscans	Etelis	Lutjanidae	Lutjanidae	Flame Snapper	0	2	False	False	False	ineligible	below_required_observation_threshold	1	0
131532	Etelis oculatus	Etelis	Lutjanidae	Lutjanidae	Queen Snapper	0	1	False	False	False	ineligible	below_required_observation_threshold	0	0
183182	Gymnocaesio gymnoptera	Gymnocaesio	Lutjanidae	Lutjanidae	Slender Fusilier	0	4	False	False	False	ineligible	below_required_observation_threshold	1	0
102938	Hoplopagrus guentherii	Hoplopagrus	Lutjanidae	Lutjanidae	Barred Pargo	0	58	False	False	False	ineligible	below_required_observation_threshold	20	0
560557	Lutjanus alexandrei	Lutjanus	Lutjanidae	Lutjanidae	Brazilian Snapper	0	6	False	False	False	ineligible	below_required_observation_threshold	2	0
104853	Lutjanus analis	Lutjanus	Lutjanidae	Lutjanidae	Mutton Snapper	0	151	False	False	False	ineligible	below_required_observation_threshold	52	0
104854	Lutjanus aratus	Lutjanus	Lutjanidae	Lutjanidae	Mullet Snapper	0	7	False	False	False	ineligible	below_required_observation_threshold	2	0
125802	Lutjanus argentimaculatus	Lutjanus	Lutjanidae	Lutjanidae	Mangrove Red Snapper	0	106	False	False	False	ineligible	below_required_observation_threshold	37	0
47293	Lutjanus argentiventris	Lutjanus	Lutjanidae	Lutjanidae	Yellow Snapper	0	244	False	False	False	ineligible	below_required_observation_threshold	84	0
135223	Lutjanus biguttatus	Lutjanus	Lutjanidae	Lutjanidae	Twospot Snapper	0	131	False	False	False	ineligible	below_required_observation_threshold	45	0
131531	Lutjanus buccanella	Lutjanus	Lutjanidae	Lutjanidae	Blackfin Snapper	0	12	False	False	False	ineligible	below_required_observation_threshold	4	0
124316	Lutjanus campechanus	Lutjanus	Lutjanidae	Lutjanidae	Northern Red Snapper	0	18	False	False	False	ineligible	below_required_observation_threshold	6	0
50345	Lutjanus carponotatus	Lutjanus	Lutjanidae	Lutjanidae	Spanish Flag Snapper	0	102	False	False	False	ineligible	below_required_observation_threshold	35	0
450167	Lutjanus coeruleolineatus	Lutjanus	Lutjanidae	Lutjanidae	Blueline Snapper	0	1	False	False	False	ineligible	below_required_observation_threshold	0	0
104855	Lutjanus colorado	Lutjanus	Lutjanidae	Lutjanidae	Colorado Snapper	0	19	False	False	False	ineligible	below_required_observation_threshold	7	0
63418	Lutjanus cyanopterus	Lutjanus	Lutjanidae	Lutjanidae	Cubera Snapper	0	42	False	False	False	ineligible	below_required_observation_threshold	15	0
204570	Lutjanus ehrenbergii	Lutjanus	Lutjanidae	Lutjanidae	Ehrenberg's Snapper	0	66	False	False	False	ineligible	below_required_observation_threshold	23	0
616945	Lutjanus endecacanthus	Lutjanus	Lutjanidae	Lutjanidae	Guinea Snapper	0	1	False	False	False	ineligible	below_required_observation_threshold	0	0
204571	Lutjanus fulviflamma	Lutjanus	Lutjanidae	Lutjanidae	Blackspot Snapper	0	135	False	False	False	ineligible	below_required_observation_threshold	47	0
121459	Lutjanus fulvus	Lutjanus	Lutjanidae	Lutjanidae	Blacktail Snapper	0	230	False	False	False	ineligible	below_required_observation_threshold	80	0
337743	Lutjanus goreensis	Lutjanus	Lutjanidae	Lutjanidae	Gorean Snapper	0	2	False	False	False	ineligible	below_required_observation_threshold	1	0
104857	Lutjanus guttatus	Lutjanus	Lutjanidae	Lutjanidae	Spotted Rose Snapper	0	64	False	False	False	ineligible	below_required_observation_threshold	22	0
494741	Lutjanus indicus	Lutjanus	Lutjanidae	Lutjanidae	Indian Snapper	0	2	False	False	False	ineligible	below_required_observation_threshold	1	0
104858	Lutjanus inermis	Lutjanus	Lutjanidae	Lutjanidae	Golden Snapper	0	34	False	False	False	ineligible	below_required_observation_threshold	12	0
182608	Lutjanus jocu	Lutjanus	Lutjanidae	Lutjanidae	Dog Snapper	0	79	False	False	False	ineligible	below_required_observation_threshold	27	0
335690	Lutjanus johnii	Lutjanus	Lutjanidae	Lutjanidae	Golden Snapper	0	6	False	False	False	ineligible	below_required_observation_threshold	2	0
104859	Lutjanus jordani	Lutjanus	Lutjanidae	Lutjanidae	Jordan's Snapper	0	2	False	False	False	ineligible	below_required_observation_threshold	1	0
118574	Lutjanus kasmira	Lutjanus	Lutjanidae	Lutjanidae	Bluestriped Snapper	0	244	False	False	False	ineligible	below_required_observation_threshold	84	0
368623	Lutjanus lemniscatus	Lutjanus	Lutjanidae	Lutjanidae	Darktail Snapper	0	11	False	False	False	ineligible	below_required_observation_threshold	4	0
616950	Lutjanus lunulatus	Lutjanus	Lutjanidae	Lutjanidae	Crescent Snapper	0	1	False	False	False	ineligible	below_required_observation_threshold	0	0
311253	Lutjanus lutjanus	Lutjanus	Lutjanidae	Lutjanidae	Bigeye Snapper	0	65	False	False	False	ineligible	below_required_observation_threshold	22	0
359839	Lutjanus madras	Lutjanus	Lutjanidae	Lutjanidae	Indian Snapper	0	2	False	False	False	ineligible	below_required_observation_threshold	1	0
131387	Lutjanus mahogoni	Lutjanus	Lutjanidae	Lutjanidae	Mahogany Snapper	0	231	False	False	False	ineligible	below_required_observation_threshold	80	0
530235	Lutjanus malabaricus	Lutjanus	Lutjanidae	Lutjanidae	Saddletail Snapper	0	4	False	False	False	ineligible	below_required_observation_threshold	1	0
104860	Lutjanus notatus	Lutjanus	Lutjanidae	Lutjanidae	West Indian Bluestriped Snapper	0	2	False	False	False	ineligible	below_required_observation_threshold	1	0
51554	Lutjanus novemfasciatus	Lutjanus	Lutjanidae	Lutjanidae	Pacific Cubera Snapper	0	84	False	False	False	ineligible	below_required_observation_threshold	29	0
623922	Lutjanus octolineatus	Lutjanus	Lutjanidae	Lutjanidae	Whitebelly Snapper	0	1	False	False	False	ineligible	below_required_observation_threshold	0	0
104861	Lutjanus peru	Lutjanus	Lutjanidae	Lutjanidae	South Pacific Red Snapper	0	9	False	False	False	ineligible	below_required_observation_threshold	3	0
142736	Lutjanus quinquelineatus	Lutjanus	Lutjanidae	Lutjanidae	Fiveline Snapper	0	42	False	False	False	ineligible	below_required_observation_threshold	15	0
154723	Lutjanus rivulatus	Lutjanus	Lutjanidae	Lutjanidae	Speckled Snapper	0	29	False	False	False	ineligible	below_required_observation_threshold	10	0
359398	Lutjanus rufolineatus	Lutjanus	Lutjanidae	Lutjanidae	Yellowlined Snapper	0	2	False	False	False	ineligible	below_required_observation_threshold	1	0
84539	Lutjanus russellii	Lutjanus	Lutjanidae	Lutjanidae	Moses' Snapper	0	53	False	False	False	ineligible	below_required_observation_threshold	18	0
616954	Lutjanus sanguineus	Lutjanus	Lutjanidae	Lutjanidae	Humphead Snapper	0	1	False	False	False	ineligible	below_required_observation_threshold	0	0
132380	Lutjanus sebae	Lutjanus	Lutjanidae	Lutjanidae	Red Emperor Snapper	0	18	False	False	False	ineligible	below_required_observation_threshold	6	0
186847	Lutjanus semicinctus	Lutjanus	Lutjanidae	Lutjanidae	Blackbanded Snapper	0	67	False	False	False	ineligible	below_required_observation_threshold	23	0
616955	Lutjanus stellatus	Lutjanus	Lutjanidae	Lutjanidae	White-spotted Snapper	0	3	False	False	False	ineligible	below_required_observation_threshold	1	0
131530	Lutjanus synagris	Lutjanus	Lutjanidae	Lutjanidae	Lane Snapper	0	140	False	False	False	ineligible	below_required_observation_threshold	48	0
104862	Lutjanus viridis	Lutjanus	Lutjanidae	Lutjanidae	Blue-and-gold Snapper	0	157	False	False	False	ineligible	below_required_observation_threshold	54	0
132381	Lutjanus vitta	Lutjanus	Lutjanidae	Lutjanidae	Brownstripe Snapper	0	32	False	False	False	ineligible	below_required_observation_threshold	11	0
131528	Lutjanus vivanus	Lutjanus	Lutjanidae	Lutjanidae	Silk Snapper	0	2	False	False	False	ineligible	below_required_observation_threshold	1	0
135280	Macolor niger	Macolor	Lutjanidae	Lutjanidae	Black-and-white Snapper	0	131	False	False	False	ineligible	below_required_observation_threshold	45	0
448025	Paracaesio sordida	Paracaesio	Lutjanidae	Lutjanidae	Fusilier Snapper	0	3	False	False	False	ineligible	below_required_observation_threshold	1	0
208070	Paracaesio xanthurus	Paracaesio	Lutjanidae	Lutjanidae	Yellowtail False Fusilier	0	5	False	False	False	ineligible	below_required_observation_threshold	2	0
199309	Pinjalo lewisi	Pinjalo	Lutjanidae	Lutjanidae	Red Pinjalo	0	1	False	False	False	ineligible	below_required_observation_threshold	0	0
530240	Pinjalo pinjalo	Pinjalo	Lutjanidae	Lutjanidae	Pinjalo	0	1	False	False	False	ineligible	below_required_observation_threshold	0	0
131527	Pristipomoides aquilonaris	Pristipomoides	Lutjanidae	Lutjanidae	Wenchman	0	1	False	False	False	ineligible	below_required_observation_threshold	0	0
122914	Pristipomoides filamentosus	Pristipomoides	Lutjanidae	Lutjanidae	Rosy Snapper	0	1	False	False	False	ineligible	below_required_observation_threshold	0	0
346229	Pterocaesio chrysozona	Pterocaesio	Lutjanidae	Lutjanidae	Yellowband Fusilier	0	21	False	False	False	ineligible	below_required_observation_threshold	7	0
347375	Pterocaesio digramma	Pterocaesio	Lutjanidae	Lutjanidae	Doubleline Fusilier	0	38	False	False	False	ineligible	below_required_observation_threshold	13	0
208071	Pterocaesio lativittata	Pterocaesio	Lutjanidae	Lutjanidae	Wide-band Fusilier	0	5	False	False	False	ineligible	below_required_observation_threshold	2	0
132406	Pterocaesio marri	Pterocaesio	Lutjanidae	Lutjanidae	Twinstripe Fusilier	0	5	False	False	False	ineligible	below_required_observation_threshold	2	0
183185	Pterocaesio pisang	Pterocaesio	Lutjanidae	Lutjanidae	Ruddy Fusilier	0	71	False	False	False	ineligible	below_required_observation_threshold	25	0
359875	Pterocaesio randalli	Pterocaesio	Lutjanidae	Lutjanidae	Randall's fusilier	0	5	False	False	False	ineligible	below_required_observation_threshold	2	0
136467	Pterocaesio tessellata	Pterocaesio	Lutjanidae	Lutjanidae	One-stripe fusilier	0	27	False	False	False	ineligible	below_required_observation_threshold	9	0
334962	Pterocaesio trilineata	Pterocaesio	Lutjanidae	Lutjanidae	Threestripe Fusilier	0	58	False	False	False	ineligible	below_required_observation_threshold	20	0
126872	Rhomboplites aurorubens	Rhomboplites	Lutjanidae	Lutjanidae	Vermilion Snapper	0	8	False	False	False	ineligible	below_required_observation_threshold	3	0
186848	Symphorichthys spilurus	Symphorichthys	Lutjanidae	Lutjanidae	Sailfin Snapper	0	4	False	False	False	ineligible	below_required_observation_threshold	1	0
132383	Symphorus nematophorus	Symphorus	Lutjanidae	Lutjanidae	Thread-finned Sea Perch	0	8	False	False	False	ineligible	below_required_observation_threshold	3	0
623965	Mobula alfredi	Mobula	Mobulidae	Mobulidae	Reef Manta Ray	0	178	False	True	False	rare_target_holdout	requested_target_below_abundance_thresholds	62	0
623966	Mobula birostris	Mobula	Mobulidae	Mobulidae	Oceanic Manta Ray	0	71	False	False	False	ineligible	below_required_observation_threshold	25	0
49694	Mobula hypostoma	Mobula	Mobulidae	Mobulidae	Atlantic Pygmy Devil Ray	0	2	False	False	False	ineligible	below_required_observation_threshold	1	0
105922	Mobula kuhlii	Mobula	Mobulidae	Mobulidae	Shorthorned Pygmy Devil Ray	0	12	False	False	False	ineligible	below_required_observation_threshold	4	0
105923	Mobula mobular	Mobula	Mobulidae	Mobulidae	Spinetail Devil Ray	0	20	False	False	False	ineligible	below_required_observation_threshold	7	0
105924	Mobula munkiana	Mobula	Mobulidae	Mobulidae	Munk's Pygmy Devil Ray	0	42	False	False	False	ineligible	below_required_observation_threshold	15	0
105926	Mobula tarapacana	Mobula	Mobulidae	Mobulidae	Sicklefin Devil Ray	0	24	False	False	False	ineligible	below_required_observation_threshold	8	0
105927	Mobula thurstoni	Mobula	Mobulidae	Mobulidae	Bentfin Devil Ray	0	11	False	False	False	ineligible	below_required_observation_threshold	4	0
1635826	Mobula yarae	Mobula	Mobulidae	Mobulidae	Atlantic manta ray	0	16	False	False	False	ineligible	below_required_observation_threshold	6	0
49601	Mola mola	Mola	Molidae	Molidae	Common Mola	0	252	True	False	True	broad_pretraining	global_licensed_abundance	87	100
604230	Mola alexandrini	Mola	Molidae	Molidae	Bump-head Mola	0	14	False	True	False	rare_target_holdout	requested_target_below_abundance_thresholds	5	0
49600	Masturus lanceolatus	Masturus	Molidae	Molidae	Sharptail Mola	0	6	False	False	False	ineligible	below_required_observation_threshold	2	0
554753	Mola tecta	Mola	Molidae	Molidae	Hoodwinker Mola	0	4	False	False	False	ineligible	below_required_observation_threshold	1	0
49603	Ranzania laevis	Ranzania	Molidae	Molidae	Slender Mola	0	3	False	False	False	ineligible	below_required_observation_threshold	1	0
49498	Aluterus scriptus	Aluterus	Monacanthidae	Monacanthidae	Scrawled Filefish	0	459	True	False	True	broad_pretraining	global_licensed_abundance	159	100
530366	Acanthaluteres brownii	Acanthaluteres	Monacanthidae	Monacanthidae	Spinytail Leatherjacket	0	22	False	False	False	ineligible	below_required_observation_threshold	8	0
353497	Acanthaluteres spilomelanurus	Acanthaluteres	Monacanthidae	Monacanthidae	Bridled Leatherjacket	0	21	False	False	False	ineligible	below_required_observation_threshold	7	0
353494	Acanthaluteres vittiger	Acanthaluteres	Monacanthidae	Monacanthidae	Toothbrush Leatherjacket	0	42	False	False	False	ineligible	below_required_observation_threshold	15	0
196901	Acreichthys radiatus	Acreichthys	Monacanthidae	Monacanthidae	Radial Leatherjacket	0	7	False	False	False	ineligible	below_required_observation_threshold	2	0
338159	Acreichthys tomentosus	Acreichthys	Monacanthidae	Monacanthidae	Bristle-tail Leatherjacket	0	15	False	False	False	ineligible	below_required_observation_threshold	5	0
316936	Aluterus heudelotii	Aluterus	Monacanthidae	Monacanthidae	Dotterel Filefish	0	3	False	False	False	ineligible	below_required_observation_threshold	1	0
194921	Aluterus monoceros	Aluterus	Monacanthidae	Monacanthidae	Unicorn Leatherjacket	0	53	False	False	False	ineligible	below_required_observation_threshold	18	0
179427	Aluterus schoepfii	Aluterus	Monacanthidae	Monacanthidae	Orange Filefish	0	28	False	False	False	ineligible	below_required_observation_threshold	10	0
196907	Amanses scopas	Amanses	Monacanthidae	Monacanthidae	Broom Filefish	0	50	False	False	False	ineligible	below_required_observation_threshold	17	0
617405	Arotrolepis filicauda	Arotrolepis	Monacanthidae	Monacanthidae	Threadfin Leatherjacket	0	6	False	False	False	ineligible	below_required_observation_threshold	2	0
511645	Brachaluteres jacksonianus	Brachaluteres	Monacanthidae	Monacanthidae	Southern Pygmy Leatherjacket	0	46	False	False	False	ineligible	below_required_observation_threshold	16	0
474555	Brachaluteres taylori	Brachaluteres	Monacanthidae	Monacanthidae	Puffer Filefish	0	4	False	False	False	ineligible	below_required_observation_threshold	1	0
130765	Cantherhines dumerilii	Cantherhines	Monacanthidae	Monacanthidae	Barred Filefish	0	108	False	False	False	ineligible	below_required_observation_threshold	37	0
418231	Cantherhines fronticinctus	Cantherhines	Monacanthidae	Monacanthidae	Spectacled Filefish	0	7	False	False	False	ineligible	below_required_observation_threshold	2	0
129656	Cantherhines macrocerus	Cantherhines	Monacanthidae	Monacanthidae	Whitespotted Filefish	0	148	False	False	False	ineligible	below_required_observation_threshold	51	0
196905	Cantherhines pardalis	Cantherhines	Monacanthidae	Monacanthidae	Wirenet Filefish	0	88	False	False	False	ineligible	below_required_observation_threshold	30	0
49275	Cantherhines pullus	Cantherhines	Monacanthidae	Monacanthidae	Orangespotted Filefish	0	166	False	False	False	ineligible	below_required_observation_threshold	57	0
617410	Cantherhines rapanui	Cantherhines	Monacanthidae	Monacanthidae	Rapa Nui Filefish	0	1	False	False	False	ineligible	below_required_observation_threshold	0	0
142086	Cantherhines sandwichiensis	Cantherhines	Monacanthidae	Monacanthidae	Squaretail Filefish	0	12	False	False	False	ineligible	below_required_observation_threshold	4	0
148085	Cantherhines verecundus	Cantherhines	Monacanthidae	Monacanthidae	Shy Filefish	0	1	False	False	False	ineligible	below_required_observation_threshold	0	0
519392	Cantheschenia grandisquamis	Cantheschenia	Monacanthidae	Monacanthidae	Largescale Leatherjacket	0	1	False	False	False	ineligible	below_required_observation_threshold	0	0
474370	Chaetodermis penicilligerus	Chaetodermis	Monacanthidae	Monacanthidae	Leafy Filefish	0	20	False	False	False	ineligible	below_required_observation_threshold	7	0
530368	Colurodontis paxmani	Colurodontis	Monacanthidae	Monacanthidae	Paxman's Leatherjacket	0	2	False	False	False	ineligible	below_required_observation_threshold	1	0
510796	Eubalichthys bucephalus	Eubalichthys	Monacanthidae	Monacanthidae	Black Reef Leatherjacket	0	10	False	False	False	ineligible	below_required_observation_threshold	3	0
530369	Eubalichthys cyanoura	Eubalichthys	Monacanthidae	Monacanthidae	Bluetail Leatherjacket	0	2	False	False	False	ineligible	below_required_observation_threshold	1	0
515935	Eubalichthys gunnii	Eubalichthys	Monacanthidae	Monacanthidae	Gunn's Leatherjacket	0	6	False	False	False	ineligible	below_required_observation_threshold	2	0
429286	Eubalichthys mosaicus	Eubalichthys	Monacanthidae	Monacanthidae	Mosaic Leatherjacket	0	21	False	False	False	ineligible	below_required_observation_threshold	7	0
518209	Meuschenia australis	Meuschenia	Monacanthidae	Monacanthidae	Brownstriped Leatherjacket	0	3	False	False	False	ineligible	below_required_observation_threshold	1	0
511746	Meuschenia flavolineata	Meuschenia	Monacanthidae	Monacanthidae	Yellowstriped Leatherjacket	0	42	False	False	False	ineligible	below_required_observation_threshold	15	0
353493	Meuschenia freycineti	Meuschenia	Monacanthidae	Monacanthidae	Sixspine Leatherjacket	0	66	False	False	False	ineligible	below_required_observation_threshold	23	0
512740	Meuschenia galii	Meuschenia	Monacanthidae	Monacanthidae	Bluelined Leatherjacket	0	24	False	False	False	ineligible	below_required_observation_threshold	8	0
105693	Meuschenia hippocrepis	Meuschenia	Monacanthidae	Monacanthidae	Horseshoe Leatherjacket	0	54	False	False	False	ineligible	below_required_observation_threshold	19	0
502711	Meuschenia scabra	Meuschenia	Monacanthidae	Monacanthidae	Velvet Leatherjacket	0	116	False	False	False	ineligible	below_required_observation_threshold	40	0
511644	Meuschenia trachylepis	Meuschenia	Monacanthidae	Monacanthidae	Yellowfin Leatherjacket	0	54	False	False	False	ineligible	below_required_observation_threshold	19	0
368999	Monacanthus chinensis	Monacanthus	Monacanthidae	Monacanthidae	Fanbelly Leatherjacket	0	94	False	False	False	ineligible	below_required_observation_threshold	33	0
131515	Monacanthus ciliatus	Monacanthus	Monacanthidae	Monacanthidae	Fringed Filefish	0	13	False	False	False	ineligible	below_required_observation_threshold	4	0
131514	Monacanthus tuckeri	Monacanthus	Monacanthidae	Monacanthidae	Slender Filefish	0	59	False	False	False	ineligible	below_required_observation_threshold	20	0
47174	Nelusetta ayraud	Nelusetta	Monacanthidae	Monacanthidae	Ocean Leatherjacket	0	9	False	False	False	ineligible	below_required_observation_threshold	3	0
487689	Oxymonacanthus halli	Oxymonacanthus	Monacanthidae	Monacanthidae	Red Sea Longnose Filefish	0	7	False	False	False	ineligible	below_required_observation_threshold	2	0
127710	Oxymonacanthus longirostris	Oxymonacanthus	Monacanthidae	Monacanthidae	Longnose Filefish	0	119	False	False	False	ineligible	below_required_observation_threshold	41	0
196904	Paraluteres prionurus	Paraluteres	Monacanthidae	Monacanthidae	Mimic Filefish	0	57	False	False	False	ineligible	below_required_observation_threshold	20	0
199186	Paramonacanthus choirocephalus	Paramonacanthus	Monacanthidae	Monacanthidae	Whitebar Filefish	0	3	False	False	False	ineligible	below_required_observation_threshold	1	0
334730	Paramonacanthus curtorhynchos	Paramonacanthus	Monacanthidae	Monacanthidae	Japanese Leatherjacket	0	4	False	False	False	ineligible	below_required_observation_threshold	1	0
196906	Pervagor alternans	Pervagor	Monacanthidae	Monacanthidae	Yelloweye Leatherjacket	0	27	False	False	False	ineligible	below_required_observation_threshold	9	0
122524	Pervagor aspricaudus	Pervagor	Monacanthidae	Monacanthidae	Orangetail Filefish	0	2	False	False	False	ineligible	below_required_observation_threshold	1	0
196903	Pervagor janthinosoma	Pervagor	Monacanthidae	Monacanthidae	Blackbar Filefish	0	30	False	False	False	ineligible	below_required_observation_threshold	10	0
196902	Pervagor melanocephalus	Pervagor	Monacanthidae	Monacanthidae	Blackheaded Filefish	0	13	False	False	False	ineligible	below_required_observation_threshold	4	0
197087	Pervagor nigrolineatus	Pervagor	Monacanthidae	Monacanthidae	Blacklined Leatherjacket	0	2	False	False	False	ineligible	below_required_observation_threshold	1	0
122115	Pervagor spilosoma	Pervagor	Monacanthidae	Monacanthidae	Fantail Filefish	0	5	False	False	False	ineligible	below_required_observation_threshold	2	0
199313	Pseudalutarius nasicornis	Pseudalutarius	Monacanthidae	Monacanthidae	Rhino Filefish	0	2	False	False	False	ineligible	below_required_observation_threshold	1	0
272552	Pseudomonacanthus macrurus	Pseudomonacanthus	Monacanthidae	Monacanthidae	Strapweed Filefish	0	26	False	False	False	ineligible	below_required_observation_threshold	9	0
617422	Rudarius ercodes	Rudarius	Monacanthidae	Monacanthidae	White-spotted Pygmy Filefish	0	2	False	False	False	ineligible	below_required_observation_threshold	1	0
474267	Rudarius excelsus	Rudarius	Monacanthidae	Monacanthidae	Diamond Leatherjacket	0	2	False	False	False	ineligible	below_required_observation_threshold	1	0
530374	Rudarius minutus	Rudarius	Monacanthidae	Monacanthidae	Minute Leatherjacket	0	1	False	False	False	ineligible	below_required_observation_threshold	0	0
322000	Scobinichthys granulatus	Scobinichthys	Monacanthidae	Monacanthidae	Rough Leatherjacket	0	100	False	False	False	ineligible	below_required_observation_threshold	35	0
1315756	Stephanolepis aurata	Stephanolepis	Monacanthidae	Monacanthidae	Porky	0	3	False	False	False	ineligible	below_required_observation_threshold	1	0
418232	Stephanolepis cirrhifer	Stephanolepis	Monacanthidae	Monacanthidae	Thread-sail Filefish	0	15	False	False	False	ineligible	below_required_observation_threshold	5	0
617424	Stephanolepis diaspros	Stephanolepis	Monacanthidae	Monacanthidae	Reticulated Leatherjacket	0	16	False	False	False	ineligible	below_required_observation_threshold	6	0
132526	Stephanolepis hispida	Stephanolepis	Monacanthidae	Monacanthidae	Planehead Filefish	0	150	False	False	False	ineligible	below_required_observation_threshold	52	0
52164	Stephanolepis setifer	Stephanolepis	Monacanthidae	Monacanthidae	Pygmy Filefish	0	9	False	False	False	ineligible	below_required_observation_threshold	3	0
518187	Thamnaconus analis	Thamnaconus	Monacanthidae	Monacanthidae	Darkvent Leatherjacket	0	1	False	False	False	ineligible	below_required_observation_threshold	0	0
530375	Thamnaconus degeni	Thamnaconus	Monacanthidae	Monacanthidae	Bluefin Leatherjacket	0	52	False	False	False	ineligible	below_required_observation_threshold	18	0
1313099	Thamnaconus erythraeensis	Thamnaconus	Monacanthidae	Monacanthidae	Odd Leatherjacket	0	1	False	False	False	ineligible	below_required_observation_threshold	0	0
530376	Thamnaconus hypargyreus	Thamnaconus	Monacanthidae	Monacanthidae	Yellowspotted Leatherjacket	0	1	False	False	False	ineligible	below_required_observation_threshold	0	0
372203	Thamnaconus modestus	Thamnaconus	Monacanthidae	Monacanthidae	Korean Black Scraper	0	6	False	False	False	ineligible	below_required_observation_threshold	2	0
106222	Mugil cephalus	Mugil	Mugilidae	Mugilidae	Sea Mullet	0	577	True	False	True	broad_pretraining	global_licensed_abundance	200	100
322001	Aldrichetta forsteri	Aldrichetta	Mugilidae	Mugilidae	Yelloweye Mullet	0	197	False	False	False	ineligible	below_required_observation_threshold	68	0
97131	Chaenomugil proboscideus	Chaenomugil	Mugilidae	Mugilidae	Snouted Mullet	0	12	False	False	False	ineligible	below_required_observation_threshold	4	0
786323	Chelon auratus	Chelon	Mugilidae	Mugilidae	Golden Grey Mullet	0	4	False	False	False	ineligible	below_required_observation_threshold	1	0
617567	Chelon bispinosus	Chelon	Mugilidae	Mugilidae	Cape Verde Mullet	0	1	False	False	False	ineligible	below_required_observation_threshold	0	0
623935	Chelon dumerili	Chelon	Mugilidae	Mugilidae	Grooved Mullet	0	1	False	False	False	ineligible	below_required_observation_threshold	0	0
97345	Chelon labrosus	Chelon	Mugilidae	Mugilidae	Thicklip Grey Mullet	0	185	False	False	False	ineligible	below_required_observation_threshold	64	0
617568	Chelon parsia	Chelon	Mugilidae	Mugilidae	Goldspot Mullet	0	1	False	False	False	ineligible	below_required_observation_threshold	0	0
623936	Chelon ramada	Chelon	Mugilidae	Mugilidae	Thinlip Mullet	0	21	False	False	False	ineligible	below_required_observation_threshold	7	0
623937	Chelon richardsonii	Chelon	Mugilidae	Mugilidae	South African Mullet	0	8	False	False	False	ineligible	below_required_observation_threshold	3	0
1316746	Dajaus monticola	Dajaus	Mugilidae	Mugilidae	Mountain Mullet	0	110	False	False	False	ineligible	below_required_observation_threshold	38	0
445910	Ellochelon vaigiensis	Ellochelon	Mugilidae	Mugilidae	Squaretail Mullet	0	120	False	False	False	ineligible	below_required_observation_threshold	42	0
623944	Gracilimugil argenteus	Gracilimugil	Mugilidae	Mugilidae	Goldspot Mullet	0	9	False	False	False	ineligible	below_required_observation_threshold	3	0
1556560	Moolgarda crenilabis	Moolgarda	Mugilidae	Mugilidae	Fringelip Mullet	0	29	False	False	False	ineligible	below_required_observation_threshold	10	0
1556559	Moolgarda heterocheilos	Moolgarda	Mugilidae	Mugilidae	Half Fringelip Mullet	0	1	False	False	False	ineligible	below_required_observation_threshold	0	0
368656	Moolgarda seheli	Moolgarda	Mugilidae	Mugilidae	Bluespot Mullet	0	1	False	False	False	ineligible	below_required_observation_threshold	0	0
1556557	Moolgarda tade	Moolgarda	Mugilidae	Mugilidae	Blue-tail Mullet	0	2	False	False	False	ineligible	below_required_observation_threshold	1	0
179537	Mugil curema	Mugil	Mugilidae	Mugilidae	White Mullet	0	82	False	False	False	ineligible	below_required_observation_threshold	28	0
557622	Mugil liza	Mugil	Mugilidae	Mugilidae	Lebranche Mullet	0	3	False	False	False	ineligible	below_required_observation_threshold	1	0
617587	Mugil rubrioculus	Mugil	Mugilidae	Mugilidae	Redeye Mullet	0	2	False	False	False	ineligible	below_required_observation_threshold	1	0
106225	Mugil setosus	Mugil	Mugilidae	Mugilidae	Liseta Mullet	0	13	False	False	False	ineligible	below_required_observation_threshold	4	0
623945	Mugil thoburni	Mugil	Mugilidae	Mugilidae	Thoburn's Mullet	0	5	False	False	False	ineligible	below_required_observation_threshold	2	0
512140	Myxus elongatus	Myxus	Mugilidae	Mugilidae	Sand Mullet	0	59	False	False	False	ineligible	below_required_observation_threshold	20	0
623947	Neochelon falcipinnis	Neochelon	Mugilidae	Mugilidae	sicklefin mullet	0	1	False	False	False	ineligible	below_required_observation_threshold	0	0
210161	Neomyxus leuciscus	Neomyxus	Mugilidae	Mugilidae	Sharpnose Mullet	0	40	False	False	False	ineligible	below_required_observation_threshold	14	0
118617	Oedalechilus labeo	Oedalechilus	Mugilidae	Mugilidae	Boxlip Mullet	0	107	False	False	False	ineligible	below_required_observation_threshold	37	0
622410	Osteomugil engeli	Osteomugil	Mugilidae	Mugilidae	Kanda	0	3	False	False	False	ineligible	below_required_observation_threshold	1	0
623952	Parachelon grandisquamis	Parachelon	Mugilidae	Mugilidae	Largescaled Mullet	0	2	False	False	False	ineligible	below_required_observation_threshold	1	0
530401	Paramugil georgii	Paramugil	Mugilidae	Mugilidae	Fantail Mullet	0	1	False	False	False	ineligible	below_required_observation_threshold	0	0
623955	Planiliza alata	Planiliza	Mugilidae	Mugilidae	Ord River Mullet	0	8	False	False	False	ineligible	below_required_observation_threshold	3	0
1240129	Planiliza haematocheilus	Planiliza	Mugilidae	Mugilidae	So-iuy Mullet	0	10	False	False	False	ineligible	below_required_observation_threshold	3	0
1316119	Planiliza lauvergnii	Planiliza	Mugilidae	Mugilidae	Nipponic Mullet	0	1	False	False	False	ineligible	below_required_observation_threshold	0	0
623957	Planiliza macrolepis	Planiliza	Mugilidae	Mugilidae	Largescale Mullet	0	1	False	False	False	ineligible	below_required_observation_threshold	0	0
1316111	Planiliza planiceps	Planiliza	Mugilidae	Mugilidae	Tade Mullet	0	1	False	False	False	ineligible	below_required_observation_threshold	0	0
607049	Planiliza subviridis	Planiliza	Mugilidae	Mugilidae	Greenback Mullet	0	8	False	False	False	ineligible	below_required_observation_threshold	3	0
623960	Plicomugil labiosus	Plicomugil	Mugilidae	Mugilidae	Fringe-lip Mullet	0	16	False	False	False	ineligible	below_required_observation_threshold	6	0
623962	Pseudomyxus capensis	Pseudomyxus	Mugilidae	Mugilidae	Freshwater Mullet	0	3	False	False	False	ineligible	below_required_observation_threshold	1	0
1316619	Rhinomugil nasutus	Rhinomugil	Mugilidae	Mugilidae	Popeye Mullet	0	7	False	False	False	ineligible	below_required_observation_threshold	2	0
123346	Mulloidichthys flavolineatus	Mulloidichthys	Mullidae	Mullidae	Yellowstripe Goatfish	0	553	True	True	True	common_target_pretraining	requested_target_meets_licensed_abundance_threshold	191	100
122682	Mulloidichthys vanicolensis	Mulloidichthys	Mullidae	Mullidae	Yellowfin Goatfish	0	251	True	True	True	common_target_pretraining	requested_target_meets_licensed_abundance_threshold	87	100
196838	Parupeneus barberinus	Parupeneus	Mullidae	Mullidae	Dot-and-dash Goatfish	0	262	True	True	True	common_target_pretraining	requested_target_meets_licensed_abundance_threshold	91	100
131234	Parupeneus multifasciatus	Parupeneus	Mullidae	Mullidae	Manybar Goatfish	0	420	True	True	True	common_target_pretraining	requested_target_meets_licensed_abundance_threshold	145	100
187709	Mulloidichthys dentatus	Mulloidichthys	Mullidae	Mullidae	Mexican Goatfish	0	254	True	False	True	broad_pretraining	global_licensed_abundance	88	100
128172	Mulloidichthys martinicus	Mulloidichthys	Mullidae	Mullidae	Yellow Goatfish	0	425	True	False	True	broad_pretraining	global_licensed_abundance	147	100
118619	Mullus surmuletus	Mullus	Mullidae	Mullidae	Striped Red Mullet	0	414	True	False	True	broad_pretraining	global_licensed_abundance	143	100
272556	Parupeneus heptacantha	Parupeneus	Mullidae	Mullidae	Cinnabar Goatfish	0	18	False	True	False	rare_target_holdout	requested_target_below_abundance_thresholds	6	0
196837	Parupeneus macronemus	Parupeneus	Mullidae	Mullidae	Longbarbel Goatfish	0	121	False	True	False	rare_target_holdout	requested_target_below_abundance_thresholds	42	0
119432	Upeneus tragula	Upeneus	Mullidae	Mullidae	Freckled Goatfish	0	95	False	True	False	rare_target_holdout	requested_target_below_abundance_thresholds	33	0
617592	Mulloidichthys ayliffe	Mulloidichthys	Mullidae	Mullidae	Bluestriped Goatfish	0	5	False	False	False	ineligible	below_required_observation_threshold	2	0
1314603	Mulloidichthys flavicaudus	Mulloidichthys	Mullidae	Mullidae		0	1	False	False	False	ineligible	below_required_observation_threshold	0	0
119421	Mulloidichthys mimicus	Mulloidichthys	Mullidae	Mullidae	Mimic Goatfish	0	1	False	False	False	ineligible	below_required_observation_threshold	0	0
317228	Mullus auratus	Mullus	Mullidae	Mullidae	Red Goatfish	0	5	False	False	False	ineligible	below_required_observation_threshold	2	0
118618	Mullus barbatus	Mullus	Mullidae	Mullidae	Red Mullet	0	96	False	False	False	ineligible	below_required_observation_threshold	33	0
132375	Parupeneus barberinoides	Parupeneus	Mullidae	Mullidae	Bicolour Goatfish	0	58	False	False	False	ineligible	below_required_observation_threshold	20	0
547438	Parupeneus biaculeatus	Parupeneus	Mullidae	Mullidae	Pointed Goatfish	0	3	False	False	False	ineligible	below_required_observation_threshold	1	0
519572	Parupeneus chrysopleuron	Parupeneus	Mullidae	Mullidae	Rosy Goatfish	0	2	False	False	False	ineligible	below_required_observation_threshold	1	0
123343	Parupeneus ciliatus	Parupeneus	Mullidae	Mullidae	Cardinal Goatfish	0	65	False	False	False	ineligible	below_required_observation_threshold	22	0
188052	Parupeneus crassilabris	Parupeneus	Mullidae	Mullidae	Doublebar Goatfish	0	125	False	False	False	ineligible	below_required_observation_threshold	43	0
122514	Parupeneus cyclostomus	Parupeneus	Mullidae	Mullidae	Goldsaddle Goatfish	0	182	False	False	False	ineligible	below_required_observation_threshold	63	0
359362	Parupeneus forsskali	Parupeneus	Mullidae	Mullidae	Red Sea Goatfish	0	186	False	False	False	ineligible	below_required_observation_threshold	64	0
180170	Parupeneus indicus	Parupeneus	Mullidae	Mullidae	Yellowspot Goatfish	0	95	False	False	False	ineligible	below_required_observation_threshold	33	0
196836	Parupeneus insularis	Parupeneus	Mullidae	Mullidae	Island Goatfish	0	47	False	False	False	ineligible	below_required_observation_threshold	16	0
494911	Parupeneus margaritatus	Parupeneus	Mullidae	Mullidae	Pearly Goatfish	0	4	False	False	False	ineligible	below_required_observation_threshold	1	0
121673	Parupeneus pleurostigma	Parupeneus	Mullidae	Mullidae	Sidespot Goatfish	0	37	False	False	False	ineligible	below_required_observation_threshold	13	0
123344	Parupeneus porphyreus	Parupeneus	Mullidae	Mullidae	Whitesaddle Goatfish	0	8	False	False	False	ineligible	below_required_observation_threshold	3	0
132376	Parupeneus rubescens	Parupeneus	Mullidae	Mullidae	Rosy Goatfish	0	16	False	False	False	ineligible	below_required_observation_threshold	6	0
132377	Parupeneus spilurus	Parupeneus	Mullidae	Mullidae	Blacksaddle Goatfish	0	150	False	False	False	ineligible	below_required_observation_threshold	52	0
196835	Parupeneus trifasciatus	Parupeneus	Mullidae	Mullidae	Indian Doublebar Goatfish	0	53	False	False	False	ineligible	below_required_observation_threshold	18	0
188160	Pseudupeneus grandisquamis	Pseudupeneus	Mullidae	Mullidae	Bigscale Goatfish	0	24	False	False	False	ineligible	below_required_observation_threshold	8	0
131385	Pseudupeneus maculatus	Pseudupeneus	Mullidae	Mullidae	Spotted Goatfish	0	198	False	False	False	ineligible	below_required_observation_threshold	69	0
491023	Pseudupeneus prayensis	Pseudupeneus	Mullidae	Mullidae	West African Goatfish	0	23	False	False	False	ineligible	below_required_observation_threshold	8	0
410544	Upeneichthys lineatus	Upeneichthys	Mullidae	Mullidae	Bluestriped Goatfish	0	65	False	False	False	ineligible	below_required_observation_threshold	22	0
1316675	Upeneichthys porosus	Upeneichthys	Mullidae	Mullidae	Goatfish	0	102	False	False	False	ineligible	below_required_observation_threshold	35	0
416588	Upeneichthys vlamingii	Upeneichthys	Mullidae	Mullidae	Bluespotted Goatfish	0	81	False	False	False	ineligible	below_required_observation_threshold	28	0
512734	Upeneus australiae	Upeneus	Mullidae	Mullidae	Australian Goatfish	0	8	False	False	False	ineligible	below_required_observation_threshold	3	0
617609	Upeneus francisi	Upeneus	Mullidae	Mullidae	Bar-tailed goatfish	0	15	False	False	False	ineligible	below_required_observation_threshold	5	0
530408	Upeneus guttatus	Upeneus	Mullidae	Mullidae	Twotone Goatfish	0	1	False	False	False	ineligible	below_required_observation_threshold	0	0
617610	Upeneus heemstra	Upeneus	Mullidae	Mullidae	Heemstra goatfish	0	2	False	False	False	ineligible	below_required_observation_threshold	1	0
617611	Upeneus indicus	Upeneus	Mullidae	Mullidae		0	1	False	False	False	ineligible	below_required_observation_threshold	0	0
617614	Upeneus margarethae	Upeneus	Mullidae	Mullidae	Margaretha's goatfish	0	1	False	False	False	ineligible	below_required_observation_threshold	0	0
530410	Upeneus moluccensis	Upeneus	Mullidae	Mullidae	Goldband Goatfish	0	5	False	False	False	ineligible	below_required_observation_threshold	2	0
617619	Upeneus oligospilus	Upeneus	Mullidae	Mullidae		0	1	False	False	False	ineligible	below_required_observation_threshold	0	0
617620	Upeneus pori	Upeneus	Mullidae	Mullidae	Por's Goatfish	0	4	False	False	False	ineligible	below_required_observation_threshold	1	0
347936	Upeneus sulphureus	Upeneus	Mullidae	Mullidae	Sunrise Goatfish	0	1	False	False	False	ineligible	below_required_observation_threshold	0	0
617628	Upeneus supravittatus	Upeneus	Mullidae	Mullidae	Long-fin Goatfish	0	1	False	False	False	ineligible	below_required_observation_threshold	0	0
123121	Upeneus taeniopterus	Upeneus	Mullidae	Mullidae	Finstripe Goatfish	0	8	False	False	False	ineligible	below_required_observation_threshold	3	0
121000	Gymnothorax javanicus	Gymnothorax	Muraenidae	Muraenidae	Giant Moray	0	443	True	True	True	common_target_pretraining	requested_target_meets_licensed_abundance_threshold	153	100
54441	Echidna nebulosa	Echidna	Muraenidae	Muraenidae	Snowflake Moray	0	400	True	False	True	broad_pretraining	global_licensed_abundance	138	100
128105	Gymnothorax moringa	Gymnothorax	Muraenidae	Muraenidae	Spotted Moray	0	341	True	False	True	broad_pretraining	global_licensed_abundance	118	100
94030	Anarchias galapagensis	Anarchias	Muraenidae	Muraenidae	Hardtail Moray	0	2	False	False	False	ineligible	below_required_observation_threshold	1	0
153471	Echidna catenata	Echidna	Muraenidae	Muraenidae	Chain Moray	0	104	False	False	False	ineligible	below_required_observation_threshold	36	0
49980	Echidna nocturna	Echidna	Muraenidae	Muraenidae	Palenose Moray	0	38	False	False	False	ineligible	below_required_observation_threshold	13	0
617657	Echidna peli	Echidna	Muraenidae	Muraenidae	Pebbletooth Moray	0	3	False	False	False	ineligible	below_required_observation_threshold	1	0
142970	Echidna polyzona	Echidna	Muraenidae	Muraenidae	Barred Moray	0	34	False	False	False	ineligible	below_required_observation_threshold	12	0
489477	Echidna xanthospilos	Echidna	Muraenidae	Muraenidae	New Guinea Moray	0	1	False	False	False	ineligible	below_required_observation_threshold	0	0
243643	Enchelycore anatina	Enchelycore	Muraenidae	Muraenidae	Fangtooth Moray	0	30	False	False	False	ineligible	below_required_observation_threshold	10	0
131393	Enchelycore carychroa	Enchelycore	Muraenidae	Muraenidae	Chestnut Moray	0	1	False	False	False	ineligible	below_required_observation_threshold	0	0
194819	Enchelycore lichenosa	Enchelycore	Muraenidae	Muraenidae	Reticulated Hookjaw Moray	0	1	False	False	False	ineligible	below_required_observation_threshold	0	0
131395	Enchelycore nigricans	Enchelycore	Muraenidae	Muraenidae	Viper Moray	0	12	False	False	False	ineligible	below_required_observation_threshold	4	0
99934	Enchelycore octaviana	Enchelycore	Muraenidae	Muraenidae	Slenderjaw Moray	0	4	False	False	False	ineligible	below_required_observation_threshold	1	0
120940	Enchelycore pardalis	Enchelycore	Muraenidae	Muraenidae	Dragon Moray	0	4	False	False	False	ineligible	below_required_observation_threshold	1	0
410543	Enchelycore ramosa	Enchelycore	Muraenidae	Muraenidae	Mosaic Moray	0	9	False	False	False	ineligible	below_required_observation_threshold	3	0
99935	Enchelycore schismatorhynchus	Enchelycore	Muraenidae	Muraenidae	White-margined Moray	0	1	False	False	False	ineligible	below_required_observation_threshold	0	0
121167	Enchelynassa canina	Enchelynassa	Muraenidae	Muraenidae	Longfang Moray	0	4	False	False	False	ineligible	below_required_observation_threshold	1	0
49979	Gymnomuraena zebra	Gymnomuraena	Muraenidae	Muraenidae	Zebra Moray	0	129	False	False	False	ineligible	below_required_observation_threshold	45	0
123524	Gymnothorax albimarginatus	Gymnothorax	Muraenidae	Muraenidae	Whitemargin Moray	0	1	False	False	False	ineligible	below_required_observation_threshold	0	0
617664	Gymnothorax angusticauda	Gymnothorax	Muraenidae	Muraenidae	Narrowtail Moray	0	6	False	False	False	ineligible	below_required_observation_threshold	2	0
411099	Gymnothorax annasona	Gymnothorax	Muraenidae	Muraenidae	Lord Howe Moray	0	50	False	False	False	ineligible	below_required_observation_threshold	17	0
500653	Gymnothorax bacalladoi	Gymnothorax	Muraenidae	Muraenidae	Canary Moray	0	1	False	False	False	ineligible	below_required_observation_threshold	0	0
617672	Gymnothorax berndti	Gymnothorax	Muraenidae	Muraenidae	Y-patterned Moray	0	1	False	False	False	ineligible	below_required_observation_threshold	0	0
205007	Gymnothorax breedeni	Gymnothorax	Muraenidae	Muraenidae	Masked Moray	0	13	False	False	False	ineligible	below_required_observation_threshold	4	0
116737	Gymnothorax buroensis	Gymnothorax	Muraenidae	Muraenidae	Latticetail Moray	0	7	False	False	False	ineligible	below_required_observation_threshold	2	0
85113	Gymnothorax castaneus	Gymnothorax	Muraenidae	Muraenidae	Chestnut Moray	0	102	False	False	False	ineligible	below_required_observation_threshold	35	0
617673	Gymnothorax castlei	Gymnothorax	Muraenidae	Muraenidae	Castle's moray	0	1	False	False	False	ineligible	below_required_observation_threshold	0	0
474557	Gymnothorax chilospilus	Gymnothorax	Muraenidae	Muraenidae	Whitelip Moray	0	13	False	False	False	ineligible	below_required_observation_threshold	4	0
617675	Gymnothorax chlamydatus	Gymnothorax	Muraenidae	Muraenidae	Banded Mud Moray	0	2	False	False	False	ineligible	below_required_observation_threshold	1	0
1315737	Gymnothorax cinerascens	Gymnothorax	Muraenidae	Muraenidae	Plain Moray	0	8	False	False	False	ineligible	below_required_observation_threshold	3	0
516901	Gymnothorax cribroris	Gymnothorax	Muraenidae	Muraenidae	Sieve-patterned Moray	0	3	False	False	False	ineligible	below_required_observation_threshold	1	0
101897	Gymnothorax dovii	Gymnothorax	Muraenidae	Muraenidae	Fine-spotted Moray	0	22	False	False	False	ineligible	below_required_observation_threshold	8	0
1313616	Gymnothorax elaineheemstrae	Gymnothorax	Muraenidae	Muraenidae	Natal Moray	0	6	False	False	False	ineligible	below_required_observation_threshold	2	0
617678	Gymnothorax elegans	Gymnothorax	Muraenidae	Muraenidae	Elegant Moray	0	2	False	False	False	ineligible	below_required_observation_threshold	1	0
488848	Gymnothorax enigmaticus	Gymnothorax	Muraenidae	Muraenidae	Enigmatic Moray	0	7	False	False	False	ineligible	below_required_observation_threshold	2	0
101898	Gymnothorax equatorialis	Gymnothorax	Muraenidae	Muraenidae	Spottail Moray	0	1	False	False	False	ineligible	below_required_observation_threshold	0	0
121598	Gymnothorax eurostus	Gymnothorax	Muraenidae	Muraenidae	Abbott's Moray	0	131	False	False	False	ineligible	below_required_observation_threshold	45	0
51028	Gymnothorax favagineus	Gymnothorax	Muraenidae	Muraenidae	Laced Moray	0	71	False	False	False	ineligible	below_required_observation_threshold	25	0
120979	Gymnothorax fimbriatus	Gymnothorax	Muraenidae	Muraenidae	Fimbriated Moray	0	61	False	False	False	ineligible	below_required_observation_threshold	21	0
121740	Gymnothorax flavimarginatus	Gymnothorax	Muraenidae	Muraenidae	Yellowmargin Moray	0	179	False	False	False	ineligible	below_required_observation_threshold	62	0
617681	Gymnothorax formosus	Gymnothorax	Muraenidae	Muraenidae	Palenose Moray	0	3	False	False	False	ineligible	below_required_observation_threshold	1	0
120125	Gymnothorax funebris	Gymnothorax	Muraenidae	Muraenidae	Green Moray	0	154	False	False	False	ineligible	below_required_observation_threshold	53	0
617683	Gymnothorax gracilicauda	Gymnothorax	Muraenidae	Muraenidae	Slendertail Moray	0	12	False	False	False	ineligible	below_required_observation_threshold	4	0
127538	Gymnothorax griseus	Gymnothorax	Muraenidae	Muraenidae	Geometric Moray	0	85	False	False	False	ineligible	below_required_observation_threshold	29	0
361257	Gymnothorax isingteena	Gymnothorax	Muraenidae	Muraenidae	Spotted Moray	0	18	False	False	False	ineligible	below_required_observation_threshold	6	0
123526	Gymnothorax kidako	Gymnothorax	Muraenidae	Muraenidae	Kidako Moray	0	10	False	False	False	ineligible	below_required_observation_threshold	3	0
179581	Gymnothorax kolpos	Gymnothorax	Muraenidae	Muraenidae	Blacktail Moray	0	1	False	False	False	ineligible	below_required_observation_threshold	0	0
1020200	Gymnothorax longinaris	Gymnothorax	Muraenidae	Muraenidae	Nasal-flap moray	0	1	False	False	False	ineligible	below_required_observation_threshold	0	0
617689	Gymnothorax longinquus	Gymnothorax	Muraenidae	Muraenidae	Long Brown Moray	0	1	False	False	False	ineligible	below_required_observation_threshold	0	0
617690	Gymnothorax margaritophorus	Gymnothorax	Muraenidae	Muraenidae	Blotch-necked Moray	0	1	False	False	False	ineligible	below_required_observation_threshold	0	0
123522	Gymnothorax melatremus	Gymnothorax	Muraenidae	Muraenidae	Dwarf Moray	0	8	False	False	False	ineligible	below_required_observation_threshold	3	0
116736	Gymnothorax meleagris	Gymnothorax	Muraenidae	Muraenidae	Whitemouth Moray	0	208	False	False	False	ineligible	below_required_observation_threshold	72	0
49256	Gymnothorax miliaris	Gymnothorax	Muraenidae	Muraenidae	Goldentail Moray	0	154	False	False	False	ineligible	below_required_observation_threshold	53	0
617697	Gymnothorax monochrous	Gymnothorax	Muraenidae	Muraenidae	Drab Moray	0	2	False	False	False	ineligible	below_required_observation_threshold	1	0
317127	Gymnothorax mordax	Gymnothorax	Muraenidae	Muraenidae	California Moray	0	27	False	False	False	ineligible	below_required_observation_threshold	9	0
617700	Gymnothorax neglectus	Gymnothorax	Muraenidae	Muraenidae		0	1	False	False	False	ineligible	below_required_observation_threshold	0	0
179575	Gymnothorax nigromarginatus	Gymnothorax	Muraenidae	Muraenidae	Blackedge Moray	0	3	False	False	False	ineligible	below_required_observation_threshold	1	0
617701	Gymnothorax niphostigmus	Gymnothorax	Muraenidae	Muraenidae	Snowflake-patched Moray	0	4	False	False	False	ineligible	below_required_observation_threshold	1	0
410542	Gymnothorax nubilus	Gymnothorax	Muraenidae	Muraenidae	Grey Moray	0	48	False	False	False	ineligible	below_required_observation_threshold	17	0
123521	Gymnothorax nudivomer	Gymnothorax	Muraenidae	Muraenidae	Yellowmouth Moray	0	46	False	False	False	ineligible	below_required_observation_threshold	16	0
101900	Gymnothorax panamensis	Gymnothorax	Muraenidae	Muraenidae	Panamic Moray	0	4	False	False	False	ineligible	below_required_observation_threshold	1	0
1180262	Gymnothorax paucivertebralis	Gymnothorax	Muraenidae	Muraenidae	Flores Reef Moray	0	1	False	False	False	ineligible	below_required_observation_threshold	0	0
617704	Gymnothorax phasmatodes	Gymnothorax	Muraenidae	Muraenidae	Ghost Moray	0	9	False	False	False	ineligible	below_required_observation_threshold	3	0
123525	Gymnothorax pictus	Gymnothorax	Muraenidae	Muraenidae	Peppered Moray	0	137	False	False	False	ineligible	below_required_observation_threshold	47	0
187468	Gymnothorax polyuranodon	Gymnothorax	Muraenidae	Muraenidae	Freshwater Moray	0	1	False	False	False	ineligible	below_required_observation_threshold	0	0
101902	Gymnothorax porphyreus	Gymnothorax	Muraenidae	Muraenidae	Lowfin Moray	0	2	False	False	False	ineligible	below_required_observation_threshold	1	0
372278	Gymnothorax prasinus	Gymnothorax	Muraenidae	Muraenidae	Australian Green Moray	0	61	False	False	False	ineligible	below_required_observation_threshold	21	0
513965	Gymnothorax prionodon	Gymnothorax	Muraenidae	Muraenidae	Australian Mottled Moray	0	3	False	False	False	ineligible	below_required_observation_threshold	1	0
474661	Gymnothorax pseudothyrsoideus	Gymnothorax	Muraenidae	Muraenidae	Highfin Moray	0	34	False	False	False	ineligible	below_required_observation_threshold	12	0
556049	Gymnothorax reevesii	Gymnothorax	Muraenidae	Muraenidae	Reeves's Moray	0	9	False	False	False	ineligible	below_required_observation_threshold	3	0
49364	Gymnothorax richardsonii	Gymnothorax	Muraenidae	Muraenidae	Richardson's Moray	0	23	False	False	False	ineligible	below_required_observation_threshold	8	0
617715	Gymnothorax rueppelliae	Gymnothorax	Muraenidae	Muraenidae	Yellow-headed Moray	0	42	False	False	False	ineligible	below_required_observation_threshold	15	0
317128	Gymnothorax saxicola	Gymnothorax	Muraenidae	Muraenidae	Ocellated Moray	0	1	False	False	False	ineligible	below_required_observation_threshold	0	0
617718	Gymnothorax shaoi	Gymnothorax	Muraenidae	Muraenidae	Shao's Moray	0	2	False	False	False	ineligible	below_required_observation_threshold	1	0
617720	Gymnothorax taiwanensis	Gymnothorax	Muraenidae	Muraenidae	Taiwanese Moray	0	1	False	False	False	ineligible	below_required_observation_threshold	0	0
119390	Gymnothorax thyrsoideus	Gymnothorax	Muraenidae	Muraenidae	White-eyed Moray	0	125	False	False	False	ineligible	below_required_observation_threshold	43	0
549805	Gymnothorax tile	Gymnothorax	Muraenidae	Muraenidae	Indian Mud Moray	0	4	False	False	False	ineligible	below_required_observation_threshold	1	0
52399	Gymnothorax undulatus	Gymnothorax	Muraenidae	Muraenidae	Undulated Moray	0	108	False	False	False	ineligible	below_required_observation_threshold	37	0
118591	Gymnothorax unicolor	Gymnothorax	Muraenidae	Muraenidae	Brown Moray	0	32	False	False	False	ineligible	below_required_observation_threshold	11	0
127142	Gymnothorax vicinus	Gymnothorax	Muraenidae	Muraenidae	Purplemouth Moray	0	31	False	False	False	ineligible	below_required_observation_threshold	11	0
488948	Gymnothorax ypsilon	Gymnothorax	Muraenidae	Muraenidae	Y-bar Moray	0	1	False	False	False	ineligible	below_required_observation_threshold	0	0
142750	Gymnothorax zonipectis	Gymnothorax	Muraenidae	Muraenidae	Barred-fin Moray	0	19	False	False	False	ineligible	below_required_observation_threshold	7	0
85114	Muraena argus	Muraena	Muraenidae	Muraenidae	Argus Moray	0	15	False	False	False	ineligible	below_required_observation_threshold	5	0
342089	Muraena augusti	Muraena	Muraenidae	Muraenidae	Black Moray	0	88	False	False	False	ineligible	below_required_observation_threshold	30	0
106237	Muraena clepsydra	Muraena	Muraenidae	Muraenidae	Hourglass Moray	0	10	False	False	False	ineligible	below_required_observation_threshold	3	0
118590	Muraena helena	Muraena	Muraenidae	Muraenidae	Mediterranean Moray	0	206	False	False	False	ineligible	below_required_observation_threshold	71	0
85111	Muraena lentiginosa	Muraena	Muraenidae	Muraenidae	Jewel Moray	0	192	False	False	False	ineligible	below_required_observation_threshold	66	0
47303	Muraena melanotis	Muraena	Muraenidae	Muraenidae	Honeycomb Moray	0	17	False	False	False	ineligible	below_required_observation_threshold	6	0
489510	Muraena pavonina	Muraena	Muraenidae	Muraenidae	Birdeye Moray	0	2	False	False	False	ineligible	below_required_observation_threshold	1	0
317229	Muraena retifera	Muraena	Muraenidae	Muraenidae	Reticulated Moray	0	1	False	False	False	ineligible	below_required_observation_threshold	0	0
47304	Muraena robusta	Muraena	Muraenidae	Muraenidae	Robust Moray	0	1	False	False	False	ineligible	below_required_observation_threshold	0	0
486613	Pseudechidna brummeri	Pseudechidna	Muraenidae	Muraenidae	White Ribbon Eel	0	6	False	False	False	ineligible	below_required_observation_threshold	2	0
111716	Rhinomuraena quaesita	Rhinomuraena	Muraenidae	Muraenidae	Ribbon Eel	0	81	False	False	False	ineligible	below_required_observation_threshold	28	0
121500	Scuticaria tigrina	Scuticaria	Muraenidae	Muraenidae	Tiger Snakemoray	0	24	False	False	False	ineligible	below_required_observation_threshold	8	0
418134	Strophidon sathete	Strophidon	Muraenidae	Muraenidae	Gangetic Moray	0	7	False	False	False	ineligible	below_required_observation_threshold	2	0
317436	Uropterygius macrocephalus	Uropterygius	Muraenidae	Muraenidae	Needle-tooth Moray	0	3	False	False	False	ineligible	below_required_observation_threshold	1	0
617729	Uropterygius marmoratus	Uropterygius	Muraenidae	Muraenidae	Marbled Snakemoray	0	2	False	False	False	ineligible	below_required_observation_threshold	1	0
486615	Uropterygius micropterus	Uropterygius	Muraenidae	Muraenidae	Tidepool Snakemoray	0	18	False	False	False	ineligible	below_required_observation_threshold	6	0
569856	Uropterygius polyspilus	Uropterygius	Muraenidae	Muraenidae	Large-spotted Snakemoray	0	3	False	False	False	ineligible	below_required_observation_threshold	1	0
114819	Uropterygius versutus	Uropterygius	Muraenidae	Muraenidae	Crafty Snakemoray	0	14	False	False	False	ineligible	below_required_observation_threshold	5	0
1556594	Myliobatis tenuicaudata	Myliobatis	Myliobatidae	Myliobatidae	Southern Eagle Ray	0	393	True	False	True	broad_pretraining	global_licensed_abundance	136	100
607460	Aetomylaeus bovinus	Aetomylaeus	Myliobatidae	Myliobatidae	Duckbill Ray	0	10	False	False	False	ineligible	below_required_observation_threshold	3	0
49311	Myliobatis aquila	Myliobatis	Myliobatidae	Myliobatidae	Common Eagle Ray	0	50	False	False	False	ineligible	below_required_observation_threshold	17	0
51491	Myliobatis californica	Myliobatis	Myliobatidae	Myliobatidae	Bat Ray	0	109	False	False	False	ineligible	below_required_observation_threshold	38	0
106322	Myliobatis freminvillei	Myliobatis	Myliobatidae	Myliobatidae	Bullnose Eagle Ray	0	11	False	False	False	ineligible	below_required_observation_threshold	4	0
106323	Myliobatis goodei	Myliobatis	Myliobatidae	Myliobatidae	Southern Eagle Ray	0	5	False	False	False	ineligible	below_required_observation_threshold	2	0
106325	Myliobatis longirostris	Myliobatis	Myliobatidae	Myliobatidae	Longnose Eagle Ray	0	2	False	False	False	ineligible	below_required_observation_threshold	1	0
607463	Myliobatis ridens	Myliobatis	Myliobatidae	Myliobatidae	Shortnose Eagle Ray	0	1	False	False	False	ineligible	below_required_observation_threshold	0	0
51318	Myliobatis tobijei	Myliobatis	Myliobatidae	Myliobatidae	Kite Ray	0	1	False	False	False	ineligible	below_required_observation_threshold	0	0
471636	Scolopsis bilineata	Scolopsis	Nemipteridae	Nemipteridae	Bridled Monocle Bream	0	491	True	False	True	broad_pretraining	global_licensed_abundance	170	100
135220	Scolopsis margaritifera	Scolopsis	Nemipteridae	Nemipteridae	Pearly Monocle Bream	0	251	True	False	True	broad_pretraining	global_licensed_abundance	87	100
369135	Nemipterus hexodon	Nemipterus	Nemipteridae	Nemipteridae	Ornate Threadfin Bream	0	2	False	False	False	ineligible	below_required_observation_threshold	1	0
618180	Nemipterus japonicus	Nemipterus	Nemipteridae	Nemipteridae	Japanese Threadfin Bream	0	1	False	False	False	ineligible	below_required_observation_threshold	0	0
368423	Nemipterus peronii	Nemipterus	Nemipteridae	Nemipteridae	Notched Threadfin Bream	0	1	False	False	False	ineligible	below_required_observation_threshold	0	0
106701	Nemipterus virgatus	Nemipterus	Nemipteridae	Nemipteridae	Golden Threadfin Bream	0	3	False	False	False	ineligible	below_required_observation_threshold	1	0
530467	Nemipterus zysron	Nemipterus	Nemipteridae	Nemipteridae	Slender Threadfin Bream	0	4	False	False	False	ineligible	below_required_observation_threshold	1	0
1313422	Parascolopsis akatamae	Parascolopsis	Nemipteridae	Nemipteridae	Rosy Dwarf Monocle Bream	0	1	False	False	False	ineligible	below_required_observation_threshold	0	0
530468	Parascolopsis eriomma	Parascolopsis	Nemipteridae	Nemipteridae	Rosy Sea Perch	0	1	False	False	False	ineligible	below_required_observation_threshold	0	0
359099	Pentapodus aureofasciatus	Pentapodus	Nemipteridae	Nemipteridae	Yellowstripe Threadfin Bream	0	2	False	False	False	ineligible	below_required_observation_threshold	1	0
416655	Pentapodus bifasciatus	Pentapodus	Nemipteridae	Nemipteridae	White-shouldered Whiptail	0	3	False	False	False	ineligible	below_required_observation_threshold	1	0
54022	Pentapodus caninus	Pentapodus	Nemipteridae	Nemipteridae	Canine-toothed Midwater Bream	0	8	False	False	False	ineligible	below_required_observation_threshold	3	0
109043	Pentapodus emeryii	Pentapodus	Nemipteridae	Nemipteridae	Purple Threadfin Bream	0	11	False	False	False	ineligible	below_required_observation_threshold	4	0
358183	Pentapodus setosus	Pentapodus	Nemipteridae	Nemipteridae	Butterfly whiptail	0	3	False	False	False	ineligible	below_required_observation_threshold	1	0
325712	Pentapodus trivittatus	Pentapodus	Nemipteridae	Nemipteridae	Three-striped Whiptail	0	102	False	False	False	ineligible	below_required_observation_threshold	35	0
51094	Pentapodus vitta	Pentapodus	Nemipteridae	Nemipteridae	Western Butterfish	0	31	False	False	False	ineligible	below_required_observation_threshold	11	0
525157	Scaevius milii	Scaevius	Nemipteridae	Nemipteridae	Coral Monocle Bream	0	1	False	False	False	ineligible	below_required_observation_threshold	0	0
272554	Scolopsis affinis	Scolopsis	Nemipteridae	Nemipteridae	Pale Monocle Bream	0	50	False	False	False	ineligible	below_required_observation_threshold	17	0
359334	Scolopsis aurata	Scolopsis	Nemipteridae	Nemipteridae	Yellowstripe Monocle Bream	0	3	False	False	False	ineligible	below_required_observation_threshold	1	0
618195	Scolopsis bimaculata	Scolopsis	Nemipteridae	Nemipteridae	Thumbprint Monocle Bream	0	7	False	False	False	ineligible	below_required_observation_threshold	2	0
318928	Scolopsis ciliata	Scolopsis	Nemipteridae	Nemipteridae	Whitestreak Monocle Bream	0	100	False	False	False	ineligible	below_required_observation_threshold	35	0
1376776	Scolopsis curite	Scolopsis	Nemipteridae	Nemipteridae	Cinnamon Monocle Bream	0	9	False	False	False	ineligible	below_required_observation_threshold	3	0
341859	Scolopsis frenata	Scolopsis	Nemipteridae	Nemipteridae	Bridled Monocle Bream	0	5	False	False	False	ineligible	below_required_observation_threshold	2	0
354111	Scolopsis ghanam	Scolopsis	Nemipteridae	Nemipteridae	Arabian Monocle Bream	0	86	False	False	False	ineligible	below_required_observation_threshold	30	0
1376787	Scolopsis japonica	Scolopsis	Nemipteridae	Nemipteridae	Coral Monocle Bream	0	9	False	False	False	ineligible	below_required_observation_threshold	3	0
201023	Scolopsis lineata	Scolopsis	Nemipteridae	Nemipteridae	Lined Monocle Bream	0	181	False	False	False	ineligible	below_required_observation_threshold	63	0
201025	Scolopsis monogramma	Scolopsis	Nemipteridae	Nemipteridae	Rainbow Monocle Bream	0	45	False	False	False	ineligible	below_required_observation_threshold	16	0
1545581	Scolopsis regina	Scolopsis	Nemipteridae	Nemipteridae	Crescent Monocle Bream	0	25	False	False	False	ineligible	below_required_observation_threshold	9	0
618197	Scolopsis taeniata	Scolopsis	Nemipteridae	Nemipteridae	Black-streaked Monocle Bream	0	4	False	False	False	ineligible	below_required_observation_threshold	1	0
132596	Scolopsis taenioptera	Scolopsis	Nemipteridae	Nemipteridae	Lattice Monocle Bream	0	1	False	False	False	ineligible	below_required_observation_threshold	0	0
319762	Scolopsis temporalis	Scolopsis	Nemipteridae	Nemipteridae	Rainbow Monocle Bream	0	18	False	False	False	ineligible	below_required_observation_threshold	6	0
334657	Scolopsis trilineata	Scolopsis	Nemipteridae	Nemipteridae	Threeline Monocle Bream	0	43	False	False	False	ineligible	below_required_observation_threshold	15	0
125811	Scolopsis vosmeri	Scolopsis	Nemipteridae	Nemipteridae	Whitecheek Monocle Bream	0	25	False	False	False	ineligible	below_required_observation_threshold	9	0
199308	Scolopsis xenochrous	Scolopsis	Nemipteridae	Nemipteridae	Oblique-bar Monocle Bream	0	13	False	False	False	ineligible	below_required_observation_threshold	4	0
577603	Lactophrys triqueter	Lactophrys	Ostraciidae	Ostraciidae	Smooth Trunkfish	0	468	True	False	True	broad_pretraining	global_licensed_abundance	162	100
49378	Ostracion cubicum	Ostracion	Ostraciidae	Ostraciidae	Yellow Boxfish	0	439	True	False	True	broad_pretraining	global_licensed_abundance	152	100
47527	Ostracion meleagris	Ostracion	Ostraciidae	Ostraciidae	Spotted Boxfish	0	553	True	False	True	broad_pretraining	global_licensed_abundance	191	100
49429	Acanthostracion notacanthus	Acanthostracion	Ostraciidae	Ostraciidae	Island Cowfish	0	1	False	False	False	ineligible	below_required_observation_threshold	0	0
1315642	Acanthostracion polygonium	Acanthostracion	Ostraciidae	Ostraciidae	Honeycomb Cowfish	0	206	False	False	False	ineligible	below_required_observation_threshold	71	0
49925	Acanthostracion quadricornis	Acanthostracion	Ostraciidae	Ostraciidae	Scrawled Cowfish	0	177	False	False	False	ineligible	below_required_observation_threshold	61	0
120129	Lactophrys bicaudalis	Lactophrys	Ostraciidae	Ostraciidae	Spotted Trunkfish	0	159	False	False	False	ineligible	below_required_observation_threshold	55	0
131513	Lactophrys trigonus	Lactophrys	Ostraciidae	Ostraciidae	Buffalo Trunkfish	0	77	False	False	False	ineligible	below_required_observation_threshold	27	0
121661	Lactoria cornuta	Lactoria	Ostraciidae	Ostraciidae	Longhorn Cowfish	0	54	False	False	False	ineligible	below_required_observation_threshold	19	0
49313	Lactoria diaphana	Lactoria	Ostraciidae	Ostraciidae	Roundbelly Cowfish	0	24	False	False	False	ineligible	below_required_observation_threshold	8	0
199600	Lactoria fornasini	Lactoria	Ostraciidae	Ostraciidae	Thornback Cowfish	0	55	False	False	False	ineligible	below_required_observation_threshold	19	0
362210	Ostracion cyanurus	Ostracion	Ostraciidae	Ostraciidae	Bluetail Boxfish	0	57	False	False	False	ineligible	below_required_observation_threshold	20	0
418229	Ostracion immaculatum	Ostracion	Ostraciidae	Ostraciidae	Blue-spotted Boxfish	0	14	False	False	False	ineligible	below_required_observation_threshold	5	0
1316535	Ostracion nasus	Ostracion	Ostraciidae	Ostraciidae	Shortnose Boxfish	0	4	False	False	False	ineligible	below_required_observation_threshold	1	0
372197	Ostracion rhinorhynchos	Ostracion	Ostraciidae	Ostraciidae	Horn-nose Boxfish	0	16	False	False	False	ineligible	below_required_observation_threshold	6	0
196832	Ostracion solorense	Ostracion	Ostraciidae	Ostraciidae	Striped Boxfish	0	47	False	False	False	ineligible	below_required_observation_threshold	16	0
126807	Ostracion whitleyi	Ostracion	Ostraciidae	Ostraciidae	Whitley's Boxfish	0	8	False	False	False	ineligible	below_required_observation_threshold	3	0
465308	Tetrosomus concatenatus	Tetrosomus	Ostraciidae	Ostraciidae	Triangular Turretfish	0	7	False	False	False	ineligible	below_required_observation_threshold	2	0
113951	Tetrosomus gibbosus	Tetrosomus	Ostraciidae	Ostraciidae	Humpback Turretfish	0	7	False	False	False	ineligible	below_required_observation_threshold	2	0
530572	Tetrosomus reipublicae	Tetrosomus	Ostraciidae	Ostraciidae	Smallspine Turretfish	0	9	False	False	False	ineligible	below_required_observation_threshold	3	0
49210	Plotosus lineatus	Plotosus	Plotosidae	Plotosidae	Striped Eel Catfish	0	277	True	False	True	broad_pretraining	global_licensed_abundance	96	100
98089	Cnidoglanis macrocephalus	Cnidoglanis	Plotosidae	Plotosidae	Estuary Cobbler	0	64	False	False	False	ineligible	below_required_observation_threshold	22	0
121252	Euristhmus lepturus	Euristhmus	Plotosidae	Plotosidae	Longtail Catfish	0	1	False	False	False	ineligible	below_required_observation_threshold	0	0
530698	Neosilurus ater	Neosilurus	Plotosidae	Plotosidae	Black Catfish	0	4	False	False	False	ineligible	below_required_observation_threshold	1	0
368970	Neosilurus hyrtlii	Neosilurus	Plotosidae	Plotosidae	Hyrtl's Catfish	0	5	False	False	False	ineligible	below_required_observation_threshold	2	0
530703	Paraplotosus albilabris	Paraplotosus	Plotosidae	Plotosidae	Whitelip Catfish	0	5	False	False	False	ineligible	below_required_observation_threshold	2	0
346228	Paraplotosus butleri	Paraplotosus	Plotosidae	Plotosidae	Sailfin Catfish	0	6	False	False	False	ineligible	below_required_observation_threshold	2	0
54020	Plotosus canius	Plotosus	Plotosidae	Plotosidae	Eel Catfish	0	5	False	False	False	ineligible	below_required_observation_threshold	2	0
473165	Plotosus japonicus	Plotosus	Plotosidae	Plotosidae	Japanese Striped Eel Catfish	0	8	False	False	False	ineligible	below_required_observation_threshold	3	0
619408	Plotosus nkunga	Plotosus	Plotosidae	Plotosidae	Stinging Eel Catfish	0	1	False	False	False	ineligible	below_required_observation_threshold	0	0
368990	Porochilus rendahli	Porochilus	Plotosidae	Plotosidae	Rendahl's Catfish	0	2	False	False	False	ineligible	below_required_observation_threshold	1	0
530707	Tandanus bostocki	Tandanus	Plotosidae	Plotosidae	Freshwater Cobbler	0	1	False	False	False	ineligible	below_required_observation_threshold	0	0
521489	Tandanus tandanus	Tandanus	Plotosidae	Plotosidae	Freshwater Catfish	0	22	False	False	False	ineligible	below_required_observation_threshold	8	0
619411	Tandanus tropicanus	Tandanus	Plotosidae	Plotosidae	Wet Tropics Tandan	0	15	False	False	False	ineligible	below_required_observation_threshold	5	0
84181	Pomacanthus imperator	Pomacanthus	Pomacanthidae	Pomacanthidae	Emperor Angelfish	0	318	True	True	True	common_target_pretraining	requested_target_meets_licensed_abundance_threshold	110	100
111389	Pygoplites diacanthus	Pygoplites	Pomacanthidae	Pomacanthidae	Regal Angelfish	0	484	True	True	True	common_target_pretraining	requested_target_meets_licensed_abundance_threshold	167	100
47235	Holacanthus ciliaris	Holacanthus	Pomacanthidae	Pomacanthidae	Queen Angelfish	0	345	True	False	True	broad_pretraining	global_licensed_abundance	119	100
49495	Holacanthus tricolor	Holacanthus	Pomacanthidae	Pomacanthidae	Rock Beauty	0	259	True	False	True	broad_pretraining	global_licensed_abundance	90	100
49427	Pomacanthus arcuatus	Pomacanthus	Pomacanthidae	Pomacanthidae	Grey Angelfish	0	314	True	False	True	broad_pretraining	global_licensed_abundance	109	100
49257	Pomacanthus paru	Pomacanthus	Pomacanthidae	Pomacanthidae	French Angelfish	0	571	True	False	True	broad_pretraining	global_licensed_abundance	198	100
56797	Holacanthus passer	Holacanthus	Pomacanthidae	Pomacanthidae	King Angelfish	0	530	True	False	True	novel_evaluation	held_out_for_unseen_species_evaluation	183	100
94416	Apolemichthys trimaculatus	Apolemichthys	Pomacanthidae	Pomacanthidae	Threespot Angelfish	0	101	False	True	False	rare_target_holdout	requested_target_below_abundance_thresholds	35	0
96939	Centropyge bicolor	Centropyge	Pomacanthidae	Pomacanthidae	Bicolor Angelfish	0	218	False	True	False	rare_target_holdout	requested_target_below_abundance_thresholds	75	0
96944	Centropyge eibli	Centropyge	Pomacanthidae	Pomacanthidae	Eibl's Angelfish	0	22	False	True	False	rare_target_holdout	requested_target_below_abundance_thresholds	8	0
96964	Centropyge tibicen	Centropyge	Pomacanthidae	Pomacanthidae	Keyhole Angelfish	0	68	False	True	False	rare_target_holdout	requested_target_below_abundance_thresholds	24	0
96966	Centropyge vrolikii	Centropyge	Pomacanthidae	Pomacanthidae	Pearlscale Angelfish	0	108	False	True	False	rare_target_holdout	requested_target_below_abundance_thresholds	37	0
101333	Genicanthus lamarck	Genicanthus	Pomacanthidae	Pomacanthidae	Lamarck's Angelfish	0	39	False	True	False	rare_target_holdout	requested_target_below_abundance_thresholds	13	0
110017	Pomacanthus navarchus	Pomacanthus	Pomacanthidae	Pomacanthidae	Bluegirdle Angelfish	0	83	False	True	False	rare_target_holdout	requested_target_below_abundance_thresholds	29	0
110019	Pomacanthus semicirculatus	Pomacanthus	Pomacanthidae	Pomacanthidae	Semicircle Angelfish	0	178	False	True	False	rare_target_holdout	requested_target_below_abundance_thresholds	62	0
94412	Apolemichthys arcuatus	Apolemichthys	Pomacanthidae	Pomacanthidae	Bandit Angelfish	0	4	False	False	False	ineligible	below_required_observation_threshold	1	0
94413	Apolemichthys griffisi	Apolemichthys	Pomacanthidae	Pomacanthidae	Griffis' Angelfish	0	1	False	False	False	ineligible	below_required_observation_threshold	0	0
94415	Apolemichthys kingi	Apolemichthys	Pomacanthidae	Pomacanthidae	Tiger Angelfish	0	6	False	False	False	ineligible	below_required_observation_threshold	2	0
94417	Apolemichthys xanthopunctatus	Apolemichthys	Pomacanthidae	Pomacanthidae	Goldflake Angelfish	0	3	False	False	False	ineligible	below_required_observation_threshold	1	0
94418	Apolemichthys xanthotis	Apolemichthys	Pomacanthidae	Pomacanthidae	Yellow-ear Angelfish	0	4	False	False	False	ineligible	below_required_observation_threshold	1	0
94419	Apolemichthys xanthurus	Apolemichthys	Pomacanthidae	Pomacanthidae	Yellowtail Angelfish	0	6	False	False	False	ineligible	below_required_observation_threshold	2	0
96935	Centropyge acanthops	Centropyge	Pomacanthidae	Pomacanthidae	Orangeback Angelfish	0	8	False	False	False	ineligible	below_required_observation_threshold	3	0
96936	Centropyge argi	Centropyge	Pomacanthidae	Pomacanthidae	Cherubfish	0	5	False	False	False	ineligible	below_required_observation_threshold	2	0
96940	Centropyge bispinosa	Centropyge	Pomacanthidae	Pomacanthidae	Two-spined Angelfish	0	107	False	False	False	ineligible	below_required_observation_threshold	37	0
491543	Centropyge deborae	Centropyge	Pomacanthidae	Pomacanthidae	Blue Velvet Angelfish	0	11	False	False	False	ineligible	below_required_observation_threshold	4	0
96946	Centropyge fisheri	Centropyge	Pomacanthidae	Pomacanthidae	Fisher's Angelfish	0	2	False	False	False	ineligible	below_required_observation_threshold	1	0
96947	Centropyge flavipectoralis	Centropyge	Pomacanthidae	Pomacanthidae	Yellowfin Angelfish	0	1	False	False	False	ineligible	below_required_observation_threshold	0	0
96948	Centropyge flavissima	Centropyge	Pomacanthidae	Pomacanthidae	Lemonpeel Angelfish	0	144	False	False	False	ineligible	below_required_observation_threshold	50	0
96949	Centropyge heraldi	Centropyge	Pomacanthidae	Pomacanthidae	Herald's Angelfish	0	7	False	False	False	ineligible	below_required_observation_threshold	2	0
358414	Centropyge loriculus	Centropyge	Pomacanthidae	Pomacanthidae	Flame Angelfish	0	27	False	False	False	ineligible	below_required_observation_threshold	9	0
96954	Centropyge multicolor	Centropyge	Pomacanthidae	Pomacanthidae	Pearlback Angelfish	0	1	False	False	False	ineligible	below_required_observation_threshold	0	0
1315950	Centropyge multifasciata	Centropyge	Pomacanthidae	Pomacanthidae	Barred Angelfish	0	9	False	False	False	ineligible	below_required_observation_threshold	3	0
96956	Centropyge multispinis	Centropyge	Pomacanthidae	Pomacanthidae	Brown Pygmy Angelfish	0	53	False	False	False	ineligible	below_required_observation_threshold	18	0
96960	Centropyge nox	Centropyge	Pomacanthidae	Pomacanthidae	Midnight Angelfish	0	1	False	False	False	ineligible	below_required_observation_threshold	0	0
96961	Centropyge potteri	Centropyge	Pomacanthidae	Pomacanthidae	Potter's Angelfish	0	17	False	False	False	ineligible	below_required_observation_threshold	6	0
96963	Centropyge shepardi	Centropyge	Pomacanthidae	Pomacanthidae	Shepard's Angelfish	0	1	False	False	False	ineligible	below_required_observation_threshold	0	0
183184	Centropyge woodheadi	Centropyge	Pomacanthidae	Pomacanthidae	Woodhead's Angelfish	0	4	False	False	False	ineligible	below_required_observation_threshold	1	0
97215	Chaetodontoplus caeruleopunctatus	Chaetodontoplus	Pomacanthidae	Pomacanthidae	Bluespotted Angelfish	0	1	False	False	False	ineligible	below_required_observation_threshold	0	0
619599	Chaetodontoplus cephalareticulatus	Chaetodontoplus	Pomacanthidae	Pomacanthidae	Maze Angelfish	0	1	False	False	False	ineligible	below_required_observation_threshold	0	0
97217	Chaetodontoplus conspicillatus	Chaetodontoplus	Pomacanthidae	Pomacanthidae	Conspicuous Angelfish	0	1	False	False	False	ineligible	below_required_observation_threshold	0	0
97218	Chaetodontoplus dimidiatus	Chaetodontoplus	Pomacanthidae	Pomacanthidae	Pewter Angelfish	0	1	False	False	False	ineligible	below_required_observation_threshold	0	0
97219	Chaetodontoplus duboulayi	Chaetodontoplus	Pomacanthidae	Pomacanthidae	Scribbled Angelfish	0	9	False	False	False	ineligible	below_required_observation_threshold	3	0
97220	Chaetodontoplus melanosoma	Chaetodontoplus	Pomacanthidae	Pomacanthidae	Black Velvet Angelfish	0	1	False	False	False	ineligible	below_required_observation_threshold	0	0
97221	Chaetodontoplus meredithi	Chaetodontoplus	Pomacanthidae	Pomacanthidae	Queensland Yellowtail Angelfish	0	4	False	False	False	ineligible	below_required_observation_threshold	1	0
97222	Chaetodontoplus mesoleucus	Chaetodontoplus	Pomacanthidae	Pomacanthidae	Vermiculate Angelfish	0	126	False	False	False	ineligible	below_required_observation_threshold	44	0
97225	Chaetodontoplus poliourus	Chaetodontoplus	Pomacanthidae	Pomacanthidae	Greytail Angelfish	0	7	False	False	False	ineligible	below_required_observation_threshold	2	0
97226	Chaetodontoplus septentrionalis	Chaetodontoplus	Pomacanthidae	Pomacanthidae	Bluestriped Angelfish	0	10	False	False	False	ineligible	below_required_observation_threshold	3	0
101332	Genicanthus caudovittatus	Genicanthus	Pomacanthidae	Pomacanthidae	Zebra Angelfish	0	35	False	False	False	ineligible	below_required_observation_threshold	12	0
101334	Genicanthus melanospilos	Genicanthus	Pomacanthidae	Pomacanthidae	Black-spot Angelfish	0	55	False	False	False	ineligible	below_required_observation_threshold	19	0
101335	Genicanthus personatus	Genicanthus	Pomacanthidae	Pomacanthidae	Masked Angelfish	0	1	False	False	False	ineligible	below_required_observation_threshold	0	0
101336	Genicanthus semicinctus	Genicanthus	Pomacanthidae	Pomacanthidae	Halfbanded Angelfish	0	1	False	False	False	ineligible	below_required_observation_threshold	0	0
101340	Genicanthus watanabei	Genicanthus	Pomacanthidae	Pomacanthidae	Pinstriped Angelfish	0	1	False	False	False	ineligible	below_required_observation_threshold	0	0
102895	Holacanthus africanus	Holacanthus	Pomacanthidae	Pomacanthidae	Guinean Angelfish	0	4	False	False	False	ineligible	below_required_observation_threshold	1	0
49632	Holacanthus bermudensis	Holacanthus	Pomacanthidae	Pomacanthidae	Blue Angelfish	0	80	False	False	False	ineligible	below_required_observation_threshold	28	0
102896	Holacanthus clarionensis	Holacanthus	Pomacanthidae	Pomacanthidae	Clarión Angelfish	0	39	False	False	False	ineligible	below_required_observation_threshold	13	0
110013	Pomacanthus annularis	Pomacanthus	Pomacanthidae	Pomacanthidae	Bluering Angelfish	0	59	False	False	False	ineligible	below_required_observation_threshold	20	0
110014	Pomacanthus asfur	Pomacanthus	Pomacanthidae	Pomacanthidae	Arabian Angelfish	0	8	False	False	False	ineligible	below_required_observation_threshold	3	0
110015	Pomacanthus chrysurus	Pomacanthus	Pomacanthidae	Pomacanthidae	Goldtail Angelfish	0	3	False	False	False	ineligible	below_required_observation_threshold	1	0
110016	Pomacanthus maculosus	Pomacanthus	Pomacanthidae	Pomacanthidae	Halfmoon Angelfish	0	81	False	False	False	ineligible	below_required_observation_threshold	28	0
110018	Pomacanthus rhomboides	Pomacanthus	Pomacanthidae	Pomacanthidae	Old Woman Angelfish	0	22	False	False	False	ineligible	below_required_observation_threshold	8	0
110020	Pomacanthus sexstriatus	Pomacanthus	Pomacanthidae	Pomacanthidae	Sixband Angelfish	0	229	False	False	False	ineligible	below_required_observation_threshold	79	0
110021	Pomacanthus xanthometopon	Pomacanthus	Pomacanthidae	Pomacanthidae	Blueface Angelfish	0	69	False	False	False	ineligible	below_required_observation_threshold	24	0
110022	Pomacanthus zonipectus	Pomacanthus	Pomacanthidae	Pomacanthidae	Cortez Angelfish	0	201	False	False	False	ineligible	below_required_observation_threshold	70	0
49403	Abudefduf vaigiensis	Abudefduf	Pomacentridae	Pomacentridae	Indo-Pacific Sergeant Major	0	898	True	True	True	common_target_pretraining	requested_target_meets_licensed_abundance_threshold	311	200
136345	Amphiprion clarkii	Amphiprion	Pomacentridae	Pomacentridae	Clark's Anemonefish	0	453	True	True	True	common_target_pretraining	requested_target_meets_licensed_abundance_threshold	157	100
134156	Amphiprion perideraion	Amphiprion	Pomacentridae	Pomacentridae	Pink Skunk Anemonefish	0	308	True	True	True	common_target_pretraining	requested_target_meets_licensed_abundance_threshold	107	100
179872	Dascyllus reticulatus	Dascyllus	Pomacentridae	Pomacentridae	Reticulated Damselfish	0	359	True	True	True	common_target_pretraining	requested_target_meets_licensed_abundance_threshold	124	100
49303	Dascyllus trimaculatus	Dascyllus	Pomacentridae	Pomacentridae	Three-spot Dascyllus	0	752	True	True	True	common_target_pretraining	requested_target_meets_licensed_abundance_threshold	260	200
181028	Pomacentrus moluccensis	Pomacentrus	Pomacentridae	Pomacentridae	Lemon Damsel	0	360	True	True	True	common_target_pretraining	requested_target_meets_licensed_abundance_threshold	125	100
49402	Abudefduf saxatilis	Abudefduf	Pomacentridae	Pomacentridae	Atlantic Sergeant Major	0	1312	True	False	True	broad_pretraining	global_licensed_abundance	454	300
49401	Abudefduf sexfasciatus	Abudefduf	Pomacentridae	Pomacentridae	Scissortail Sergeant	0	750	True	False	True	broad_pretraining	global_licensed_abundance	260	200
92989	Abudefduf troschelii	Abudefduf	Pomacentridae	Pomacentridae	Panamic Sergeant Major	0	688	True	False	True	broad_pretraining	global_licensed_abundance	238	200
1315932	Azurina multilineata	Azurina	Pomacentridae	Pomacentridae	Brown Chromis	0	421	True	False	True	broad_pretraining	global_licensed_abundance	146	100
118682	Chromis chromis	Chromis	Pomacentridae	Pomacentridae	Mediterranean Damselfish	0	588	True	False	True	broad_pretraining	global_licensed_abundance	203	100
49753	Microspathodon chrysurus	Microspathodon	Pomacentridae	Pomacentridae	Yellowtail Damselfish	0	468	True	False	True	broad_pretraining	global_licensed_abundance	162	100
113101	Stegastes acapulcoensis	Stegastes	Pomacentridae	Pomacentridae	Acapulco Major	0	468	True	False	True	broad_pretraining	global_licensed_abundance	162	100
128183	Stegastes partitus	Stegastes	Pomacentridae	Pomacentridae	Bicolor Damselfish	0	446	True	False	True	broad_pretraining	global_licensed_abundance	154	100
105832	Microspathodon dorsalis	Microspathodon	Pomacentridae	Pomacentridae	Giant Damselfish	0	532	True	False	True	novel_evaluation	held_out_for_unseen_species_evaluation	184	100
134155	Amblyglyphidodon aureus	Amblyglyphidodon	Pomacentridae	Pomacentridae	Golden Damselfish	0	216	False	True	False	rare_target_holdout	requested_target_below_abundance_thresholds	75	0
119391	Amphiprion percula	Amphiprion	Pomacentridae	Pomacentridae	Percula Anemonefish	0	33	False	True	False	rare_target_holdout	requested_target_below_abundance_thresholds	11	0
119430	Amphiprion polymnus	Amphiprion	Pomacentridae	Pomacentridae	Saddleback Anemonefish	0	55	False	True	False	rare_target_holdout	requested_target_below_abundance_thresholds	19	0
132371	Pomacentrus coelestis	Pomacentrus	Pomacentridae	Pomacentridae	Neon Damselfish	0	216	False	True	False	rare_target_holdout	requested_target_below_abundance_thresholds	75	0
123922	Abudefduf sordidus	Abudefduf	Pomacentridae	Pomacentridae	Blackspot Sergeant	0	510	True	False	False	eligible_not_selected	genus_quota_reached	176	0
119053	Amblyglyphidodon curacao	Amblyglyphidodon	Pomacentridae	Pomacentridae	Staghorn Damsel	0	298	True	False	False	eligible_not_selected	scientist_family_quota_reached	103	0
132688	Amphiprion ocellaris	Amphiprion	Pomacentridae	Pomacentridae	Ocellaris Anemonefish	0	313	True	False	False	eligible_not_selected	scientist_family_quota_reached	108	0
1315937	Azurina atrilobata	Azurina	Pomacentridae	Pomacentridae	Scissortail Chromis	0	287	True	False	False	eligible_not_selected	scientist_family_quota_reached	99	0
1315935	Azurina cyanea	Azurina	Pomacentridae	Pomacentridae	Blue Chromis	0	374	True	False	False	eligible_not_selected	scientist_family_quota_reached	129	0
179880	Chromis viridis	Chromis	Pomacentridae	Pomacentridae	Blue-green Chromis	0	371	True	False	False	eligible_not_selected	scientist_family_quota_reached	128	0
952775	Dascyllus aruanus	Dascyllus	Pomacentridae	Pomacentridae	Humbug Dascyllus	0	365	True	False	False	eligible_not_selected	scientist_family_quota_reached	126	0
49304	Stegastes planifrons	Stegastes	Pomacentridae	Pomacentridae	Threespot Damselfish	0	358	True	False	False	eligible_not_selected	scientist_family_quota_reached	124	0
49400	Abudefduf abdominalis	Abudefduf	Pomacentridae	Pomacentridae	Hawaiian Sergeant Major	0	88	False	False	False	ineligible	below_required_observation_threshold	30	0
337754	Abudefduf bengalensis	Abudefduf	Pomacentridae	Pomacentridae	Bengal Sergeant	0	211	False	False	False	ineligible	below_required_observation_threshold	73	0
871277	Abudefduf caudobimaculatus	Abudefduf	Pomacentridae	Pomacentridae	Okinawa Sergeant	0	1	False	False	False	ineligible	below_required_observation_threshold	0	0
92987	Abudefduf concolor	Abudefduf	Pomacentridae	Pomacentridae	Dusky Sergeant	0	81	False	False	False	ineligible	below_required_observation_threshold	28	0
92988	Abudefduf declivifrons	Abudefduf	Pomacentridae	Pomacentridae	Mexican Nightsergeant	0	91	False	False	False	ineligible	below_required_observation_threshold	31	0
122102	Abudefduf hoefleri	Abudefduf	Pomacentridae	Pomacentridae	African Sergeant	0	5	False	False	False	ineligible	below_required_observation_threshold	2	0
181014	Abudefduf lorenzi	Abudefduf	Pomacentridae	Pomacentridae	Black-tail Sergeant	0	40	False	False	False	ineligible	below_required_observation_threshold	14	0
559948	Abudefduf natalensis	Abudefduf	Pomacentridae	Pomacentridae	Natal Sergeant	0	22	False	False	False	ineligible	below_required_observation_threshold	8	0
345719	Abudefduf notatus	Abudefduf	Pomacentridae	Pomacentridae	Yellowtail Sergeant	0	22	False	False	False	ineligible	below_required_observation_threshold	8	0
337753	Abudefduf septemfasciatus	Abudefduf	Pomacentridae	Pomacentridae	Banded Sergeant	0	198	False	False	False	ineligible	below_required_observation_threshold	69	0
474803	Abudefduf sparoides	Abudefduf	Pomacentridae	Pomacentridae	False-eye Sergeant	0	31	False	False	False	ineligible	below_required_observation_threshold	11	0
57338	Abudefduf taurus	Abudefduf	Pomacentridae	Pomacentridae	Night Sergeant	0	90	False	False	False	ineligible	below_required_observation_threshold	31	0
481478	Abudefduf whitleyi	Abudefduf	Pomacentridae	Pomacentridae	Whitley's Sergeant	0	98	False	False	False	ineligible	below_required_observation_threshold	34	0
319335	Acanthochromis polyacanthus	Acanthochromis	Pomacentridae	Pomacentridae	Spiny Chromis	0	120	False	False	False	ineligible	below_required_observation_threshold	42	0
606226	Altrichthys alelia	Altrichthys	Pomacentridae	Pomacentridae	Alelia's Damselfish	0	5	False	False	False	ineligible	below_required_observation_threshold	2	0
606222	Altrichthys azurelineatus	Altrichthys	Pomacentridae	Pomacentridae	Azure Damsel	0	1	False	False	False	ineligible	below_required_observation_threshold	0	0
1315251	Amblyglyphidodon batunaorum	Amblyglyphidodon	Pomacentridae	Pomacentridae	Batuna Damsel	0	26	False	False	False	ineligible	below_required_observation_threshold	9	0
371763	Amblyglyphidodon flavilatus	Amblyglyphidodon	Pomacentridae	Pomacentridae	Yellow-side Damselfish	0	25	False	False	False	ineligible	below_required_observation_threshold	9	0
311609	Amblyglyphidodon indicus	Amblyglyphidodon	Pomacentridae	Pomacentridae	Green Damselfish	0	150	False	False	False	ineligible	below_required_observation_threshold	52	0
181015	Amblyglyphidodon leucogaster	Amblyglyphidodon	Pomacentridae	Pomacentridae	Whitebelly Damsel	0	147	False	False	False	ineligible	below_required_observation_threshold	51	0
619602	Amblyglyphidodon melanopterus	Amblyglyphidodon	Pomacentridae	Pomacentridae	Blackfin Damselfish	0	1	False	False	False	ineligible	below_required_observation_threshold	0	0
483889	Amblyglyphidodon orbicularis	Amblyglyphidodon	Pomacentridae	Pomacentridae	Orbicular Damselfish	0	51	False	False	False	ineligible	below_required_observation_threshold	18	0
619603	Amblyglyphidodon silolona	Amblyglyphidodon	Pomacentridae	Pomacentridae	Silolona Damselfish	0	1	False	False	False	ineligible	below_required_observation_threshold	0	0
1315921	Amblypomacentrus annulatus	Amblypomacentrus	Pomacentridae	Pomacentridae	Blackbarred Demoiselle	0	7	False	False	False	ineligible	below_required_observation_threshold	2	0
181016	Amblypomacentrus breviceps	Amblypomacentrus	Pomacentridae	Pomacentridae	Blackbanded Damsel	0	35	False	False	False	ineligible	below_required_observation_threshold	12	0
619605	Amblypomacentrus clarus	Amblypomacentrus	Pomacentridae	Pomacentridae	Banggai damselfish	0	2	False	False	False	ineligible	below_required_observation_threshold	1	0
1316560	Amblypomacentrus tricinctus	Amblypomacentrus	Pomacentridae	Pomacentridae	Threeband Demoiselle	0	1	False	False	False	ineligible	below_required_observation_threshold	0	0
154702	Amphiprion akallopisos	Amphiprion	Pomacentridae	Pomacentridae	Skunk Anemonefish	0	58	False	False	False	ineligible	below_required_observation_threshold	20	0
338421	Amphiprion akindynos	Amphiprion	Pomacentridae	Pomacentridae	Barrier Reef Anemonefish	0	67	False	False	False	ineligible	below_required_observation_threshold	23	0
180787	Amphiprion allardi	Amphiprion	Pomacentridae	Pomacentridae	Allard's Anemonefish	0	51	False	False	False	ineligible	below_required_observation_threshold	18	0
1579630	Amphiprion annamensis	Amphiprion	Pomacentridae	Pomacentridae	Northern Saddleback Anemonefish	0	29	False	False	False	ineligible	below_required_observation_threshold	10	0
179871	Amphiprion barberi	Amphiprion	Pomacentridae	Pomacentridae	Fiji Tomato Anemonefish	0	162	False	False	False	ineligible	below_required_observation_threshold	56	0
1277790	Amphiprion biaculeatus	Amphiprion	Pomacentridae	Pomacentridae	Spine-cheek Clownfish	0	147	False	False	False	ineligible	below_required_observation_threshold	51	0
343249	Amphiprion bicinctus	Amphiprion	Pomacentridae	Pomacentridae	Red Sea Anemonefish	0	220	False	False	False	ineligible	below_required_observation_threshold	76	0
484800	Amphiprion chrysogaster	Amphiprion	Pomacentridae	Pomacentridae	Mauritian Anemonefish	0	2	False	False	False	ineligible	below_required_observation_threshold	1	0
180381	Amphiprion chrysopterus	Amphiprion	Pomacentridae	Pomacentridae	Orangefin Anemonefish	0	143	False	False	False	ineligible	below_required_observation_threshold	49	0
57754	Amphiprion ephippium	Amphiprion	Pomacentridae	Pomacentridae	Red Saddleback Anemonefish	0	15	False	False	False	ineligible	below_required_observation_threshold	5	0
57740	Amphiprion frenatus	Amphiprion	Pomacentridae	Pomacentridae	Tomato Clownfish	0	104	False	False	False	ineligible	below_required_observation_threshold	36	0
517591	Amphiprion latezonatus	Amphiprion	Pomacentridae	Pomacentridae	Wideband Anemonefish	0	6	False	False	False	ineligible	below_required_observation_threshold	2	0
516038	Amphiprion latifasciatus	Amphiprion	Pomacentridae	Pomacentridae	Madagascar Anemonefish	0	5	False	False	False	ineligible	below_required_observation_threshold	2	0
424221	Amphiprion leucokranos	Amphiprion	Pomacentridae	Pomacentridae	White-bonnet Anemonefish	0	1	False	False	False	ineligible	below_required_observation_threshold	0	0
1639672	Amphiprion maohiensis	Amphiprion	Pomacentridae	Pomacentridae	Polynesian anemonefish	0	22	False	False	False	ineligible	below_required_observation_threshold	8	0
516265	Amphiprion mccullochi	Amphiprion	Pomacentridae	Pomacentridae	McCulloch's Anemonefish	0	17	False	False	False	ineligible	below_required_observation_threshold	6	0
57741	Amphiprion melanopus	Amphiprion	Pomacentridae	Pomacentridae	Blackback Anemonefish	0	147	False	False	False	ineligible	below_required_observation_threshold	51	0
180380	Amphiprion nigripes	Amphiprion	Pomacentridae	Pomacentridae	Blackfin Anemonefish	0	33	False	False	False	ineligible	below_required_observation_threshold	11	0
619610	Amphiprion pacificus	Amphiprion	Pomacentridae	Pomacentridae	Pacific Anemonefish	0	1	False	False	False	ineligible	below_required_observation_threshold	0	0
117751	Amphiprion rubrocinctus	Amphiprion	Pomacentridae	Pomacentridae	Australian Anemonefish	0	6	False	False	False	ineligible	below_required_observation_threshold	2	0
93956	Amphiprion sandaracinos	Amphiprion	Pomacentridae	Pomacentridae	Orange Skunk Anemonefish	0	65	False	False	False	ineligible	below_required_observation_threshold	22	0
180382	Amphiprion sebae	Amphiprion	Pomacentridae	Pomacentridae	Sebae Anemonefish	0	1	False	False	False	ineligible	below_required_observation_threshold	0	0
57756	Amphiprion tricinctus	Amphiprion	Pomacentridae	Pomacentridae	Three-band Anemonefish	0	1	False	False	False	ineligible	below_required_observation_threshold	0	0
1316760	Azurina elerae	Azurina	Pomacentridae	Pomacentridae	Twinspot chromis	0	6	False	False	False	ineligible	below_required_observation_threshold	2	0
95019	Azurina hirundo	Azurina	Pomacentridae	Pomacentridae	Swallow Damsel	0	4	False	False	False	ineligible	below_required_observation_threshold	1	0
1316758	Azurina intercrusma	Azurina	Pomacentridae	Pomacentridae	Peruvian Chromis	0	2	False	False	False	ineligible	below_required_observation_threshold	1	0
1316757	Azurina lepidolepis	Azurina	Pomacentridae	Pomacentridae	Scaly Puller	0	45	False	False	False	ineligible	below_required_observation_threshold	16	0
424709	Cheiloprion labiatus	Cheiloprion	Pomacentridae	Pomacentridae	Biglip Damsel	0	8	False	False	False	ineligible	below_required_observation_threshold	3	0
358107	Chromis albicauda	Chromis	Pomacentridae	Pomacentridae	White-tailed Chromis	0	4	False	False	False	ineligible	below_required_observation_threshold	1	0
97750	Chromis alpha	Chromis	Pomacentridae	Pomacentridae	Yellow-speckled Chromis	0	26	False	False	False	ineligible	below_required_observation_threshold	9	0
97751	Chromis alta	Chromis	Pomacentridae	Pomacentridae	Silverstripe Chromis	0	3	False	False	False	ineligible	below_required_observation_threshold	1	0
182177	Chromis analis	Chromis	Pomacentridae	Pomacentridae	Yellow Chromis	0	37	False	False	False	ineligible	below_required_observation_threshold	13	0
181020	Chromis atripectoralis	Chromis	Pomacentridae	Pomacentridae	Black-axil Chromis	0	145	False	False	False	ineligible	below_required_observation_threshold	50	0
204606	Chromis chrysura	Chromis	Pomacentridae	Pomacentridae	Stout-body Chromis	0	17	False	False	False	ineligible	below_required_observation_threshold	6	0
519432	Chromis cinerascens	Chromis	Pomacentridae	Pomacentridae	Green Chromis	0	15	False	False	False	ineligible	below_required_observation_threshold	5	0
97753	Chromis crusma	Chromis	Pomacentridae	Pomacentridae	Valparaiso Chromis	0	1	False	False	False	ineligible	below_required_observation_threshold	0	0
415204	Chromis dasygenys	Chromis	Pomacentridae	Pomacentridae	Bluespotted Chromis	0	5	False	False	False	ineligible	below_required_observation_threshold	2	0
451337	Chromis dispila	Chromis	Pomacentridae	Pomacentridae	New Zealand Demoiselle	0	62	False	False	False	ineligible	below_required_observation_threshold	21	0
1316759	Chromis enchrysurus	Chromis	Pomacentridae	Pomacentridae	Yellowtail Chromis	0	1	False	False	False	ineligible	below_required_observation_threshold	0	0
372160	Chromis flavaxilla	Chromis	Pomacentridae	Pomacentridae	Arabian Chromis	0	36	False	False	False	ineligible	below_required_observation_threshold	12	0
357802	Chromis fumea	Chromis	Pomacentridae	Pomacentridae	Smoky Puller	0	1	False	False	False	ineligible	below_required_observation_threshold	0	0
447875	Chromis hypsilepis	Chromis	Pomacentridae	Pomacentridae	Onespot Puller	0	27	False	False	False	ineligible	below_required_observation_threshold	9	0
147106	Chromis insolata	Chromis	Pomacentridae	Pomacentridae	Sunshinefish	0	7	False	False	False	ineligible	below_required_observation_threshold	2	0
619628	Chromis kennensis	Chromis	Pomacentridae	Pomacentridae	Yellowspot Puller	0	4	False	False	False	ineligible	below_required_observation_threshold	1	0
522685	Chromis klunzingeri	Chromis	Pomacentridae	Pomacentridae	Blackhead Puller	0	22	False	False	False	ineligible	below_required_observation_threshold	8	0
342041	Chromis limbata	Chromis	Pomacentridae	Pomacentridae	Atlantic Damselfish	0	78	False	False	False	ineligible	below_required_observation_threshold	27	0
97757	Chromis limbaughi	Chromis	Pomacentridae	Pomacentridae	Limbaugh's Chromis	0	3	False	False	False	ineligible	below_required_observation_threshold	1	0
347663	Chromis lubbocki	Chromis	Pomacentridae	Pomacentridae	Lubbock's chromis	0	10	False	False	False	ineligible	below_required_observation_threshold	3	0
358156	Chromis nitida	Chromis	Pomacentridae	Pomacentridae	Barrier Reef Chromis	0	11	False	False	False	ineligible	below_required_observation_threshold	4	0
1305905	Chromis norfolkensis	Chromis	Pomacentridae	Pomacentridae	Norfolk Chromis	0	42	False	False	False	ineligible	below_required_observation_threshold	15	0
469793	Chromis notata	Chromis	Pomacentridae	Pomacentridae	Pearl-spot Chromis	0	9	False	False	False	ineligible	below_required_observation_threshold	3	0
447714	Chromis opercularis	Chromis	Pomacentridae	Pomacentridae	Doublebar Chromis	0	10	False	False	False	ineligible	below_required_observation_threshold	3	0
123318	Chromis ovalis	Chromis	Pomacentridae	Pomacentridae	Oval Chromis	0	6	False	False	False	ineligible	below_required_observation_threshold	2	0
97758	Chromis pembae	Chromis	Pomacentridae	Pomacentridae	Yellow-edge Chromis	0	4	False	False	False	ineligible	below_required_observation_threshold	1	0
97759	Chromis punctipinnis	Chromis	Pomacentridae	Pomacentridae	Blacksmith Chromis	0	64	False	False	False	ineligible	below_required_observation_threshold	22	0
199182	Chromis scotochiloptera	Chromis	Pomacentridae	Pomacentridae	Philippine Chromis	0	22	False	False	False	ineligible	below_required_observation_threshold	8	0
147107	Chromis scotti	Chromis	Pomacentridae	Pomacentridae	Purple Reeffish	0	1	False	False	False	ineligible	below_required_observation_threshold	0	0
181019	Chromis ternatensis	Chromis	Pomacentridae	Pomacentridae	Ternate Chromis	0	125	False	False	False	ineligible	below_required_observation_threshold	43	0
128267	Chromis verater	Chromis	Pomacentridae	Pomacentridae	Three-spot Chromis	0	7	False	False	False	ineligible	below_required_observation_threshold	2	0
334629	Chromis weberi	Chromis	Pomacentridae	Pomacentridae	Weber's Puller	0	73	False	False	False	ineligible	below_required_observation_threshold	25	0
530717	Chromis westaustralis	Chromis	Pomacentridae	Pomacentridae	West Australian Puller	0	3	False	False	False	ineligible	below_required_observation_threshold	1	0
118577	Chromis xanthochira	Chromis	Pomacentridae	Pomacentridae	Yellow-axil chromis	0	1	False	False	False	ineligible	below_required_observation_threshold	0	0
619641	Chromis xanthopterygia	Chromis	Pomacentridae	Pomacentridae	Yellowfin chromis	0	5	False	False	False	ineligible	below_required_observation_threshold	2	0
334719	Chromis xanthura	Chromis	Pomacentridae	Pomacentridae	Pale-tail Chromis	0	66	False	False	False	ineligible	below_required_observation_threshold	23	0
341387	Chrysiptera biocellata	Chrysiptera	Pomacentridae	Pomacentridae	Twospot Demoiselle	0	75	False	False	False	ineligible	below_required_observation_threshold	26	0
357900	Chrysiptera bleekeri	Chrysiptera	Pomacentridae	Pomacentridae	Bleeker's Damselfish	0	1	False	False	False	ineligible	below_required_observation_threshold	0	0
57339	Chrysiptera brownriggii	Chrysiptera	Pomacentridae	Pomacentridae	Indian Surge Demoiselle	0	34	False	False	False	ineligible	below_required_observation_threshold	12	0
179869	Chrysiptera caeruleolineata	Chrysiptera	Pomacentridae	Pomacentridae	Blueline Demoiselle	0	3	False	False	False	ineligible	below_required_observation_threshold	1	0
516358	Chrysiptera caesifrons	Chrysiptera	Pomacentridae	Pomacentridae	Greyback Damselfish	0	16	False	False	False	ineligible	below_required_observation_threshold	6	0
179849	Chrysiptera cyanea	Chrysiptera	Pomacentridae	Pomacentridae	Blue Demoiselle	0	74	False	False	False	ineligible	below_required_observation_threshold	26	0
502788	Chrysiptera galba	Chrysiptera	Pomacentridae	Pomacentridae	Canary demoiselle	0	1	False	False	False	ineligible	below_required_observation_threshold	0	0
204591	Chrysiptera glauca	Chrysiptera	Pomacentridae	Pomacentridae	Grey Demoiselle	0	77	False	False	False	ineligible	below_required_observation_threshold	27	0
470653	Chrysiptera hemicyanea	Chrysiptera	Pomacentridae	Pomacentridae	Azure Demoiselle	0	1	False	False	False	ineligible	below_required_observation_threshold	0	0
1224641	Chrysiptera leucopoma	Chrysiptera	Pomacentridae	Pomacentridae	Pacific Surge Damselfish	0	90	False	False	False	ineligible	below_required_observation_threshold	31	0
491938	Chrysiptera notialis	Chrysiptera	Pomacentridae	Pomacentridae	Southern Demoiselle	0	29	False	False	False	ineligible	below_required_observation_threshold	10	0
344016	Chrysiptera oxycephala	Chrysiptera	Pomacentridae	Pomacentridae	Bluespot Damselfish	0	8	False	False	False	ineligible	below_required_observation_threshold	3	0
338158	Chrysiptera parasema	Chrysiptera	Pomacentridae	Pomacentridae	Goldtail Demoiselle	0	12	False	False	False	ineligible	below_required_observation_threshold	4	0
344375	Chrysiptera rex	Chrysiptera	Pomacentridae	Pomacentridae	Pink Demoiselle	0	6	False	False	False	ineligible	below_required_observation_threshold	2	0
145525	Chrysiptera rollandi	Chrysiptera	Pomacentridae	Pomacentridae	Bluehead Demoiselle	0	50	False	False	False	ineligible	below_required_observation_threshold	17	0
135192	Chrysiptera springeri	Chrysiptera	Pomacentridae	Pomacentridae	Springer's Demoiselle	0	15	False	False	False	ineligible	below_required_observation_threshold	5	0
468752	Chrysiptera starcki	Chrysiptera	Pomacentridae	Pomacentridae	Starck's Demoiselle	0	2	False	False	False	ineligible	below_required_observation_threshold	1	0
271308	Chrysiptera talboti	Chrysiptera	Pomacentridae	Pomacentridae	Talbot's Demoiselle	0	103	False	False	False	ineligible	below_required_observation_threshold	36	0
181017	Chrysiptera taupou	Chrysiptera	Pomacentridae	Pomacentridae	South Seas Demoiselle	0	121	False	False	False	ineligible	below_required_observation_threshold	42	0
619652	Chrysiptera traceyi	Chrysiptera	Pomacentridae	Pomacentridae	Tracey's Damselfish	0	3	False	False	False	ineligible	below_required_observation_threshold	1	0
338073	Chrysiptera unimaculata	Chrysiptera	Pomacentridae	Pomacentridae	Onespot Demoiselle	0	140	False	False	False	ineligible	below_required_observation_threshold	48	0
914304	Dascyllus abudafur	Dascyllus	Pomacentridae	Pomacentridae	Indian Ocean Humbug	0	190	False	False	False	ineligible	below_required_observation_threshold	66	0
121392	Dascyllus albisella	Dascyllus	Pomacentridae	Pomacentridae	Hawaiian Dascyllus	0	116	False	False	False	ineligible	below_required_observation_threshold	40	0
179873	Dascyllus carneus	Dascyllus	Pomacentridae	Pomacentridae	Indian Dascyllus	0	64	False	False	False	ineligible	below_required_observation_threshold	22	0
1654980	Dascyllus emamo	Dascyllus	Pomacentridae	Pomacentridae	Polynesian Humbug Dascyllus	0	42	False	False	False	ineligible	below_required_observation_threshold	15	0
619653	Dascyllus flavicaudus	Dascyllus	Pomacentridae	Pomacentridae	yellowtail dascyllus	0	39	False	False	False	ineligible	below_required_observation_threshold	13	0
362168	Dascyllus marginatus	Dascyllus	Pomacentridae	Pomacentridae	Red Sea Dascyllus	0	44	False	False	False	ineligible	below_required_observation_threshold	15	0
359798	Dascyllus melanurus	Dascyllus	Pomacentridae	Pomacentridae	Blacktail Humbug	0	78	False	False	False	ineligible	below_required_observation_threshold	27	0
619654	Dascyllus strasburgi	Dascyllus	Pomacentridae	Pomacentridae	Strasburg's dascyllus	0	1	False	False	False	ineligible	below_required_observation_threshold	0	0
346146	Dischistodus chrysopoecilus	Dischistodus	Pomacentridae	Pomacentridae	Whitepatch Damsel	0	46	False	False	False	ineligible	below_required_observation_threshold	16	0
565923	Dischistodus fasciatus	Dischistodus	Pomacentridae	Pomacentridae	Banded Damselfish	0	26	False	False	False	ineligible	below_required_observation_threshold	9	0
318321	Dischistodus melanotus	Dischistodus	Pomacentridae	Pomacentridae	Blackvent Damsel	0	127	False	False	False	ineligible	below_required_observation_threshold	44	0
123458	Dischistodus perspicillatus	Dischistodus	Pomacentridae	Pomacentridae	White Damsel	0	147	False	False	False	ineligible	below_required_observation_threshold	51	0
326585	Dischistodus prosopotaenia	Dischistodus	Pomacentridae	Pomacentridae	Honeyhead Damsel	0	45	False	False	False	ineligible	below_required_observation_threshold	16	0
84799	Dischistodus pseudochrysopoecilus	Dischistodus	Pomacentridae	Pomacentridae	Monarch Damsel	0	25	False	False	False	ineligible	below_required_observation_threshold	9	0
345864	Hemiglyphidodon plagiometopon	Hemiglyphidodon	Pomacentridae	Pomacentridae	Lagoon Damsel	0	45	False	False	False	ineligible	below_required_observation_threshold	16	0
53693	Hypsypops rubicundus	Hypsypops	Pomacentridae	Pomacentridae	Garibaldi	0	234	False	False	False	ineligible	below_required_observation_threshold	81	0
181024	Lepidozygus tapeinosoma	Lepidozygus	Pomacentridae	Pomacentridae	Fusilier Damsel	0	13	False	False	False	ineligible	below_required_observation_threshold	4	0
513053	Mecaenichthys immaculatus	Mecaenichthys	Pomacentridae	Pomacentridae	Immaculate Damsel	0	13	False	False	False	ineligible	below_required_observation_threshold	4	0
105831	Microspathodon bairdii	Microspathodon	Pomacentridae	Pomacentridae	Bumphead Damselfish	0	91	False	False	False	ineligible	below_required_observation_threshold	31	0
619655	Microspathodon frontatus	Microspathodon	Pomacentridae	Pomacentridae	Guinean Damselfish	0	3	False	False	False	ineligible	below_required_observation_threshold	1	0
495187	Neoglyphidodon carlsoni	Neoglyphidodon	Pomacentridae	Pomacentridae	Carlson's Damselfish	0	16	False	False	False	ineligible	below_required_observation_threshold	6	0
272537	Neoglyphidodon crossi	Neoglyphidodon	Pomacentridae	Pomacentridae	Cross's Damselfish	0	2	False	False	False	ineligible	below_required_observation_threshold	1	0
132370	Neoglyphidodon melas	Neoglyphidodon	Pomacentridae	Pomacentridae	Black Damsel	0	137	False	False	False	ineligible	below_required_observation_threshold	47	0
135284	Neoglyphidodon nigroris	Neoglyphidodon	Pomacentridae	Pomacentridae	Indo-Pacific Yellowtail Damsel	0	155	False	False	False	ineligible	below_required_observation_threshold	54	0
325534	Neoglyphidodon oxyodon	Neoglyphidodon	Pomacentridae	Pomacentridae	Javanese Damselfish	0	16	False	False	False	ineligible	below_required_observation_threshold	6	0
424819	Neoglyphidodon polyacanthus	Neoglyphidodon	Pomacentridae	Pomacentridae	Multispine Damsel	0	44	False	False	False	ineligible	below_required_observation_threshold	15	0
153273	Neoglyphidodon thoracotaeniatus	Neoglyphidodon	Pomacentridae	Pomacentridae	Barhead Damsel	0	10	False	False	False	ineligible	below_required_observation_threshold	3	0
57335	Neopomacentrus anabatoides	Neopomacentrus	Pomacentridae	Pomacentridae	Silver Demoiselle	0	15	False	False	False	ineligible	below_required_observation_threshold	5	0
154433	Neopomacentrus azysron	Neopomacentrus	Pomacentridae	Pomacentridae	Yellowtail Demoiselle	0	33	False	False	False	ineligible	below_required_observation_threshold	11	0
106835	Neopomacentrus bankieri	Neopomacentrus	Pomacentridae	Pomacentridae	Chinese Demoiselle	0	13	False	False	False	ineligible	below_required_observation_threshold	4	0
358376	Neopomacentrus cyanomos	Neopomacentrus	Pomacentridae	Pomacentridae	Regal Demoiselle	0	66	False	False	False	ineligible	below_required_observation_threshold	23	0
1313195	Neopomacentrus flavicauda	Neopomacentrus	Pomacentridae	Pomacentridae	Red Sea Demoiselle	0	3	False	False	False	ineligible	below_required_observation_threshold	1	0
410716	Neopomacentrus metallicus	Neopomacentrus	Pomacentridae	Pomacentridae	Metallic Demoiselle	0	6	False	False	False	ineligible	below_required_observation_threshold	2	0
458009	Neopomacentrus miryae	Neopomacentrus	Pomacentridae	Pomacentridae	Miry's Demoiselle	0	8	False	False	False	ineligible	below_required_observation_threshold	3	0
346145	Neopomacentrus nemurus	Neopomacentrus	Pomacentridae	Pomacentridae	Coral Demoiselle	0	6	False	False	False	ineligible	below_required_observation_threshold	2	0
619661	Neopomacentrus sororius	Neopomacentrus	Pomacentridae	Pomacentridae	Twin Demoiselle	0	10	False	False	False	ineligible	below_required_observation_threshold	3	0
325502	Neopomacentrus violascens	Neopomacentrus	Pomacentridae	Pomacentridae	Violet Demoiselle	0	7	False	False	False	ineligible	below_required_observation_threshold	2	0
107021	Nexilosus latifrons	Nexilosus	Pomacentridae	Pomacentridae	Coquito Sergeant	0	6	False	False	False	ineligible	below_required_observation_threshold	2	0
410546	Parma alboscapularis	Parma	Pomacentridae	Pomacentridae	New Zealand Black Angelfish	0	45	False	False	False	ineligible	below_required_observation_threshold	16	0
516676	Parma mccullochi	Parma	Pomacentridae	Pomacentridae	McCulloch’s Scalyfin	0	45	False	False	False	ineligible	below_required_observation_threshold	16	0
511647	Parma microlepis	Parma	Pomacentridae	Pomacentridae	White-ear	0	88	False	False	False	ineligible	below_required_observation_threshold	30	0
525079	Parma occidentalis	Parma	Pomacentridae	Pomacentridae	Western Scalyfin	0	86	False	False	False	ineligible	below_required_observation_threshold	30	0
518184	Parma oligolepis	Parma	Pomacentridae	Pomacentridae	Bigscale Scalyfin	0	4	False	False	False	ineligible	below_required_observation_threshold	1	0
493746	Parma polylepis	Parma	Pomacentridae	Pomacentridae	Banded Scalyfin	0	107	False	False	False	ineligible	below_required_observation_threshold	37	0
509791	Parma unifasciata	Parma	Pomacentridae	Pomacentridae	Girdled Scalyfin	0	41	False	False	False	ineligible	below_required_observation_threshold	14	0
108788	Parma victoriae	Parma	Pomacentridae	Pomacentridae	Scalyfin	0	65	False	False	False	ineligible	below_required_observation_threshold	22	0
1325091	Plectroglyphidodon apicalis	Plectroglyphidodon	Pomacentridae	Pomacentridae	Australian Gregory	0	15	False	False	False	ineligible	below_required_observation_threshold	5	0
204597	Plectroglyphidodon dickii	Plectroglyphidodon	Pomacentridae	Pomacentridae	Blackbar Damselfish	0	192	False	False	False	ineligible	below_required_observation_threshold	66	0
1325094	Plectroglyphidodon fasciolatus	Plectroglyphidodon	Pomacentridae	Pomacentridae	Pacific Gregory	0	35	False	False	False	ineligible	below_required_observation_threshold	12	0
1325089	Plectroglyphidodon gascoynei	Plectroglyphidodon	Pomacentridae	Pomacentridae	Coral Sea Gregory	0	25	False	False	False	ineligible	below_required_observation_threshold	9	0
203922	Plectroglyphidodon imparipennis	Plectroglyphidodon	Pomacentridae	Pomacentridae	Brighteye Damselfish	0	91	False	False	False	ineligible	below_required_observation_threshold	31	0
196591	Plectroglyphidodon johnstonianus	Plectroglyphidodon	Pomacentridae	Pomacentridae	Blue-eye Damsel	0	74	False	False	False	ineligible	below_required_observation_threshold	26	0
57337	Plectroglyphidodon leucozona	Plectroglyphidodon	Pomacentridae	Pomacentridae	Whiteband Damsel	0	40	False	False	False	ineligible	below_required_observation_threshold	14	0
1325098	Plectroglyphidodon luteobrunneus	Plectroglyphidodon	Pomacentridae	Pomacentridae	Aldabra Gregory	0	4	False	False	False	ineligible	below_required_observation_threshold	1	0
1325096	Plectroglyphidodon marginatus	Plectroglyphidodon	Pomacentridae	Pomacentridae	Hawaiian Gregory	0	65	False	False	False	ineligible	below_required_observation_threshold	22	0
1325097	Plectroglyphidodon obreptus	Plectroglyphidodon	Pomacentridae	Pomacentridae	Western Gregory	0	14	False	False	False	ineligible	below_required_observation_threshold	5	0
57334	Plectroglyphidodon phoenixensis	Plectroglyphidodon	Pomacentridae	Pomacentridae	Phoenix Damsel	0	2	False	False	False	ineligible	below_required_observation_threshold	1	0
464065	Plectroglyphidodon sindonis	Plectroglyphidodon	Pomacentridae	Pomacentridae	Hawaiian Rock Damsel	0	2	False	False	False	ineligible	below_required_observation_threshold	1	0
338575	Pomacentrus adelus	Pomacentrus	Pomacentridae	Pomacentridae	Obscure Damsel	0	5	False	False	False	ineligible	below_required_observation_threshold	2	0
619665	Pomacentrus agassizii	Pomacentrus	Pomacentridae	Pomacentridae	Agassiz's Damselfish	0	1	False	False	False	ineligible	below_required_observation_threshold	0	0
359124	Pomacentrus alexanderae	Pomacentrus	Pomacentridae	Pomacentridae	Alexander's Damsel	0	34	False	False	False	ineligible	below_required_observation_threshold	12	0
486019	Pomacentrus alleni	Pomacentrus	Pomacentridae	Pomacentridae	Andaman Damselfish	0	4	False	False	False	ineligible	below_required_observation_threshold	1	0
325535	Pomacentrus amboinensis	Pomacentrus	Pomacentridae	Pomacentridae	Ambon Damsel	0	89	False	False	False	ineligible	below_required_observation_threshold	31	0
1313385	Pomacentrus andamanensis	Pomacentrus	Pomacentridae	Pomacentridae	Eyespot Damselfish	0	18	False	False	False	ineligible	below_required_observation_threshold	6	0
458019	Pomacentrus aquilus	Pomacentrus	Pomacentridae	Pomacentridae	Dark Damsel	0	4	False	False	False	ineligible	below_required_observation_threshold	1	0
619667	Pomacentrus arabicus	Pomacentrus	Pomacentridae	Pomacentridae	Arabian damsel	0	4	False	False	False	ineligible	below_required_observation_threshold	1	0
424708	Pomacentrus aurifrons	Pomacentrus	Pomacentridae	Pomacentridae	Goldhead Damselfish	0	3	False	False	False	ineligible	below_required_observation_threshold	1	0
143044	Pomacentrus auriventris	Pomacentrus	Pomacentridae	Pomacentridae	Goldbelly Damsel	0	45	False	False	False	ineligible	below_required_observation_threshold	16	0
508476	Pomacentrus australis	Pomacentrus	Pomacentridae	Pomacentridae	Australian Damsel	0	2	False	False	False	ineligible	below_required_observation_threshold	1	0
619670	Pomacentrus azuremaculatus	Pomacentrus	Pomacentridae	Pomacentridae	Bluespotted Damselfish	0	1	False	False	False	ineligible	below_required_observation_threshold	0	0
619671	Pomacentrus baenschi	Pomacentrus	Pomacentridae	Pomacentridae	Baensch's Damsel	0	6	False	False	False	ineligible	below_required_observation_threshold	2	0
181026	Pomacentrus bankanensis	Pomacentrus	Pomacentridae	Pomacentridae	Speckled Damsel	0	89	False	False	False	ineligible	below_required_observation_threshold	31	0
619672	Pomacentrus bintanensis	Pomacentrus	Pomacentridae	Pomacentridae	Bintan damselfish	0	1	False	False	False	ineligible	below_required_observation_threshold	0	0
619673	Pomacentrus bipunctatus	Pomacentrus	Pomacentridae	Pomacentridae	Pacific Cocoa Damselfish	0	7	False	False	False	ineligible	below_required_observation_threshold	2	0
334964	Pomacentrus brachialis	Pomacentrus	Pomacentridae	Pomacentridae	Charcoal Damsel	0	12	False	False	False	ineligible	below_required_observation_threshold	4	0
346141	Pomacentrus burroughi	Pomacentrus	Pomacentridae	Pomacentridae	Burrough's Damselfish	0	1	False	False	False	ineligible	below_required_observation_threshold	0	0
341863	Pomacentrus caeruleus	Pomacentrus	Pomacentridae	Pomacentridae	Caerulean Damsel	0	39	False	False	False	ineligible	below_required_observation_threshold	13	0
110023	Pomacentrus callainus	Pomacentrus	Pomacentridae	Pomacentridae	Blue-green Damsel	0	81	False	False	False	ineligible	below_required_observation_threshold	28	0
447759	Pomacentrus chrysurus	Pomacentrus	Pomacentridae	Pomacentridae	Whitetail Damsel	0	89	False	False	False	ineligible	below_required_observation_threshold	31	0
319354	Pomacentrus cuneatus	Pomacentrus	Pomacentridae	Pomacentridae	Wedgespot Damsel	0	12	False	False	False	ineligible	below_required_observation_threshold	4	0
1015406	Pomacentrus flavioculus	Pomacentrus	Pomacentridae	Pomacentridae	Yelloweye Damselfish	0	65	False	False	False	ineligible	below_required_observation_threshold	22	0
318933	Pomacentrus grammorhynchus	Pomacentrus	Pomacentridae	Pomacentridae	Bluespot damsel	0	6	False	False	False	ineligible	below_required_observation_threshold	2	0
448412	Pomacentrus imitator	Pomacentrus	Pomacentridae	Pomacentridae	Imitator Damsel	0	1	False	False	False	ineligible	below_required_observation_threshold	0	0
447758	Pomacentrus indicus	Pomacentrus	Pomacentridae	Pomacentridae	Indian Damsel	0	34	False	False	False	ineligible	below_required_observation_threshold	12	0
311360	Pomacentrus lepidogenys	Pomacentrus	Pomacentridae	Pomacentridae	Scaly Damsel	0	29	False	False	False	ineligible	below_required_observation_threshold	10	0
429982	Pomacentrus leptus	Pomacentrus	Pomacentridae	Pomacentridae	Slender Damsel	0	10	False	False	False	ineligible	below_required_observation_threshold	3	0
495189	Pomacentrus maafu	Pomacentrus	Pomacentridae	Pomacentridae	Coral Damselfish	0	73	False	False	False	ineligible	below_required_observation_threshold	25	0
537726	Pomacentrus magniseptus	Pomacentrus	Pomacentridae	Pomacentridae	Blackfin damselfish	0	2	False	False	False	ineligible	below_required_observation_threshold	1	0
568871	Pomacentrus micronesicus	Pomacentrus	Pomacentridae	Pomacentridae	Micronesian Damselfish	0	9	False	False	False	ineligible	below_required_observation_threshold	3	0
491542	Pomacentrus microspilus	Pomacentrus	Pomacentridae	Pomacentridae	Fiji Damselfish	0	28	False	False	False	ineligible	below_required_observation_threshold	10	0
110024	Pomacentrus milleri	Pomacentrus	Pomacentridae	Pomacentridae	Miller's Damsel	0	7	False	False	False	ineligible	below_required_observation_threshold	2	0
358838	Pomacentrus nagasakiensis	Pomacentrus	Pomacentridae	Pomacentridae	Blue-scribbled Damsel	0	17	False	False	False	ineligible	below_required_observation_threshold	6	0
786393	Pomacentrus nigriradiatus	Pomacentrus	Pomacentridae	Pomacentridae	Blackray Damselfish	0	26	False	False	False	ineligible	below_required_observation_threshold	9	0
332372	Pomacentrus nigromanus	Pomacentrus	Pomacentridae	Pomacentridae	Goldback Damsel	0	15	False	False	False	ineligible	below_required_observation_threshold	5	0
181027	Pomacentrus nigromarginatus	Pomacentrus	Pomacentridae	Pomacentridae	Blackmargin Damsel	0	48	False	False	False	ineligible	below_required_observation_threshold	17	0
1376769	Pomacentrus novaeguineae	Pomacentrus	Pomacentridae	Pomacentridae	New Guinea Damselfish	0	1	False	False	False	ineligible	below_required_observation_threshold	0	0
119717	Pomacentrus pavo	Pomacentrus	Pomacentridae	Pomacentridae	Peacock Damsel	0	187	False	False	False	ineligible	below_required_observation_threshold	65	0
424314	Pomacentrus philippinus	Pomacentrus	Pomacentridae	Pomacentridae	Philippine Damsel	0	8	False	False	False	ineligible	below_required_observation_threshold	3	0
619683	Pomacentrus polyspinus	Pomacentrus	Pomacentridae	Pomacentridae	Thai damsel	0	6	False	False	False	ineligible	below_required_observation_threshold	2	0
619684	Pomacentrus proteus	Pomacentrus	Pomacentridae	Pomacentridae	Colombo Damsel	0	1	False	False	False	ineligible	below_required_observation_threshold	0	0
181025	Pomacentrus reidi	Pomacentrus	Pomacentridae	Pomacentridae	Grey Damsel	0	16	False	False	False	ineligible	below_required_observation_threshold	6	0
325673	Pomacentrus similis	Pomacentrus	Pomacentridae	Pomacentridae	Similar Damsel	0	4	False	False	False	ineligible	below_required_observation_threshold	1	0
181029	Pomacentrus simsiang	Pomacentrus	Pomacentridae	Pomacentridae	Blueback Damselfish	0	37	False	False	False	ineligible	below_required_observation_threshold	13	0
495525	Pomacentrus spilotoceps	Pomacentrus	Pomacentridae	Pomacentridae	Spotted-cheek Damselfish	0	52	False	False	False	ineligible	below_required_observation_threshold	18	0
619687	Pomacentrus stigma	Pomacentrus	Pomacentridae	Pomacentridae	Blackspot Damsel	0	18	False	False	False	ineligible	below_required_observation_threshold	6	0
119310	Pomacentrus sulfureus	Pomacentrus	Pomacentridae	Pomacentridae	Sulfur Damsel	0	172	False	False	False	ineligible	below_required_observation_threshold	60	0
354587	Pomacentrus trichrourus	Pomacentrus	Pomacentridae	Pomacentridae	Paletail Damsel	0	31	False	False	False	ineligible	below_required_observation_threshold	11	0
458011	Pomacentrus trilineatus	Pomacentrus	Pomacentridae	Pomacentridae	Threeline Damsel	0	4	False	False	False	ineligible	below_required_observation_threshold	1	0
55185	Pomacentrus tripunctatus	Pomacentrus	Pomacentridae	Pomacentridae	Threespot Damsel	0	27	False	False	False	ineligible	below_required_observation_threshold	9	0
1416250	Pomacentrus umbratilus	Pomacentrus	Pomacentridae	Pomacentridae	Shade damselfish	0	7	False	False	False	ineligible	below_required_observation_threshold	2	0
135270	Pomacentrus vaiuli	Pomacentrus	Pomacentridae	Pomacentridae	Princess Damsel	0	162	False	False	False	ineligible	below_required_observation_threshold	56	0
110026	Pomacentrus wardi	Pomacentrus	Pomacentridae	Pomacentridae	Ward's Damsel	0	9	False	False	False	ineligible	below_required_observation_threshold	3	0
1376771	Pomacentrus xanthocercus	Pomacentrus	Pomacentridae	Pomacentridae	Atoll Demoiselle	0	4	False	False	False	ineligible	below_required_observation_threshold	1	0
619689	Pomacentrus xanthosternus	Pomacentrus	Pomacentridae	Pomacentridae	Yellowbreasted Damselfish	0	1	False	False	False	ineligible	below_required_observation_threshold	0	0
619690	Pomacentrus yoshii	Pomacentrus	Pomacentridae	Pomacentridae	Golden Demoiselle	0	7	False	False	False	ineligible	below_required_observation_threshold	2	0
619691	Pomachromis exilis	Pomachromis	Pomacentridae	Pomacentridae	Slender reef-damsel	0	2	False	False	False	ineligible	below_required_observation_threshold	1	0
619692	Pomachromis fuscidorsalis	Pomachromis	Pomacentridae	Pomacentridae	Tahitian Reef-damsel	0	2	False	False	False	ineligible	below_required_observation_threshold	1	0
334965	Pomachromis richardsoni	Pomachromis	Pomacentridae	Pomacentridae	Richardson's Damsel	0	1	False	False	False	ineligible	below_required_observation_threshold	0	0
458021	Pristotis cyanostigma	Pristotis	Pomacentridae	Pomacentridae	Bluedotted Damsel	0	2	False	False	False	ineligible	below_required_observation_threshold	1	0
1315113	Pycnochromis abruptus	Pycnochromis	Pomacentridae	Pomacentridae	Marquesan white-tail chromis	0	1	False	False	False	ineligible	below_required_observation_threshold	0	0
1316559	Pycnochromis acares	Pycnochromis	Pomacentridae	Pomacentridae	Midget Chromis	0	11	False	False	False	ineligible	below_required_observation_threshold	4	0
1316764	Pycnochromis agilis	Pycnochromis	Pomacentridae	Pomacentridae	Reef Puller	0	5	False	False	False	ineligible	below_required_observation_threshold	2	0
1315945	Pycnochromis amboinensis	Pycnochromis	Pomacentridae	Pomacentridae	Ambon Puller	0	60	False	False	False	ineligible	below_required_observation_threshold	21	0
1316763	Pycnochromis atripes	Pycnochromis	Pomacentridae	Pomacentridae	Dark-fin Chromis	0	47	False	False	False	ineligible	below_required_observation_threshold	16	0
1315395	Pycnochromis caudalis	Pycnochromis	Pomacentridae	Pomacentridae	Blue-axil Chromis	0	9	False	False	False	ineligible	below_required_observation_threshold	3	0
1315394	Pycnochromis delta	Pycnochromis	Pomacentridae	Pomacentridae	Deep Reef Chromis	0	5	False	False	False	ineligible	below_required_observation_threshold	2	0
1316762	Pycnochromis dimidiatus	Pycnochromis	Pomacentridae	Pomacentridae	Red Sea Half-and-half Chromis	0	87	False	False	False	ineligible	below_required_observation_threshold	30	0
1314828	Pycnochromis fieldi	Pycnochromis	Pomacentridae	Pomacentridae	Indian Half-and-half Chromis	0	57	False	False	False	ineligible	below_required_observation_threshold	20	0
1316129	Pycnochromis flavipectoralis	Pycnochromis	Pomacentridae	Pomacentridae	Malayan Chromis	0	2	False	False	False	ineligible	below_required_observation_threshold	1	0
1316558	Pycnochromis hanui	Pycnochromis	Pomacentridae	Pomacentridae	Chocolate-dip Chromis	0	5	False	False	False	ineligible	below_required_observation_threshold	2	0
1316139	Pycnochromis iomelas	Pycnochromis	Pomacentridae	Pomacentridae	Pacific Half-and-half Chromis	0	32	False	False	False	ineligible	below_required_observation_threshold	11	0
1315503	Pycnochromis lineatus	Pycnochromis	Pomacentridae	Pomacentridae	Lined Puller	0	8	False	False	False	ineligible	below_required_observation_threshold	3	0
1316755	Pycnochromis margaritifer	Pycnochromis	Pomacentridae	Pomacentridae	Bicolor Chromis	0	123	False	False	False	ineligible	below_required_observation_threshold	43	0
1316754	Pycnochromis nigrurus	Pycnochromis	Pomacentridae	Pomacentridae	Blacktail Chromis	0	25	False	False	False	ineligible	below_required_observation_threshold	9	0
1316753	Pycnochromis ovatiformis	Pycnochromis	Pomacentridae	Pomacentridae	Ovate Chromis	0	4	False	False	False	ineligible	below_required_observation_threshold	1	0
1313512	Pycnochromis pacifica	Pycnochromis	Pomacentridae	Pomacentridae	Pacific Bronze Chromis	0	38	False	False	False	ineligible	below_required_observation_threshold	13	0
1316752	Pycnochromis retrofasciatus	Pycnochromis	Pomacentridae	Pomacentridae	Blackbar Chromis	0	80	False	False	False	ineligible	below_required_observation_threshold	28	0
1316596	Pycnochromis vanderbilti	Pycnochromis	Pomacentridae	Pomacentridae	Blackfin Chromis	0	55	False	False	False	ineligible	below_required_observation_threshold	19	0
347662	Similiparma hermani	Similiparma	Pomacentridae	Pomacentridae	Cape Damsel	0	4	False	False	False	ineligible	below_required_observation_threshold	1	0
1256672	Similiparma lurida	Similiparma	Pomacentridae	Pomacentridae	Canary Damsel	0	145	False	False	False	ineligible	below_required_observation_threshold	50	0
49923	Stegastes adustus	Stegastes	Pomacentridae	Pomacentridae	Dusky Damselfish	0	89	False	False	False	ineligible	below_required_observation_threshold	31	0
447830	Stegastes albifasciatus	Stegastes	Pomacentridae	Pomacentridae	Whitebar Gregory	0	21	False	False	False	ineligible	below_required_observation_threshold	7	0
57343	Stegastes arcifrons	Stegastes	Pomacentridae	Pomacentridae	Galápagos Gregory	0	142	False	False	False	ineligible	below_required_observation_threshold	49	0
113103	Stegastes beebei	Stegastes	Pomacentridae	Pomacentridae	Galápagos Ringtail Damselfish	0	100	False	False	False	ineligible	below_required_observation_threshold	35	0
128185	Stegastes diencaeus	Stegastes	Pomacentridae	Pomacentridae	Longfin Damselfish	0	213	False	False	False	ineligible	below_required_observation_threshold	74	0
113104	Stegastes flavilatus	Stegastes	Pomacentridae	Pomacentridae	Beaubrummel	0	234	False	False	False	ineligible	below_required_observation_threshold	81	0
49924	Stegastes fuscus	Stegastes	Pomacentridae	Pomacentridae	Brazilian damselfish	0	40	False	False	False	ineligible	below_required_observation_threshold	14	0
63414	Stegastes imbricatus	Stegastes	Pomacentridae	Pomacentridae	Cape Verde Gregory	0	28	False	False	False	ineligible	below_required_observation_threshold	10	0
1325088	Stegastes lacrymatus	Stegastes	Pomacentridae	Pomacentridae	Jewel Damsel	0	247	False	False	False	ineligible	below_required_observation_threshold	85	0
113106	Stegastes leucorus	Stegastes	Pomacentridae	Pomacentridae	Whitetail Major	0	12	False	False	False	ineligible	below_required_observation_threshold	4	0
180708	Stegastes leucostictus	Stegastes	Pomacentridae	Pomacentridae	Beaugregory	0	194	False	False	False	ineligible	below_required_observation_threshold	67	0
485286	Stegastes limbatus	Stegastes	Pomacentridae	Pomacentridae	Ebony Gregory	0	10	False	False	False	ineligible	below_required_observation_threshold	3	0
49922	Stegastes nigricans	Stegastes	Pomacentridae	Pomacentridae	Dusky Gregory	0	178	False	False	False	ineligible	below_required_observation_threshold	62	0
619696	Stegastes otophorus	Stegastes	Pomacentridae	Pomacentridae	Freshwater gregory	0	3	False	False	False	ineligible	below_required_observation_threshold	1	0
485011	Stegastes pelicieri	Stegastes	Pomacentridae	Pomacentridae	Mauritian Gregory	0	3	False	False	False	ineligible	below_required_observation_threshold	1	0
619697	Stegastes pictus	Stegastes	Pomacentridae	Pomacentridae	yellowtip damselfish	0	6	False	False	False	ineligible	below_required_observation_threshold	2	0
484792	Stegastes punctatus	Stegastes	Pomacentridae	Pomacentridae	Bluntsnout Gregory	0	35	False	False	False	ineligible	below_required_observation_threshold	12	0
113107	Stegastes rectifraenum	Stegastes	Pomacentridae	Pomacentridae	Cortez Damselfish	0	33	False	False	False	ineligible	below_required_observation_threshold	11	0
113108	Stegastes redemptus	Stegastes	Pomacentridae	Pomacentridae	Clarión Major	0	22	False	False	False	ineligible	below_required_observation_threshold	8	0
619698	Stegastes rocasensis	Stegastes	Pomacentridae	Pomacentridae	Rocas Gregory	0	26	False	False	False	ineligible	below_required_observation_threshold	9	0
1023724	Stegastes variabilis	Stegastes	Pomacentridae	Pomacentridae	Brazilian Cocoa Damselfish	0	26	False	False	False	ineligible	below_required_observation_threshold	9	0
619700	Stegastes xanthurus	Stegastes	Pomacentridae	Pomacentridae	Caribbean Cocoa Damselfish	0	100	False	False	False	ineligible	below_required_observation_threshold	35	0
113829	Teixeirichthys jordani	Teixeirichthys	Pomacentridae	Pomacentridae	Jordan's Damsel	0	1	False	False	False	ineligible	below_required_observation_threshold	0	0
49749	Aplodinotus grunniens	Aplodinotus	Sciaenidae	Sciaenidae	Freshwater Drum	0	392	True	False	True	broad_pretraining	global_licensed_abundance	136	100
203918	Argyrosomus japonicus	Argyrosomus	Sciaenidae	Sciaenidae	Mulloway	0	15	False	False	False	ineligible	below_required_observation_threshold	5	0
118679	Argyrosomus regius	Argyrosomus	Sciaenidae	Sciaenidae	Brown Meagre	0	7	False	False	False	ineligible	below_required_observation_threshold	2	0
94840	Atractoscion nobilis	Atractoscion	Sciaenidae	Sciaenidae	White Seabass	0	6	False	False	False	ineligible	below_required_observation_threshold	2	0
620301	Bahaba polykladiskos	Bahaba	Sciaenidae	Sciaenidae		0	1	False	False	False	ineligible	below_required_observation_threshold	0	0
179512	Bairdiella chrysoura	Bairdiella	Sciaenidae	Sciaenidae	Silver Perch	0	82	False	False	False	ineligible	below_required_observation_threshold	28	0
95056	Bairdiella icistia	Bairdiella	Sciaenidae	Sciaenidae	Ronco Croaker	0	1	False	False	False	ineligible	below_required_observation_threshold	0	0
1315732	Callaus deliciosa	Callaus	Sciaenidae	Sciaenidae	Lorna Drum	0	3	False	False	False	ineligible	below_required_observation_threshold	1	0
97321	Cheilotrema saturnum	Cheilotrema	Sciaenidae	Sciaenidae	Black Croaker	0	3	False	False	False	ineligible	below_required_observation_threshold	1	0
1316578	Chrysochir aurea	Chrysochir	Sciaenidae	Sciaenidae	Yellowfin croaker	0	3	False	False	False	ineligible	below_required_observation_threshold	1	0
97817	Cilus gilberti	Cilus	Sciaenidae	Sciaenidae	Corvina Drum	0	4	False	False	False	ineligible	below_required_observation_threshold	1	0
98522	Corvula macrops	Corvula	Sciaenidae	Sciaenidae	Vacuoqua Croaker	0	8	False	False	False	ineligible	below_required_observation_threshold	3	0
620305	Corvula sanctaeluciae	Corvula	Sciaenidae	Sciaenidae	Striped Croaker	0	3	False	False	False	ineligible	below_required_observation_threshold	1	0
49511	Cynoscion acoupa	Cynoscion	Sciaenidae	Sciaenidae	Acoupa Weakfish	0	1	False	False	False	ineligible	below_required_observation_threshold	0	0
179623	Cynoscion arenarius	Cynoscion	Sciaenidae	Sciaenidae	Sand Weakfish	0	38	False	False	False	ineligible	below_required_observation_threshold	13	0
554962	Cynoscion guatucupa	Cynoscion	Sciaenidae	Sciaenidae	Striped Weakfish	0	10	False	False	False	ineligible	below_required_observation_threshold	3	0
179620	Cynoscion nebulosus	Cynoscion	Sciaenidae	Sciaenidae	Spotted Seatrout	0	138	False	False	False	ineligible	below_required_observation_threshold	48	0
154501	Cynoscion nothus	Cynoscion	Sciaenidae	Sciaenidae	Silver Weakfish	0	1	False	False	False	ineligible	below_required_observation_threshold	0	0
98867	Cynoscion parvipinnis	Cynoscion	Sciaenidae	Sciaenidae	Shortfin Corvina	0	1	False	False	False	ineligible	below_required_observation_threshold	0	0
154500	Cynoscion regalis	Cynoscion	Sciaenidae	Sciaenidae	Weakfish	0	19	False	False	False	ineligible	below_required_observation_threshold	7	0
98870	Cynoscion reticulatus	Cynoscion	Sciaenidae	Sciaenidae	Striped Corvina	0	3	False	False	False	ineligible	below_required_observation_threshold	1	0
99758	Elattarchus archidium	Elattarchus	Sciaenidae	Sciaenidae	Bluestreak Drum	0	1	False	False	False	ineligible	below_required_observation_threshold	0	0
1316038	Eques lanceolatus	Eques	Sciaenidae	Sciaenidae	Jackknife Fish	0	10	False	False	False	ineligible	below_required_observation_threshold	3	0
1316037	Eques punctatus	Eques	Sciaenidae	Sciaenidae	Spotted Drum	0	178	False	False	False	ineligible	below_required_observation_threshold	62	0
101346	Genyonemus lineatus	Genyonemus	Sciaenidae	Sciaenidae	White Croaker	0	5	False	False	False	ineligible	below_required_observation_threshold	2	0
530765	Johnius australis	Johnius	Sciaenidae	Sciaenidae	Bottlenose Croaker	0	1	False	False	False	ineligible	below_required_observation_threshold	0	0
530767	Johnius borneensis	Johnius	Sciaenidae	Sciaenidae	Sharp-toothed Hammer Croaker	0	1	False	False	False	ineligible	below_required_observation_threshold	0	0
528545	Larimichthys crocea	Larimichthys	Sciaenidae	Sciaenidae	Large Yellow Croaker	0	4	False	False	False	ineligible	below_required_observation_threshold	1	0
202020	Larimichthys polyactis	Larimichthys	Sciaenidae	Sciaenidae	small yellow croaker	0	1	False	False	False	ineligible	below_required_observation_threshold	0	0
104080	Larimus acclivis	Larimus	Sciaenidae	Sciaenidae	Steeplined Drum	0	2	False	False	False	ineligible	below_required_observation_threshold	1	0
49165	Larimus breviceps	Larimus	Sciaenidae	Sciaenidae	Shorthead Drum	0	5	False	False	False	ineligible	below_required_observation_threshold	2	0
179564	Larimus fasciatus	Larimus	Sciaenidae	Sciaenidae	Banded Drum	0	9	False	False	False	ineligible	below_required_observation_threshold	3	0
179563	Leiostomus xanthurus	Leiostomus	Sciaenidae	Sciaenidae	Spot Croaker	0	139	False	False	False	ineligible	below_required_observation_threshold	48	0
620343	Macrodon ancylodon	Macrodon	Sciaenidae	Sciaenidae	King Weakfish	0	2	False	False	False	ineligible	below_required_observation_threshold	1	0
620344	Macrodon atricauda	Macrodon	Sciaenidae	Sciaenidae		0	1	False	False	False	ineligible	below_required_observation_threshold	0	0
179545	Menticirrhus americanus	Menticirrhus	Sciaenidae	Sciaenidae	Southern Kingfish	0	62	False	False	False	ineligible	below_required_observation_threshold	21	0
1313519	Menticirrhus cuiaranensis	Menticirrhus	Sciaenidae	Sciaenidae	Cuiara Kingcroaker	0	1	False	False	False	ineligible	below_required_observation_threshold	0	0
105574	Menticirrhus elongatus	Menticirrhus	Sciaenidae	Sciaenidae	Pacific Kingcroaker	0	2	False	False	False	ineligible	below_required_observation_threshold	1	0
179544	Menticirrhus littoralis	Menticirrhus	Sciaenidae	Sciaenidae	Gulf Kingcroaker	0	47	False	False	False	ineligible	below_required_observation_threshold	16	0
1316015	Menticirrhus martinicensis	Menticirrhus	Sciaenidae	Sciaenidae		0	3	False	False	False	ineligible	below_required_observation_threshold	1	0
105576	Menticirrhus ophicephalus	Menticirrhus	Sciaenidae	Sciaenidae	Snakehead Kingcroaker	0	2	False	False	False	ineligible	below_required_observation_threshold	1	0
105578	Menticirrhus panamensis	Menticirrhus	Sciaenidae	Sciaenidae	Panama Kingcroaker	0	1	False	False	False	ineligible	below_required_observation_threshold	0	0
179547	Menticirrhus saxatilis	Menticirrhus	Sciaenidae	Sciaenidae	Northern Kingfish	0	28	False	False	False	ineligible	below_required_observation_threshold	10	0
105579	Menticirrhus undulatus	Menticirrhus	Sciaenidae	Sciaenidae	California Corbina	0	12	False	False	False	ineligible	below_required_observation_threshold	4	0
105814	Micropogonias altipinnis	Micropogonias	Sciaenidae	Sciaenidae	Tallfin Croaker	0	2	False	False	False	ineligible	below_required_observation_threshold	1	0
317477	Micropogonias furnieri	Micropogonias	Sciaenidae	Sciaenidae	Whitemouth Croaker	0	46	False	False	False	ineligible	below_required_observation_threshold	16	0
146600	Micropogonias undulatus	Micropogonias	Sciaenidae	Sciaenidae	Atlantic Croaker	0	140	False	False	False	ineligible	below_required_observation_threshold	48	0
620352	Nibea maculata	Nibea	Sciaenidae	Sciaenidae	Blotched Croaker	0	1	False	False	False	ineligible	below_required_observation_threshold	0	0
368801	Nibea soldado	Nibea	Sciaenidae	Sciaenidae	Soldier Croaker	0	1	False	False	False	ineligible	below_required_observation_threshold	0	0
317251	Odontoscion dentex	Odontoscion	Sciaenidae	Sciaenidae	Reef Croaker	0	15	False	False	False	ineligible	below_required_observation_threshold	5	0
107364	Odontoscion eurymesops	Odontoscion	Sciaenidae	Sciaenidae	Galápagos Croaker	0	1	False	False	False	ineligible	below_required_observation_threshold	0	0
107365	Odontoscion xanthops	Odontoscion	Sciaenidae	Sciaenidae	Yelloweye Croaker	0	1	False	False	False	ineligible	below_required_observation_threshold	0	0
530771	Otolithes ruber	Otolithes	Sciaenidae	Sciaenidae	Tigertooth Croaker	0	12	False	False	False	ineligible	below_required_observation_threshold	4	0
620366	Pachyurus bonariensis	Pachyurus	Sciaenidae	Sciaenidae	La Plata Croaker	0	9	False	False	False	ineligible	below_required_observation_threshold	3	0
1316040	Panna perarmata	Panna	Sciaenidae	Sciaenidae		0	1	False	False	False	ineligible	below_required_observation_threshold	0	0
579722	Paralonchurus brasiliensis	Paralonchurus	Sciaenidae	Sciaenidae	Banded Croaker	0	1	False	False	False	ineligible	below_required_observation_threshold	0	0
52293	Pareques acuminatus	Pareques	Sciaenidae	Sciaenidae	Highhat	0	101	False	False	False	ineligible	below_required_observation_threshold	35	0
108757	Pareques fuscovittatus	Pareques	Sciaenidae	Sciaenidae	Festive Drum	0	29	False	False	False	ineligible	below_required_observation_threshold	10	0
1439797	Pareques lineatus	Pareques	Sciaenidae	Sciaenidae	Southern high-hat	0	8	False	False	False	ineligible	below_required_observation_threshold	3	0
1556598	Pennahia macrocephala	Pennahia	Sciaenidae	Sciaenidae	Big-head Pennah Croaker	0	1	False	False	False	ineligible	below_required_observation_threshold	0	0
361335	Plagioscion squamosissimus	Plagioscion	Sciaenidae	Sciaenidae	South American Silver Croaker	0	4	False	False	False	ineligible	below_required_observation_threshold	1	0
620387	Plagioscion ternetzi	Plagioscion	Sciaenidae	Sciaenidae	Freshwater Croaker	0	6	False	False	False	ineligible	below_required_observation_threshold	2	0
1130884	Pogonias courbina	Pogonias	Sciaenidae	Sciaenidae	Southern Black Drum	0	5	False	False	False	ineligible	below_required_observation_threshold	2	0
57814	Pogonias cromis	Pogonias	Sciaenidae	Sciaenidae	Black Drum	0	112	False	False	False	ineligible	below_required_observation_threshold	39	0
465777	Protonibea diacanthus	Protonibea	Sciaenidae	Sciaenidae	Black-spotted Croaker	0	3	False	False	False	ineligible	below_required_observation_threshold	1	0
620390	Pseudotolithus elongatus	Pseudotolithus	Sciaenidae	Sciaenidae	Bobo Croaker	0	2	False	False	False	ineligible	below_required_observation_threshold	1	0
491025	Pseudotolithus senegalensis	Pseudotolithus	Sciaenidae	Sciaenidae	Cassava Croaker	0	1	False	False	False	ineligible	below_required_observation_threshold	0	0
491024	Pseudotolithus senegallus	Pseudotolithus	Sciaenidae	Sciaenidae	Law Croaker	0	1	False	False	False	ineligible	below_required_observation_threshold	0	0
620393	Pseudotolithus typus	Pseudotolithus	Sciaenidae	Sciaenidae	Longneck Croaker	0	1	False	False	False	ineligible	below_required_observation_threshold	0	0
111213	Pterotolithus maculatus	Pterotolithus	Sciaenidae	Sciaenidae	Blotched Tigertooth Croaker	0	1	False	False	False	ineligible	below_required_observation_threshold	0	0
111868	Roncador stearnsii	Roncador	Sciaenidae	Sciaenidae	Spotfin Croaker	0	4	False	False	False	ineligible	below_required_observation_threshold	1	0
118683	Sciaena umbra	Sciaena	Sciaenidae	Sciaenidae	Brown Meagre	0	53	False	False	False	ineligible	below_required_observation_threshold	18	0
128750	Sciaenops ocellatus	Sciaenops	Sciaenidae	Sciaenidae	Red Drum	0	174	False	False	False	ineligible	below_required_observation_threshold	60	0
112485	Seriphus politus	Seriphus	Sciaenidae	Sciaenidae	Queenfish	0	1	False	False	False	ineligible	below_required_observation_threshold	0	0
620397	Stellifer brasiliensis	Stellifer	Sciaenidae	Sciaenidae	Brazilian Stardrum	0	1	False	False	False	ineligible	below_required_observation_threshold	0	0
179456	Stellifer lanceolatus	Stellifer	Sciaenidae	Sciaenidae	American Stardrum	0	2	False	False	False	ineligible	below_required_observation_threshold	1	0
114259	Totoaba macdonaldi	Totoaba	Sciaenidae	Sciaenidae	Totoaba	0	4	False	False	False	ineligible	below_required_observation_threshold	1	0
114749	Umbrina analis	Umbrina	Sciaenidae	Sciaenidae	Longspine Drum	0	1	False	False	False	ineligible	below_required_observation_threshold	0	0
114750	Umbrina broussonnetii	Umbrina	Sciaenidae	Sciaenidae	Striped drum	0	1	False	False	False	ineligible	below_required_observation_threshold	0	0
120647	Umbrina canariensis	Umbrina	Sciaenidae	Sciaenidae	Canary Drum	0	8	False	False	False	ineligible	below_required_observation_threshold	3	0
620407	Umbrina canosai	Umbrina	Sciaenidae	Sciaenidae	Argentine Croaker	0	2	False	False	False	ineligible	below_required_observation_threshold	1	0
118680	Umbrina cirrosa	Umbrina	Sciaenidae	Sciaenidae	Common Drum	0	9	False	False	False	ineligible	below_required_observation_threshold	3	0
179448	Umbrina coroides	Umbrina	Sciaenidae	Sciaenidae	Sand Drum	0	10	False	False	False	ineligible	below_required_observation_threshold	3	0
114752	Umbrina dorsalis	Umbrina	Sciaenidae	Sciaenidae	Longfin Drum	0	2	False	False	False	ineligible	below_required_observation_threshold	1	0
1316006	Umbrina robinsoni	Umbrina	Sciaenidae	Sciaenidae	Slender Baardman	0	3	False	False	False	ineligible	below_required_observation_threshold	1	0
114756	Umbrina roncador	Umbrina	Sciaenidae	Sciaenidae	Yellowfin Croaker	0	5	False	False	False	ineligible	below_required_observation_threshold	2	0
321550	Umbrina ronchus	Umbrina	Sciaenidae	Sciaenidae	Fusca Drum	0	3	False	False	False	ineligible	below_required_observation_threshold	1	0
114758	Umbrina xanti	Umbrina	Sciaenidae	Sciaenidae	Surf Croaker	0	2	False	False	False	ineligible	below_required_observation_threshold	1	0
120615	Euthynnus affinis	Euthynnus	Scombridae	Scombridae	Mackerel Tuna	0	28	False	True	False	rare_target_holdout	requested_target_below_abundance_thresholds	10	0
132369	Scomberomorus commerson	Scomberomorus	Scombridae	Scombridae	Narrow-banded Spanish Mackerel	0	27	False	True	False	rare_target_holdout	requested_target_below_abundance_thresholds	9	0
47257	Acanthocybium solandri	Acanthocybium	Scombridae	Scombridae	Wahoo	0	41	False	False	False	ineligible	below_required_observation_threshold	14	0
187047	Allothunnus fallai	Allothunnus	Scombridae	Scombridae	Slender Tuna	0	3	False	False	False	ineligible	below_required_observation_threshold	1	0
1545556	Auxis eudorax	Auxis	Scombridae	Scombridae		0	1	False	False	False	ineligible	below_required_observation_threshold	0	0
118677	Auxis rochei	Auxis	Scombridae	Scombridae	Bullet Tuna	0	12	False	False	False	ineligible	below_required_observation_threshold	4	0
177104	Auxis thazard	Auxis	Scombridae	Scombridae	Frigate Tuna	0	2	False	False	False	ineligible	below_required_observation_threshold	1	0
120614	Euthynnus alletteratus	Euthynnus	Scombridae	Scombridae	Little Tunny	0	40	False	False	False	ineligible	below_required_observation_threshold	14	0
182487	Euthynnus lineatus	Euthynnus	Scombridae	Scombridae	Black Skipjack	0	18	False	False	False	ineligible	below_required_observation_threshold	6	0
187457	Grammatorcynus bicarinatus	Grammatorcynus	Scombridae	Scombridae	Shark Mackerel	0	6	False	False	False	ineligible	below_required_observation_threshold	2	0
187458	Grammatorcynus bilineatus	Grammatorcynus	Scombridae	Scombridae	Double-lined Mackerel	0	16	False	False	False	ineligible	below_required_observation_threshold	6	0
182584	Gymnosarda unicolor	Gymnosarda	Scombridae	Scombridae	Dogtooth Tuna	0	39	False	False	False	ineligible	below_required_observation_threshold	13	0
56943	Katsuwonus pelamis	Katsuwonus	Scombridae	Scombridae	Skipjack Tuna	0	26	False	False	False	ineligible	below_required_observation_threshold	9	0
188208	Rastrelliger brachysoma	Rastrelliger	Scombridae	Scombridae	Short Mackerel	0	1	False	False	False	ineligible	below_required_observation_threshold	0	0
1613166	Rastrelliger chrysozonus	Rastrelliger	Scombridae	Scombridae	Golden-striped Mackerel	0	31	False	False	False	ineligible	below_required_observation_threshold	11	0
155184	Rastrelliger faughni	Rastrelliger	Scombridae	Scombridae	Island Mackerel	0	2	False	False	False	ineligible	below_required_observation_threshold	1	0
133530	Rastrelliger kanagurta	Rastrelliger	Scombridae	Scombridae	Longjaw Mackerel	0	50	False	False	False	ineligible	below_required_observation_threshold	17	0
188251	Sarda australis	Sarda	Scombridae	Scombridae	Australian Bonito	0	2	False	False	False	ineligible	below_required_observation_threshold	1	0
188252	Sarda chiliensis	Sarda	Scombridae	Scombridae	Eastern Pacific Bonito	0	6	False	False	False	ineligible	below_required_observation_threshold	2	0
177154	Sarda orientalis	Sarda	Scombridae	Scombridae	Oriental Bonito	0	7	False	False	False	ineligible	below_required_observation_threshold	2	0
56940	Sarda sarda	Sarda	Scombridae	Scombridae	Atlantic Bonito	0	34	False	False	False	ineligible	below_required_observation_threshold	12	0
155183	Scomber australasicus	Scomber	Scombridae	Scombridae	Blue Mackerel	0	19	False	False	False	ineligible	below_required_observation_threshold	7	0
69841	Scomber colias	Scomber	Scombridae	Scombridae	Atlantic Chub Mackerel	0	23	False	False	False	ineligible	below_required_observation_threshold	8	0
69840	Scomber japonicus	Scomber	Scombridae	Scombridae	Pacific Chub Mackerel	0	23	False	False	False	ineligible	below_required_observation_threshold	8	0
118678	Scomber scombrus	Scomber	Scombridae	Scombridae	Atlantic Mackerel	0	97	False	False	False	ineligible	below_required_observation_threshold	34	0
188361	Scomberomorus brasiliensis	Scomberomorus	Scombridae	Scombridae	Serra Spanish Mackerel	0	6	False	False	False	ineligible	below_required_observation_threshold	2	0
154499	Scomberomorus cavalla	Scomberomorus	Scombridae	Scombridae	King Mackerel	0	11	False	False	False	ineligible	below_required_observation_threshold	4	0
188362	Scomberomorus guttatus	Scomberomorus	Scombridae	Scombridae	Indo-Pacific King Mackerel	0	2	False	False	False	ineligible	below_required_observation_threshold	1	0
188363	Scomberomorus koreanus	Scomberomorus	Scombridae	Scombridae	Korean Seerfish	0	3	False	False	False	ineligible	below_required_observation_threshold	1	0
1545673	Scomberomorus leopardus	Scomberomorus	Scombridae	Scombridae	Leopard Kingfish	0	1	False	False	False	ineligible	below_required_observation_threshold	0	0
179471	Scomberomorus maculatus	Scomberomorus	Scombridae	Scombridae	Atlantic Spanish Mackerel	0	47	False	False	False	ineligible	below_required_observation_threshold	16	0
188367	Scomberomorus niphonius	Scomberomorus	Scombridae	Scombridae	Japanese Spanish Mackerel	0	4	False	False	False	ineligible	below_required_observation_threshold	1	0
49617	Scomberomorus regalis	Scomberomorus	Scombridae	Scombridae	Cero	0	44	False	False	False	ineligible	below_required_observation_threshold	15	0
188370	Scomberomorus sierra	Scomberomorus	Scombridae	Scombridae	Sierra Mackerel	0	20	False	False	False	ineligible	below_required_observation_threshold	7	0
114122	Thunnus alalunga	Thunnus	Scombridae	Scombridae	Albacore	0	8	False	False	False	ineligible	below_required_observation_threshold	3	0
69675	Thunnus albacares	Thunnus	Scombridae	Scombridae	Yellowfin Tuna	0	48	False	False	False	ineligible	below_required_observation_threshold	17	0
114123	Thunnus atlanticus	Thunnus	Scombridae	Scombridae	Blackfin Tuna	0	7	False	False	False	ineligible	below_required_observation_threshold	2	0
114125	Thunnus obesus	Thunnus	Scombridae	Scombridae	Bigeye Tuna	0	5	False	False	False	ineligible	below_required_observation_threshold	2	0
188560	Thunnus orientalis	Thunnus	Scombridae	Scombridae	Pacific Bluefin Tuna	0	5	False	False	False	ineligible	below_required_observation_threshold	2	0
114126	Thunnus thynnus	Thunnus	Scombridae	Scombridae	Atlantic Bluefin Tuna	0	26	False	False	False	ineligible	below_required_observation_threshold	9	0
188561	Thunnus tonggol	Thunnus	Scombridae	Scombridae	Longtail Tuna	0	4	False	False	False	ineligible	below_required_observation_threshold	1	0
123459	Pterois miles	Pterois	Scorpaenidae	Scorpaenidae	Indian Lionfish	0	382	True	False	True	broad_pretraining	global_licensed_abundance	132	100
47280	Pterois volitans	Pterois	Scorpaenidae	Scorpaenidae	Common Lionfish	0	664	True	False	True	broad_pretraining	global_licensed_abundance	230	200
450363	Caracanthus maculatus	Caracanthus	Scorpaenidae	Scorpaenidae	Spotted Croucher	0	3	False	False	False	ineligible	below_required_observation_threshold	1	0
450364	Caracanthus madagascariensis	Caracanthus	Scorpaenidae	Scorpaenidae	Spotted Croucher	0	1	False	False	False	ineligible	below_required_observation_threshold	0	0
620431	Caracanthus typicus	Caracanthus	Scorpaenidae	Scorpaenidae	Hawaiian Coral Croucher	0	2	False	False	False	ineligible	below_required_observation_threshold	1	0
515879	Caracanthus unipinna	Caracanthus	Scorpaenidae	Scorpaenidae	Coral Croucher	0	3	False	False	False	ineligible	below_required_observation_threshold	1	0
119389	Dendrochirus zebra	Dendrochirus	Scorpaenidae	Scorpaenidae	Zebra Lionfish	0	188	False	False	False	ineligible	below_required_observation_threshold	65	0
118629	Helicolenus dactylopterus	Helicolenus	Scorpaenidae	Scorpaenidae	Blackbelly Rosefish	0	8	False	False	False	ineligible	below_required_observation_threshold	3	0
461135	Helicolenus hilgendorfii	Helicolenus	Scorpaenidae	Scorpaenidae	Hilgendorf's Saucord	0	1	False	False	False	ineligible	below_required_observation_threshold	0	0
451719	Helicolenus percoides	Helicolenus	Scorpaenidae	Scorpaenidae	Sea Perch	0	15	False	False	False	ineligible	below_required_observation_threshold	5	0
121457	Iracundus signifer	Iracundus	Scorpaenidae	Scorpaenidae	Decoy Scorpionfish	0	6	False	False	False	ineligible	below_required_observation_threshold	2	0
1571762	Nemapterois biocellatus	Nemapterois	Scorpaenidae	Scorpaenidae	Twinspot Lionfish	0	10	False	False	False	ineligible	below_required_observation_threshold	3	0
1571750	Neochirus barberi	Neochirus	Scorpaenidae	Scorpaenidae	Green Lionfish	0	16	False	False	False	ineligible	below_required_observation_threshold	6	0
1571748	Neochirus brachyptera	Neochirus	Scorpaenidae	Scorpaenidae	Dwarf Lionfish	0	69	False	False	False	ineligible	below_required_observation_threshold	24	0
1571758	Neochirus hemprichi	Neochirus	Scorpaenidae	Scorpaenidae	Red Sea Dwarf Lionfish	0	14	False	False	False	ineligible	below_required_observation_threshold	5	0
106809	Neomerinthe hemingwayi	Neomerinthe	Scorpaenidae	Scorpaenidae	Hemingway's Spinycheek Scorpionfish	0	1	False	False	False	ineligible	below_required_observation_threshold	0	0
348628	Parapterois heterura	Parapterois	Scorpaenidae	Scorpaenidae	Gurnard Lionfish	0	2	False	False	False	ineligible	below_required_observation_threshold	1	0
530782	Parascorpaena aurita	Parascorpaena	Scorpaenidae	Scorpaenidae	Golden Scorpionfish	0	2	False	False	False	ineligible	below_required_observation_threshold	1	0
471233	Parascorpaena mossambica	Parascorpaena	Scorpaenidae	Scorpaenidae	Mozambique Scorpionfish	0	5	False	False	False	ineligible	below_required_observation_threshold	2	0
196770	Parascorpaena picta	Parascorpaena	Scorpaenidae	Scorpaenidae	Painted scorpionfish	0	2	False	False	False	ineligible	below_required_observation_threshold	1	0
110057	Pontinus clemensi	Pontinus	Scorpaenidae	Scorpaenidae	Mottled Scorpionfish	0	2	False	False	False	ineligible	below_required_observation_threshold	1	0
110058	Pontinus furcirhinus	Pontinus	Scorpaenidae	Scorpaenidae	Baja California Scorpionfish	0	1	False	False	False	ineligible	below_required_observation_threshold	0	0
560963	Pontinus kuhlii	Pontinus	Scorpaenidae	Scorpaenidae	Offshore Scorpionfish	0	1	False	False	False	ineligible	below_required_observation_threshold	0	0
179493	Pontinus longispinis	Pontinus	Scorpaenidae	Scorpaenidae	Longspine Scorpionfish	0	1	False	False	False	ineligible	below_required_observation_threshold	0	0
620456	Pontinus rathbuni	Pontinus	Scorpaenidae	Scorpaenidae	Highfin Scorpionfish	0	1	False	False	False	ineligible	below_required_observation_threshold	0	0
318018	Pteroidichthys amboinensis	Pteroidichthys	Scorpaenidae	Scorpaenidae	Ambon Scorpionfish	0	19	False	False	False	ineligible	below_required_observation_threshold	7	0
47281	Pterois russelii	Pterois	Scorpaenidae	Scorpaenidae	Plaintail Lionfish	0	11	False	False	False	ineligible	below_required_observation_threshold	4	0
1571801	Pteropterus antennatus	Pteropterus	Scorpaenidae	Scorpaenidae	Spotfin Lionfish	0	238	False	False	False	ineligible	below_required_observation_threshold	82	0
1571799	Pteropterus cinctus	Pteropterus	Scorpaenidae	Scorpaenidae	Red Sea Clearfin Lionfish	0	78	False	False	False	ineligible	below_required_observation_threshold	27	0
1571793	Pteropterus mombasae	Pteropterus	Scorpaenidae	Scorpaenidae	African Lionfish	0	10	False	False	False	ineligible	below_required_observation_threshold	3	0
1571789	Pteropterus paucispinula	Pteropterus	Scorpaenidae	Scorpaenidae	Eastern Mombasa Lionfish	0	2	False	False	False	ineligible	below_required_observation_threshold	1	0
121659	Pteropterus radiatus	Pteropterus	Scorpaenidae	Scorpaenidae	Clearfin Lionfish	0	37	False	False	False	ineligible	below_required_observation_threshold	13	0
1571782	Pteropterus sphex	Pteropterus	Scorpaenidae	Scorpaenidae	Hawaiian Lionfish	0	4	False	False	False	ineligible	below_required_observation_threshold	1	0
196722	Rhinopias aphanes	Rhinopias	Scorpaenidae	Scorpaenidae	Lacey Scorpionfish	0	3	False	False	False	ineligible	below_required_observation_threshold	1	0
523135	Rhinopias eschmeyeri	Rhinopias	Scorpaenidae	Scorpaenidae	Paddle-flap Scorpionfish	0	14	False	False	False	ineligible	below_required_observation_threshold	5	0
196723	Rhinopias frondosa	Rhinopias	Scorpaenidae	Scorpaenidae	Weedy Scorpionfish	0	15	False	False	False	ineligible	below_required_observation_threshold	5	0
131455	Scorpaena bergii	Scorpaena	Scorpaenidae	Scorpaenidae	Goosehead Scorpionfish	0	1	False	False	False	ineligible	below_required_observation_threshold	0	0
179470	Scorpaena brasiliensis	Scorpaena	Scorpaenidae	Scorpaenidae	Barbfish	0	36	False	False	False	ineligible	below_required_observation_threshold	12	0
317356	Scorpaena calcarata	Scorpaena	Scorpaenidae	Scorpaenidae	Smoothhead Scorpionfish	0	1	False	False	False	ineligible	below_required_observation_threshold	0	0
620469	Scorpaena canariensis	Scorpaena	Scorpaenidae	Scorpaenidae	Canary Scorpionfish	0	3	False	False	False	ineligible	below_required_observation_threshold	1	0
197114	Scorpaena cardinalis	Scorpaena	Scorpaenidae	Scorpaenidae	Cook's Scorpionfish	0	72	False	False	False	ineligible	below_required_observation_threshold	25	0
120649	Scorpaena elongata	Scorpaena	Scorpaenidae	Scorpaenidae	Slender Rockfish	0	4	False	False	False	ineligible	below_required_observation_threshold	1	0
53569	Scorpaena grandicornis	Scorpaena	Scorpaenidae	Scorpaenidae	Plumed Scorpionfish	0	6	False	False	False	ineligible	below_required_observation_threshold	2	0
47641	Scorpaena guttata	Scorpaena	Scorpaenidae	Scorpaenidae	California Scorpionfish	0	30	False	False	False	ineligible	below_required_observation_threshold	10	0
112344	Scorpaena histrio	Scorpaena	Scorpaenidae	Scorpaenidae	Player Scorpionfish	0	4	False	False	False	ineligible	below_required_observation_threshold	1	0
85249	Scorpaena inermis	Scorpaena	Scorpaenidae	Scorpaenidae	Mushroom Scorpionfish	0	15	False	False	False	ineligible	below_required_observation_threshold	5	0
511182	Scorpaena jacksoniensis	Scorpaena	Scorpaenidae	Scorpaenidae	Eastern Red Scorpionfish	0	56	False	False	False	ineligible	below_required_observation_threshold	19	0
620476	Scorpaena laevis	Scorpaena	Scorpaenidae	Scorpaenidae	Senegalese rockfish	0	13	False	False	False	ineligible	below_required_observation_threshold	4	0
342288	Scorpaena maderensis	Scorpaena	Scorpaenidae	Scorpaenidae	Madeira Scorpionfish	0	236	False	False	False	ineligible	below_required_observation_threshold	82	0
112345	Scorpaena mystes	Scorpaena	Scorpaenidae	Scorpaenidae	Stone Scorpionfish	0	95	False	False	False	ineligible	below_required_observation_threshold	33	0
118630	Scorpaena notata	Scorpaena	Scorpaenidae	Scorpaenidae	Small Red Scorpionfish	0	82	False	False	False	ineligible	below_required_observation_threshold	28	0
411166	Scorpaena papillosa	Scorpaena	Scorpaenidae	Scorpaenidae	Southern Red Scorpionfish	0	47	False	False	False	ineligible	below_required_observation_threshold	16	0
49244	Scorpaena plumieri	Scorpaena	Scorpaenidae	Scorpaenidae	Spotted Scorpionfish	0	239	False	False	False	ineligible	below_required_observation_threshold	83	0
118631	Scorpaena porcus	Scorpaena	Scorpaenidae	Scorpaenidae	Black Scorpionfish	0	205	False	False	False	ineligible	below_required_observation_threshold	71	0
84861	Scorpaena scrofa	Scorpaena	Scorpaenidae	Scorpaenidae	Red Scorpionfish	0	67	False	False	False	ineligible	below_required_observation_threshold	23	0
530792	Scorpaena sumptuosa	Scorpaena	Scorpaenidae	Scorpaenidae	Western Red Scorpionfish	0	3	False	False	False	ineligible	below_required_observation_threshold	1	0
620485	Scorpaena thomsoni	Scorpaena	Scorpaenidae	Scorpaenidae	Juan Fernández Scorpionfish	0	1	False	False	False	ineligible	below_required_observation_threshold	0	0
131446	Scorpaenodes caribbaeus	Scorpaenodes	Scorpaenidae	Scorpaenidae	Reef Scorpionfish	0	3	False	False	False	ineligible	below_required_observation_threshold	1	0
516130	Scorpaenodes evides	Scorpaenodes	Scorpaenidae	Scorpaenidae	Cheekspot Scorpionfish	0	1	False	False	False	ineligible	below_required_observation_threshold	0	0
452493	Scorpaenodes guamensis	Scorpaenodes	Scorpaenidae	Scorpaenidae	Guam Scorpionfish	0	4	False	False	False	ineligible	below_required_observation_threshold	1	0
360095	Scorpaenodes parvipinnis	Scorpaenodes	Scorpaenidae	Scorpaenidae	Coral Scorpionfish	0	7	False	False	False	ineligible	below_required_observation_threshold	2	0
112350	Scorpaenodes xyris	Scorpaenodes	Scorpaenidae	Scorpaenidae	Rainbow Scorpionfish	0	17	False	False	False	ineligible	below_required_observation_threshold	6	0
119423	Scorpaenopsis barbata	Scorpaenopsis	Scorpaenidae	Scorpaenidae	Bearded Scorpionfish	0	2	False	False	False	ineligible	below_required_observation_threshold	1	0
121170	Scorpaenopsis brevifrons	Scorpaenopsis	Scorpaenidae	Scorpaenidae	Bigmouth Scorpionfish	0	4	False	False	False	ineligible	below_required_observation_threshold	1	0
121169	Scorpaenopsis cacopsis	Scorpaenopsis	Scorpaenidae	Scorpaenidae	Titan Scorpionfish	0	5	False	False	False	ineligible	below_required_observation_threshold	2	0
196724	Scorpaenopsis cirrosa	Scorpaenopsis	Scorpaenidae	Scorpaenidae	Weedy Scorpionfish	0	1	False	False	False	ineligible	below_required_observation_threshold	0	0
119419	Scorpaenopsis diabolus	Scorpaenopsis	Scorpaenidae	Scorpaenidae	Devil Scorpionfish	0	53	False	False	False	ineligible	below_required_observation_threshold	18	0
496180	Scorpaenopsis eschmeyeri	Scorpaenopsis	Scorpaenidae	Scorpaenidae	Eschmeyer's Scorpionfish	0	1	False	False	False	ineligible	below_required_observation_threshold	0	0
530799	Scorpaenopsis macrochir	Scorpaenopsis	Scorpaenidae	Scorpaenidae	Humpback Scorpionfish	0	5	False	False	False	ineligible	below_required_observation_threshold	2	0
1556597	Scorpaenopsis oxycephala	Scorpaenopsis	Scorpaenidae	Scorpaenidae	Smallscale Scorpionfish	0	24	False	False	False	ineligible	below_required_observation_threshold	8	0
119424	Scorpaenopsis venosa	Scorpaenopsis	Scorpaenidae	Scorpaenidae	Raggy Scorpionfish	0	2	False	False	False	ineligible	below_required_observation_threshold	1	0
418790	Sebastapistes ballieui	Sebastapistes	Scorpaenidae	Scorpaenidae	Spotfin Scorpionfish	0	1	False	False	False	ineligible	below_required_observation_threshold	0	0
121448	Sebastapistes coniorta	Sebastapistes	Scorpaenidae	Scorpaenidae	Speckled Scorpionfish	0	12	False	False	False	ineligible	below_required_observation_threshold	4	0
452501	Sebastapistes cyanostigma	Sebastapistes	Scorpaenidae	Scorpaenidae	Yellowspotted Scorpionfish	0	29	False	False	False	ineligible	below_required_observation_threshold	10	0
121756	Sebastapistes fowleri	Sebastapistes	Scorpaenidae	Scorpaenidae	Dwarf Scorpionfish	0	2	False	False	False	ineligible	below_required_observation_threshold	1	0
620506	Sebastapistes galactacma	Sebastapistes	Scorpaenidae	Scorpaenidae	Galactacma Scorpionfish	0	6	False	False	False	ineligible	below_required_observation_threshold	2	0
620507	Sebastapistes mauritiana	Sebastapistes	Scorpaenidae	Scorpaenidae	Spineblotch Scorpionfish	0	1	False	False	False	ineligible	below_required_observation_threshold	0	0
530803	Sebastapistes tinkhami	Sebastapistes	Scorpaenidae	Scorpaenidae	Darkspotted Scorpionfish	0	3	False	False	False	ineligible	below_required_observation_threshold	1	0
64472	Sebastes aleutianus	Sebastes	Scorpaenidae	Scorpaenidae	Rougheye Rockfish	0	1	False	False	False	ineligible	below_required_observation_threshold	0	0
64481	Sebastes atrovirens	Sebastes	Scorpaenidae	Scorpaenidae	Kelp Rockfish	0	18	False	False	False	ineligible	below_required_observation_threshold	6	0
117541	Sebastes auriculatus	Sebastes	Scorpaenidae	Scorpaenidae	Brown Rockfish	0	23	False	False	False	ineligible	below_required_observation_threshold	8	0
230754	Sebastes borealis	Sebastes	Scorpaenidae	Scorpaenidae	Shortraker Rockfish	0	1	False	False	False	ineligible	below_required_observation_threshold	0	0
64463	Sebastes brevispinis	Sebastes	Scorpaenidae	Scorpaenidae	Silvergray Rockfish	0	3	False	False	False	ineligible	below_required_observation_threshold	1	0
620519	Sebastes capensis	Sebastes	Scorpaenidae	Scorpaenidae	False Jacobever	0	1	False	False	False	ineligible	below_required_observation_threshold	0	0
64455	Sebastes carnatus	Sebastes	Scorpaenidae	Scorpaenidae	Gopher Rockfish	0	21	False	False	False	ineligible	below_required_observation_threshold	7	0
68597	Sebastes caurinus	Sebastes	Scorpaenidae	Scorpaenidae	Copper Rockfish	0	52	False	False	False	ineligible	below_required_observation_threshold	18	0
897281	Sebastes cheni	Sebastes	Scorpaenidae	Scorpaenidae	Japanese White Seaperch	0	1	False	False	False	ineligible	below_required_observation_threshold	0	0
64449	Sebastes chrysomelas	Sebastes	Scorpaenidae	Scorpaenidae	Black-and-yellow Rockfish	0	8	False	False	False	ineligible	below_required_observation_threshold	3	0
64454	Sebastes ciliatus	Sebastes	Scorpaenidae	Scorpaenidae	Dark Dusky Rockfish	0	6	False	False	False	ineligible	below_required_observation_threshold	2	0
64453	Sebastes constellatus	Sebastes	Scorpaenidae	Scorpaenidae	Starry Rockfish	0	3	False	False	False	ineligible	below_required_observation_threshold	1	0
64473	Sebastes dallii	Sebastes	Scorpaenidae	Scorpaenidae	Calico Rockfish	0	2	False	False	False	ineligible	below_required_observation_threshold	1	0
786409	Sebastes diaconus	Sebastes	Scorpaenidae	Scorpaenidae	Deacon Rockfish	0	3	False	False	False	ineligible	below_required_observation_threshold	1	0
64448	Sebastes diploproa	Sebastes	Scorpaenidae	Scorpaenidae	Splitnose Rockfish	0	2	False	False	False	ineligible	below_required_observation_threshold	1	0
64468	Sebastes emphaeus	Sebastes	Scorpaenidae	Scorpaenidae	Puget Sound Rockfish	0	1	False	False	False	ineligible	below_required_observation_threshold	0	0
64478	Sebastes entomelas	Sebastes	Scorpaenidae	Scorpaenidae	Widow Rockfish	0	2	False	False	False	ineligible	below_required_observation_threshold	1	0
112417	Sebastes fasciatus	Sebastes	Scorpaenidae	Scorpaenidae	Acadian Redfish	0	5	False	False	False	ineligible	below_required_observation_threshold	2	0
64477	Sebastes flavidus	Sebastes	Scorpaenidae	Scorpaenidae	Yellowtail Rockfish	0	17	False	False	False	ineligible	below_required_observation_threshold	6	0
620521	Sebastes glaucus	Sebastes	Scorpaenidae	Scorpaenidae	Gray rockfish	0	2	False	False	False	ineligible	below_required_observation_threshold	1	0
64460	Sebastes goodei	Sebastes	Scorpaenidae	Scorpaenidae	Chilipepper	0	2	False	False	False	ineligible	below_required_observation_threshold	1	0
64451	Sebastes hopkinsi	Sebastes	Scorpaenidae	Scorpaenidae	Squarespot Rockfish	0	1	False	False	False	ineligible	below_required_observation_threshold	0	0
64475	Sebastes levis	Sebastes	Scorpaenidae	Scorpaenidae	Cowcod	0	1	False	False	False	ineligible	below_required_observation_threshold	0	0
63386	Sebastes maliger	Sebastes	Scorpaenidae	Scorpaenidae	Quillback Rockfish	0	25	False	False	False	ineligible	below_required_observation_threshold	9	0
47760	Sebastes melanops	Sebastes	Scorpaenidae	Scorpaenidae	Black Rockfish	0	25	False	False	False	ineligible	below_required_observation_threshold	9	0
64447	Sebastes melanostomus	Sebastes	Scorpaenidae	Scorpaenidae	Blackgill Rockfish	0	1	False	False	False	ineligible	below_required_observation_threshold	0	0
112419	Sebastes mentella	Sebastes	Scorpaenidae	Scorpaenidae	Deepwater Redfish	0	4	False	False	False	ineligible	below_required_observation_threshold	1	0
64474	Sebastes miniatus	Sebastes	Scorpaenidae	Scorpaenidae	Vermilion Rockfish	0	18	False	False	False	ineligible	below_required_observation_threshold	6	0
64471	Sebastes mystinus	Sebastes	Scorpaenidae	Scorpaenidae	Blue Rockfish	0	31	False	False	False	ineligible	below_required_observation_threshold	11	0
68618	Sebastes nebulosus	Sebastes	Scorpaenidae	Scorpaenidae	China Rockfish	0	10	False	False	False	ineligible	below_required_observation_threshold	3	0
230757	Sebastes nigrocinctus	Sebastes	Scorpaenidae	Scorpaenidae	Tiger Rockfish	0	2	False	False	False	ineligible	below_required_observation_threshold	1	0
230758	Sebastes norvegicus	Sebastes	Scorpaenidae	Scorpaenidae	Golden Redfish	0	4	False	False	False	ineligible	below_required_observation_threshold	1	0
620533	Sebastes oblongus	Sebastes	Scorpaenidae	Scorpaenidae	Oblong Rockfish	0	1	False	False	False	ineligible	below_required_observation_threshold	0	0
620534	Sebastes oculatus	Sebastes	Scorpaenidae	Scorpaenidae	Patagonian Redfish	0	5	False	False	False	ineligible	below_required_observation_threshold	2	0
112421	Sebastes paucispinis	Sebastes	Scorpaenidae	Scorpaenidae	Bocaccio	0	12	False	False	False	ineligible	below_required_observation_threshold	4	0
64465	Sebastes pinniger	Sebastes	Scorpaenidae	Scorpaenidae	Canary Rockfish	0	7	False	False	False	ineligible	below_required_observation_threshold	2	0
64446	Sebastes rastrelliger	Sebastes	Scorpaenidae	Scorpaenidae	Grass Rockfish	0	9	False	False	False	ineligible	below_required_observation_threshold	3	0
317365	Sebastes rosaceus	Sebastes	Scorpaenidae	Scorpaenidae	Rosy Rockfish	0	3	False	False	False	ineligible	below_required_observation_threshold	1	0
63695	Sebastes ruberrimus	Sebastes	Scorpaenidae	Scorpaenidae	Yelloweye Rockfish	0	4	False	False	False	ineligible	below_required_observation_threshold	1	0
317367	Sebastes rubrivinctus	Sebastes	Scorpaenidae	Scorpaenidae	Flag Rockfish	0	1	False	False	False	ineligible	below_required_observation_threshold	0	0
620538	Sebastes schlegelii	Sebastes	Scorpaenidae	Scorpaenidae	Korean Rockfish	0	3	False	False	False	ineligible	below_required_observation_threshold	1	0
317368	Sebastes semicinctus	Sebastes	Scorpaenidae	Scorpaenidae	Halfbanded Rockfish	0	3	False	False	False	ineligible	below_required_observation_threshold	1	0
317369	Sebastes serranoides	Sebastes	Scorpaenidae	Scorpaenidae	Olive Rockfish	0	8	False	False	False	ineligible	below_required_observation_threshold	3	0
317370	Sebastes serriceps	Sebastes	Scorpaenidae	Scorpaenidae	Treefish	0	9	False	False	False	ineligible	below_required_observation_threshold	3	0
317374	Sebastes umbrosus	Sebastes	Scorpaenidae	Scorpaenidae	Honeycomb Rockfish	0	1	False	False	False	ineligible	below_required_observation_threshold	0	0
230762	Sebastes variabilis	Sebastes	Scorpaenidae	Scorpaenidae	Light Dusky Rockfish	0	4	False	False	False	ineligible	below_required_observation_threshold	1	0
320792	Sebastes viviparus	Sebastes	Scorpaenidae	Scorpaenidae	Norway Redfish	0	10	False	False	False	ineligible	below_required_observation_threshold	3	0
362029	Sebastiscus marmoratus	Sebastiscus	Scorpaenidae	Scorpaenidae	False Kelpfish	0	48	False	False	False	ineligible	below_required_observation_threshold	17	0
112423	Sebastolobus alascanus	Sebastolobus	Scorpaenidae	Scorpaenidae	Shortspine Thornyhead	0	1	False	False	False	ineligible	below_required_observation_threshold	0	0
530849	Setarches guentheri	Setarches	Scorpaenidae	Scorpaenidae	Deepwater Scorpionfish	0	1	False	False	False	ineligible	below_required_observation_threshold	0	0
121375	Taenianotus triacanthus	Taenianotus	Scorpaenidae	Scorpaenidae	Leaf Scorpionfish	0	175	False	False	False	ineligible	below_required_observation_threshold	61	0
52456	Cephalopholis argus	Cephalopholis	Serranidae	Epinephelidae	Peacock Grouper	0	491	True	True	True	common_target_pretraining	requested_target_meets_licensed_abundance_threshold	170	100
49639	Cephalopholis miniata	Cephalopholis	Serranidae	Epinephelidae	Coral Grouper	0	315	True	True	True	common_target_pretraining	requested_target_meets_licensed_abundance_threshold	109	100
100099	Epinephelus fasciatus	Epinephelus	Serranidae	Epinephelidae	Blacktip Grouper	0	263	True	True	True	common_target_pretraining	requested_target_meets_licensed_abundance_threshold	91	100
100121	Epinephelus merra	Epinephelus	Serranidae	Epinephelidae	Honeycomb Grouper	0	331	True	True	True	common_target_pretraining	requested_target_meets_licensed_abundance_threshold	115	100
96991	Cephalopholis cruentata	Cephalopholis	Serranidae	Epinephelidae	Graysby	0	422	True	False	True	broad_pretraining	global_licensed_abundance	146	100
96993	Cephalopholis fulva	Cephalopholis	Serranidae	Epinephelidae	Coney	0	255	True	False	True	broad_pretraining	global_licensed_abundance	88	100
100119	Epinephelus marginatus	Epinephelus	Serranidae	Epinephelidae	Dusky Grouper	0	353	True	False	True	broad_pretraining	global_licensed_abundance	122	100
106306	Mycteroperca fusca	Mycteroperca	Serranidae	Epinephelidae	Island Grouper	0	279	True	False	True	broad_pretraining	global_licensed_abundance	97	100
118674	Serranus scriba	Serranus	Serranidae	Serranidae	Painted Comber	0	593	True	False	True	broad_pretraining	global_licensed_abundance	205	100
67529	Epinephelus labriformis	Epinephelus	Serranidae	Epinephelidae	Starry Grouper	0	269	True	False	True	novel_evaluation	held_out_for_unseen_species_evaluation	93	100
93453	Aethaloperca rogaa	Aethaloperca	Serranidae	Epinephelidae	Redmouth Grouper	0	68	False	True	False	rare_target_holdout	requested_target_below_abundance_thresholds	24	0
96992	Cephalopholis cyanostigma	Cephalopholis	Serranidae	Epinephelidae	Bluespotted Grouper	0	132	False	True	False	rare_target_holdout	requested_target_below_abundance_thresholds	46	0
97004	Cephalopholis sonnerati	Cephalopholis	Serranidae	Epinephelidae	Tomato Grouper	0	20	False	True	False	rare_target_holdout	requested_target_below_abundance_thresholds	7	0
97007	Cephalopholis urodeta	Cephalopholis	Serranidae	Epinephelidae	Flagtail Grouper	0	128	False	True	False	rare_target_holdout	requested_target_below_abundance_thresholds	44	0
100077	Epinephelus areolatus	Epinephelus	Serranidae	Epinephelidae	Areolate Grouper	0	17	False	True	False	rare_target_holdout	requested_target_below_abundance_thresholds	6	0
114929	Variola albimarginata	Variola	Serranidae	Epinephelidae	White-edged Lyretail	0	31	False	True	False	rare_target_holdout	requested_target_below_abundance_thresholds	11	0
93714	Alphestes immaculatus	Alphestes	Serranidae	Epinephelidae	Pacific Mutton Hamlet	0	54	False	False	False	ineligible	below_required_observation_threshold	19	0
93715	Alphestes multiguttatus	Alphestes	Serranidae	Epinephelidae	Rivulated Mutton Hamlet	0	6	False	False	False	ineligible	below_required_observation_threshold	2	0
94231	Anyperodon leucogrammicus	Anyperodon	Serranidae	Epinephelidae	Slender Grouper	0	123	False	False	False	ineligible	below_required_observation_threshold	43	0
179641	Centropristis ocyurus	Centropristis	Serranidae	Serranidae	Bank Sea Bass	0	2	False	False	False	ineligible	below_required_observation_threshold	1	0
179639	Centropristis philadelphica	Centropristis	Serranidae	Serranidae	Rock Sea Bass	0	2	False	False	False	ineligible	below_required_observation_threshold	1	0
83439	Centropristis striata	Centropristis	Serranidae	Serranidae	Black Sea Bass	0	129	False	False	False	ineligible	below_required_observation_threshold	45	0
96989	Cephalopholis aurantia	Cephalopholis	Serranidae	Epinephelidae	Golden Hind	0	1	False	False	False	ineligible	below_required_observation_threshold	0	0
96990	Cephalopholis boenak	Cephalopholis	Serranidae	Epinephelidae	Chocolate Grouper	0	102	False	False	False	ineligible	below_required_observation_threshold	35	0
1439800	Cephalopholis colonus	Cephalopholis	Serranidae	Epinephelidae	Pacific Creolefish	0	152	False	False	False	ineligible	below_required_observation_threshold	53	0
54941	Cephalopholis formosa	Cephalopholis	Serranidae	Epinephelidae	Bluelined Rockcod	0	79	False	False	False	ineligible	below_required_observation_threshold	27	0
96994	Cephalopholis hemistiktos	Cephalopholis	Serranidae	Epinephelidae	Yellowfin Hind	0	83	False	False	False	ineligible	below_required_observation_threshold	29	0
96996	Cephalopholis leopardus	Cephalopholis	Serranidae	Epinephelidae	Leopard Grouper	0	55	False	False	False	ineligible	below_required_observation_threshold	19	0
96997	Cephalopholis microprion	Cephalopholis	Serranidae	Epinephelidae	Freckled Grouper	0	23	False	False	False	ineligible	below_required_observation_threshold	8	0
96998	Cephalopholis nigri	Cephalopholis	Serranidae	Epinephelidae	Niger Hind	0	3	False	False	False	ineligible	below_required_observation_threshold	1	0
187213	Cephalopholis nigripinnis	Cephalopholis	Serranidae	Epinephelidae	Darkfin Hind	0	14	False	False	False	ineligible	below_required_observation_threshold	5	0
96999	Cephalopholis oligosticta	Cephalopholis	Serranidae	Epinephelidae	Vermilion Hind	0	1	False	False	False	ineligible	below_required_observation_threshold	0	0
97000	Cephalopholis panamensis	Cephalopholis	Serranidae	Epinephelidae	Pacific Graysby	0	206	False	False	False	ineligible	below_required_observation_threshold	71	0
97001	Cephalopholis polleni	Cephalopholis	Serranidae	Epinephelidae	Harlequin Hind	0	1	False	False	False	ineligible	below_required_observation_threshold	0	0
97002	Cephalopholis polyspila	Cephalopholis	Serranidae	Epinephelidae	Andaman Hind	0	8	False	False	False	ineligible	below_required_observation_threshold	3	0
97003	Cephalopholis sexmaculata	Cephalopholis	Serranidae	Epinephelidae	Saddle Grouper	0	36	False	False	False	ineligible	below_required_observation_threshold	12	0
97005	Cephalopholis spiloparaea	Cephalopholis	Serranidae	Epinephelidae	Strawberry Grouper	0	25	False	False	False	ineligible	below_required_observation_threshold	9	0
97006	Cephalopholis taeniops	Cephalopholis	Serranidae	Epinephelidae	African Hind	0	29	False	False	False	ineligible	below_required_observation_threshold	10	0
1316661	Chromileptes altivelis	Chromileptes	Serranidae	Epinephelidae	Humpback Grouper	0	53	False	False	False	ineligible	below_required_observation_threshold	18	0
98625	Cratinus agassizii	Cratinus	Serranidae	Serranidae		0	1	False	False	False	ineligible	below_required_observation_threshold	0	0
83293	Dermatolepis dermatolepis	Dermatolepis	Serranidae	Epinephelidae	Leather Bass	0	35	False	False	False	ineligible	below_required_observation_threshold	12	0
82505	Dermatolepis inermis	Dermatolepis	Serranidae	Epinephelidae	Marbled Grouper	0	1	False	False	False	ineligible	below_required_observation_threshold	0	0
99207	Dermatolepis striolata	Dermatolepis	Serranidae	Epinephelidae	Smooth Grouper	0	7	False	False	False	ineligible	below_required_observation_threshold	2	0
131458	Diplectrum bivittatum	Diplectrum	Serranidae	Serranidae	Dwarf Sand Perch	0	6	False	False	False	ineligible	below_required_observation_threshold	2	0
99333	Diplectrum euryplectrum	Diplectrum	Serranidae	Serranidae	Bighead Sand Perch	0	1	False	False	False	ineligible	below_required_observation_threshold	0	0
49421	Diplectrum formosum	Diplectrum	Serranidae	Serranidae	Sand Perch	0	58	False	False	False	ineligible	below_required_observation_threshold	20	0
620578	Diplectrum radiale	Diplectrum	Serranidae	Serranidae	Pond Perch	0	2	False	False	False	ineligible	below_required_observation_threshold	1	0
49496	Epinephelus adscensionis	Epinephelus	Serranidae	Epinephelidae	Rock Hind	0	14	False	False	False	ineligible	below_required_observation_threshold	5	0
68118	Epinephelus aeneus	Epinephelus	Serranidae	Epinephelidae	White Grouper	0	8	False	False	False	ineligible	below_required_observation_threshold	3	0
49638	Epinephelus akaara	Epinephelus	Serranidae	Epinephelidae	Hong Kong Grouper	0	9	False	False	False	ineligible	below_required_observation_threshold	3	0
100075	Epinephelus analogus	Epinephelus	Serranidae	Epinephelidae	Spotted Grouper	0	5	False	False	False	ineligible	below_required_observation_threshold	2	0
100076	Epinephelus andersoni	Epinephelus	Serranidae	Epinephelidae	Catface Grouper	0	3	False	False	False	ineligible	below_required_observation_threshold	1	0
100078	Epinephelus awoara	Epinephelus	Serranidae	Epinephelidae	Yellow Grouper	0	3	False	False	False	ineligible	below_required_observation_threshold	1	0
100079	Epinephelus bilobatus	Epinephelus	Serranidae	Epinephelidae	Twinspot Grouper	0	2	False	False	False	ineligible	below_required_observation_threshold	1	0
100080	Epinephelus bleekeri	Epinephelus	Serranidae	Epinephelidae	Duskytail Grouper	0	1	False	False	False	ineligible	below_required_observation_threshold	0	0
100081	Epinephelus bontoides	Epinephelus	Serranidae	Epinephelidae	Palemargin Grouper	0	1	False	False	False	ineligible	below_required_observation_threshold	0	0
52556	Epinephelus chlorostigma	Epinephelus	Serranidae	Epinephelidae	Brownspotted Grouper	0	1	False	False	False	ineligible	below_required_observation_threshold	0	0
100087	Epinephelus clippertonensis	Epinephelus	Serranidae	Epinephelidae	Clipperton Grouper	0	11	False	False	False	ineligible	below_required_observation_threshold	4	0
100088	Epinephelus coeruleopunctatus	Epinephelus	Serranidae	Epinephelidae	Whitespotted Grouper	0	45	False	False	False	ineligible	below_required_observation_threshold	16	0
100089	Epinephelus coioides	Epinephelus	Serranidae	Epinephelidae	Goldspotted Rockcod	0	54	False	False	False	ineligible	below_required_observation_threshold	19	0
100090	Epinephelus corallicola	Epinephelus	Serranidae	Epinephelidae	Coral Grouper	0	20	False	False	False	ineligible	below_required_observation_threshold	7	0
100091	Epinephelus costae	Epinephelus	Serranidae	Epinephelidae	Gold Blotch Grouper	0	67	False	False	False	ineligible	below_required_observation_threshold	23	0
100092	Epinephelus cyanopodus	Epinephelus	Serranidae	Epinephelidae	Purple Rockcod	0	6	False	False	False	ineligible	below_required_observation_threshold	2	0
100093	Epinephelus daemelii	Epinephelus	Serranidae	Epinephelidae	Black Rockcod	0	8	False	False	False	ineligible	below_required_observation_threshold	3	0
100094	Epinephelus diacanthus	Epinephelus	Serranidae	Epinephelidae	Spinycheek Grouper	0	8	False	False	False	ineligible	below_required_observation_threshold	3	0
100097	Epinephelus erythrurus	Epinephelus	Serranidae	Epinephelidae	Cloudy Grouper	0	7	False	False	False	ineligible	below_required_observation_threshold	2	0
100098	Epinephelus fasciatomaculosus	Epinephelus	Serranidae	Epinephelidae	Rock Grouper	0	1	False	False	False	ineligible	below_required_observation_threshold	0	0
100100	Epinephelus faveatus	Epinephelus	Serranidae	Epinephelidae	Barred-chest Grouper	0	4	False	False	False	ineligible	below_required_observation_threshold	1	0
100101	Epinephelus flavocaeruleus	Epinephelus	Serranidae	Epinephelidae	Blue-and-yellow Grouper	0	12	False	False	False	ineligible	below_required_observation_threshold	4	0
56559	Epinephelus fuscoguttatus	Epinephelus	Serranidae	Epinephelidae	Flowery Rockcod	0	69	False	False	False	ineligible	below_required_observation_threshold	24	0
1090924	Epinephelus geoffroyi	Epinephelus	Serranidae	Epinephelidae	Red Sea Spotted Grouper	0	4	False	False	False	ineligible	below_required_observation_threshold	1	0
100104	Epinephelus guttatus	Epinephelus	Serranidae	Epinephelidae	Red Hind	0	79	False	False	False	ineligible	below_required_observation_threshold	27	0
100106	Epinephelus hexagonatus	Epinephelus	Serranidae	Epinephelidae	Wirenet Rockcod	0	22	False	False	False	ineligible	below_required_observation_threshold	8	0
100107	Epinephelus howlandi	Epinephelus	Serranidae	Epinephelidae	Blacksaddle Rockcod	0	7	False	False	False	ineligible	below_required_observation_threshold	2	0
100110	Epinephelus itajara	Epinephelus	Serranidae	Epinephelidae	Atlantic Goliath Grouper	0	21	False	False	False	ineligible	below_required_observation_threshold	7	0
100111	Epinephelus lanceolatus	Epinephelus	Serranidae	Epinephelidae	Giant Grouper	0	23	False	False	False	ineligible	below_required_observation_threshold	8	0
100112	Epinephelus latifasciatus	Epinephelus	Serranidae	Epinephelidae	Striped Grouper	0	1	False	False	False	ineligible	below_required_observation_threshold	0	0
100114	Epinephelus longispinis	Epinephelus	Serranidae	Epinephelidae	Longspine Grouper	0	9	False	False	False	ineligible	below_required_observation_threshold	3	0
100115	Epinephelus macrospilos	Epinephelus	Serranidae	Epinephelidae	Snubnose Grouper	0	24	False	False	False	ineligible	below_required_observation_threshold	8	0
100116	Epinephelus maculatus	Epinephelus	Serranidae	Epinephelidae	Highfin Grouper	0	26	False	False	False	ineligible	below_required_observation_threshold	9	0
100118	Epinephelus malabaricus	Epinephelus	Serranidae	Epinephelidae	Malabar Grouper	0	18	False	False	False	ineligible	below_required_observation_threshold	6	0
100120	Epinephelus melanostigma	Epinephelus	Serranidae	Epinephelidae	Oneblotch Grouper	0	1	False	False	False	ineligible	below_required_observation_threshold	0	0
49637	Epinephelus morio	Epinephelus	Serranidae	Epinephelidae	Red Grouper	0	19	False	False	False	ineligible	below_required_observation_threshold	7	0
100123	Epinephelus multinotatus	Epinephelus	Serranidae	Epinephelidae	Rankin Cod	0	8	False	False	False	ineligible	below_required_observation_threshold	3	0
100124	Epinephelus ongus	Epinephelus	Serranidae	Epinephelidae	Specklefin Grouper	0	60	False	False	False	ineligible	below_required_observation_threshold	21	0
100127	Epinephelus polyphekadion	Epinephelus	Serranidae	Epinephelidae	Camouflage Grouper	0	57	False	False	False	ineligible	below_required_observation_threshold	20	0
100129	Epinephelus posteli	Epinephelus	Serranidae	Epinephelidae	Stripedfin Grouper	0	12	False	False	False	ineligible	below_required_observation_threshold	4	0
187370	Epinephelus quinquefasciatus	Epinephelus	Serranidae	Epinephelidae	Pacific Goliath Grouper	0	9	False	False	False	ineligible	below_required_observation_threshold	3	0
100130	Epinephelus quoyanus	Epinephelus	Serranidae	Epinephelidae	Longfin Rockcod	0	100	False	False	False	ineligible	below_required_observation_threshold	35	0
100133	Epinephelus rivulatus	Epinephelus	Serranidae	Epinephelidae	Halfmoon Grouper	0	50	False	False	False	ineligible	below_required_observation_threshold	17	0
100134	Epinephelus sexfasciatus	Epinephelus	Serranidae	Epinephelidae	Sixbar Grouper	0	3	False	False	False	ineligible	below_required_observation_threshold	1	0
100136	Epinephelus spilotoceps	Epinephelus	Serranidae	Epinephelidae	Foursaddle Grouper	0	35	False	False	False	ineligible	below_required_observation_threshold	12	0
100138	Epinephelus stoliczkae	Epinephelus	Serranidae	Epinephelidae	Epaulette Grouper	0	5	False	False	False	ineligible	below_required_observation_threshold	2	0
49746	Epinephelus striatus	Epinephelus	Serranidae	Epinephelidae	Nassau Grouper	0	140	False	False	False	ineligible	below_required_observation_threshold	48	0
100140	Epinephelus summana	Epinephelus	Serranidae	Epinephelidae	Summan Grouper	0	13	False	False	False	ineligible	below_required_observation_threshold	4	0
100141	Epinephelus tauvina	Epinephelus	Serranidae	Epinephelidae	Greasy Rockcod	0	49	False	False	False	ineligible	below_required_observation_threshold	17	0
53857	Epinephelus tukula	Epinephelus	Serranidae	Epinephelidae	Potato Rockcod	0	29	False	False	False	ineligible	below_required_observation_threshold	10	0
100146	Epinephelus undulosus	Epinephelus	Serranidae	Epinephelidae	Wavy-lined Grouper	0	1	False	False	False	ineligible	below_required_observation_threshold	0	0
50346	Gonioplectrus hispanus	Gonioplectrus	Serranidae	Epinephelidae	Spanish Flag	0	1	False	False	False	ineligible	below_required_observation_threshold	0	0
101780	Gracila albomarginata	Gracila	Serranidae	Epinephelidae	Masked Grouper	0	38	False	False	False	ineligible	below_required_observation_threshold	13	0
317161	Hypoplectrus aberrans	Hypoplectrus	Serranidae	Serranidae	Yellowbelly Hamlet	0	15	False	False	False	ineligible	below_required_observation_threshold	5	0
1360073	Hypoplectrus affinis	Hypoplectrus	Serranidae	Serranidae	Bluelip Hamlet	0	11	False	False	False	ineligible	below_required_observation_threshold	4	0
131476	Hypoplectrus chlorurus	Hypoplectrus	Serranidae	Serranidae	Yellowtail Hamlet	0	100	False	False	False	ineligible	below_required_observation_threshold	35	0
620588	Hypoplectrus floridae	Hypoplectrus	Serranidae	Serranidae	Florida Hamlet	0	1	False	False	False	ineligible	below_required_observation_threshold	0	0
49685	Hypoplectrus gemma	Hypoplectrus	Serranidae	Serranidae	Blue Hamlet	0	1	False	False	False	ineligible	below_required_observation_threshold	0	0
180711	Hypoplectrus gummigutta	Hypoplectrus	Serranidae	Serranidae	Golden Hamlet	0	1	False	False	False	ineligible	below_required_observation_threshold	0	0
180710	Hypoplectrus guttavarius	Hypoplectrus	Serranidae	Serranidae	Shy Hamlet	0	10	False	False	False	ineligible	below_required_observation_threshold	3	0
180709	Hypoplectrus indigo	Hypoplectrus	Serranidae	Serranidae	Indigo Hamlet	0	56	False	False	False	ineligible	below_required_observation_threshold	19	0
131475	Hypoplectrus nigricans	Hypoplectrus	Serranidae	Serranidae	Black Hamlet	0	19	False	False	False	ineligible	below_required_observation_threshold	7	0
103146	Hypoplectrus providencianus	Hypoplectrus	Serranidae	Serranidae	Masked Hamlet	0	14	False	False	False	ineligible	below_required_observation_threshold	5	0
130051	Hypoplectrus puella	Hypoplectrus	Serranidae	Serranidae	Barred Hamlet	0	156	False	False	False	ineligible	below_required_observation_threshold	54	0
620590	Hypoplectrus randallorum	Hypoplectrus	Serranidae	Serranidae	Tan Hamlet	0	6	False	False	False	ineligible	below_required_observation_threshold	2	0
130052	Hypoplectrus unicolor	Hypoplectrus	Serranidae	Serranidae	Butter Hamlet	0	116	False	False	False	ineligible	below_required_observation_threshold	40	0
103154	Hyporthodus acanthistius	Hyporthodus	Serranidae	Epinephelidae	Rooster Hind	0	3	False	False	False	ineligible	below_required_observation_threshold	1	0
103158	Hyporthodus flavolimbatus	Hyporthodus	Serranidae	Epinephelidae	Yellow-edge Grouper	0	1	False	False	False	ineligible	below_required_observation_threshold	0	0
103161	Hyporthodus nigritus	Hyporthodus	Serranidae	Epinephelidae	Warsaw Grouper	0	1	False	False	False	ineligible	below_required_observation_threshold	0	0
103162	Hyporthodus niphobles	Hyporthodus	Serranidae	Epinephelidae	Starstudded Grouper	0	1	False	False	False	ineligible	below_required_observation_threshold	0	0
103163	Hyporthodus niveatus	Hyporthodus	Serranidae	Epinephelidae	Snowy Grouper	0	15	False	False	False	ineligible	below_required_observation_threshold	5	0
106304	Mycteroperca acutirostris	Mycteroperca	Serranidae	Epinephelidae	Comb Grouper	0	7	False	False	False	ineligible	below_required_observation_threshold	2	0
47761	Mycteroperca bonaci	Mycteroperca	Serranidae	Epinephelidae	Black Grouper	0	77	False	False	False	ineligible	below_required_observation_threshold	27	0
64466	Mycteroperca interstitialis	Mycteroperca	Serranidae	Epinephelidae	Yellowmouth Grouper	0	13	False	False	False	ineligible	below_required_observation_threshold	4	0
106307	Mycteroperca jordani	Mycteroperca	Serranidae	Epinephelidae	Gulf Grouper	0	3	False	False	False	ineligible	below_required_observation_threshold	1	0
106308	Mycteroperca microlepis	Mycteroperca	Serranidae	Epinephelidae	Gag Grouper	0	14	False	False	False	ineligible	below_required_observation_threshold	5	0
106309	Mycteroperca olfax	Mycteroperca	Serranidae	Epinephelidae	Sailfin Grouper	0	15	False	False	False	ineligible	below_required_observation_threshold	5	0
106310	Mycteroperca phenax	Mycteroperca	Serranidae	Epinephelidae	Scamp Grouper	0	7	False	False	False	ineligible	below_required_observation_threshold	2	0
106312	Mycteroperca rosacea	Mycteroperca	Serranidae	Epinephelidae	Leopard Grouper	0	34	False	False	False	ineligible	below_required_observation_threshold	12	0
64452	Mycteroperca rubra	Mycteroperca	Serranidae	Epinephelidae	Mottled Grouper	0	20	False	False	False	ineligible	below_required_observation_threshold	7	0
64470	Mycteroperca tigris	Mycteroperca	Serranidae	Epinephelidae	Tiger Grouper	0	54	False	False	False	ineligible	below_required_observation_threshold	19	0
64476	Mycteroperca venenosa	Mycteroperca	Serranidae	Epinephelidae	Yellowfin Grouper	0	18	False	False	False	ineligible	below_required_observation_threshold	6	0
106313	Mycteroperca xenarcha	Mycteroperca	Serranidae	Epinephelidae	Broomtail Grouper	0	2	False	False	False	ineligible	below_required_observation_threshold	1	0
108546	Paralabrax callaensis	Paralabrax	Serranidae	Serranidae		0	1	False	False	False	ineligible	below_required_observation_threshold	0	0
108547	Paralabrax clathratus	Paralabrax	Serranidae	Serranidae	Kelp Bass	0	147	False	False	False	ineligible	below_required_observation_threshold	51	0
108551	Paralabrax maculatofasciatus	Paralabrax	Serranidae	Serranidae	Spotted Sand Bass	0	26	False	False	False	ineligible	below_required_observation_threshold	9	0
108552	Paralabrax nebulifer	Paralabrax	Serranidae	Serranidae	Barred Sand Bass	0	23	False	False	False	ineligible	below_required_observation_threshold	8	0
108614	Paranthias furcifer	Paranthias	Serranidae	Epinephelidae	Atlantic Creolefish	0	71	False	False	False	ineligible	below_required_observation_threshold	25	0
109741	Plectropomus areolatus	Plectropomus	Serranidae	Epinephelidae	Squaretail Coralgrouper	0	41	False	False	False	ineligible	below_required_observation_threshold	14	0
109742	Plectropomus laevis	Plectropomus	Serranidae	Epinephelidae	Blacksaddle Coralgrouper	0	98	False	False	False	ineligible	below_required_observation_threshold	34	0
109743	Plectropomus leopardus	Plectropomus	Serranidae	Epinephelidae	Leopard Coralgrouper	0	208	False	False	False	ineligible	below_required_observation_threshold	72	0
109744	Plectropomus maculatus	Plectropomus	Serranidae	Epinephelidae	Spotted Coral Grouper	0	33	False	False	False	ineligible	below_required_observation_threshold	11	0
1315284	Plectropomus marisrubri	Plectropomus	Serranidae	Epinephelidae	Red Sea Leopard Grouper	0	12	False	False	False	ineligible	below_required_observation_threshold	4	0
109745	Plectropomus oligacanthus	Plectropomus	Serranidae	Epinephelidae	Highfin Coralgrouper	0	31	False	False	False	ineligible	below_required_observation_threshold	11	0
109747	Plectropomus punctatus	Plectropomus	Serranidae	Epinephelidae	Marbled Coralgrouper	0	15	False	False	False	ineligible	below_required_observation_threshold	5	0
131482	Schultzea beta	Schultzea	Serranidae	Serranidae	School Bass	0	1	False	False	False	ineligible	below_required_observation_threshold	0	0
317377	Serraniculus pumilio	Serraniculus	Serranidae	Serranidae	Pygmy Sea Bass	0	7	False	False	False	ineligible	below_required_observation_threshold	2	0
147143	Serranus annularis	Serranus	Serranidae	Serranidae	Orangeback Bass	0	1	False	False	False	ineligible	below_required_observation_threshold	0	0
112497	Serranus atricauda	Serranus	Serranidae	Serranidae	Blacktail Comber	0	105	False	False	False	ineligible	below_required_observation_threshold	36	0
131389	Serranus baldwini	Serranus	Serranidae	Serranidae	Lantern Bass	0	44	False	False	False	ineligible	below_required_observation_threshold	15	0
118675	Serranus cabrilla	Serranus	Serranidae	Serranidae	Comber	0	187	False	False	False	ineligible	below_required_observation_threshold	65	0
620719	Serranus flaviventris	Serranus	Serranidae	Serranidae	Twinspot Bass	0	1	False	False	False	ineligible	below_required_observation_threshold	0	0
118673	Serranus hepatus	Serranus	Serranidae	Serranidae	Brown Comber	0	39	False	False	False	ineligible	below_required_observation_threshold	13	0
620722	Serranus novemcinctus	Serranus	Serranidae	Serranidae	Barred Rockcod	0	1	False	False	False	ineligible	below_required_observation_threshold	0	0
1316085	Serranus papilionaceus	Serranus	Serranidae	Serranidae	Butterfly-winged Comber	0	59	False	False	False	ineligible	below_required_observation_threshold	20	0
179460	Serranus phoebe	Serranus	Serranidae	Serranidae	Phoebe	0	2	False	False	False	ineligible	below_required_observation_threshold	1	0
112499	Serranus psittacinus	Serranus	Serranidae	Serranidae	Barred Serrano	0	71	False	False	False	ineligible	below_required_observation_threshold	25	0
179459	Serranus subligarius	Serranus	Serranidae	Serranidae	Belted Sandfish	0	17	False	False	False	ineligible	below_required_observation_threshold	6	0
131484	Serranus tabacarius	Serranus	Serranidae	Serranidae	Tobaccofish	0	48	False	False	False	ineligible	below_required_observation_threshold	17	0
49747	Serranus tigrinus	Serranus	Serranidae	Serranidae	Harlequin Bass	0	203	False	False	False	ineligible	below_required_observation_threshold	70	0
131483	Serranus tortugarum	Serranus	Serranidae	Serranidae	Chalk Bass	0	22	False	False	False	ineligible	below_required_observation_threshold	8	0
114930	Variola louti	Variola	Serranidae	Epinephelidae	Yellow-edged Lyretail	0	118	False	False	False	ineligible	below_required_observation_threshold	41	0
180402	Siganus guttatus	Siganus	Siganidae	Siganidae	Golden Rabbitfish	0	118	False	True	False	rare_target_holdout	requested_target_below_abundance_thresholds	41	0
135218	Siganus puellus	Siganus	Siganidae	Siganidae	Masked Rabbitfish	0	110	False	True	False	rare_target_holdout	requested_target_below_abundance_thresholds	38	0
180395	Siganus virgatus	Siganus	Siganidae	Siganidae	Doublebar Rabbitfish	0	181	False	True	False	rare_target_holdout	requested_target_below_abundance_thresholds	63	0
318323	Siganus vulpinus	Siganus	Siganidae	Siganidae	Foxface	0	145	False	True	False	rare_target_holdout	requested_target_below_abundance_thresholds	50	0
84095	Siganus argenteus	Siganus	Siganidae	Siganidae	Forktail Rabbitfish	0	61	False	False	False	ineligible	below_required_observation_threshold	21	0
123229	Siganus canaliculatus	Siganus	Siganidae	Siganidae	White-spotted Rabbitfish	0	8	False	False	False	ineligible	below_required_observation_threshold	3	0
180397	Siganus corallinus	Siganus	Siganidae	Siganidae	Coral Rabbitfish	0	152	False	False	False	ineligible	below_required_observation_threshold	53	0
180396	Siganus doliatus	Siganus	Siganidae	Siganidae	Barred Rabbitfish	0	191	False	False	False	ineligible	below_required_observation_threshold	66	0
132412	Siganus fuscescens	Siganus	Siganidae	Siganidae	Dusky Rabbitfish	0	118	False	False	False	ineligible	below_required_observation_threshold	41	0
620791	Siganus insomnis	Siganus	Siganidae	Siganidae	bronze-lined spinefoot	0	6	False	False	False	ineligible	below_required_observation_threshold	2	0
123228	Siganus javus	Siganus	Siganidae	Siganidae	Java Rabbitfish	0	125	False	False	False	ineligible	below_required_observation_threshold	43	0
1315541	Siganus laqueus	Siganus	Siganidae	Siganidae	Brown Spotted Rabbitfish	0	18	False	False	False	ineligible	below_required_observation_threshold	6	0
123227	Siganus lineatus	Siganus	Siganidae	Siganidae	Goldlined Rabbitfish	0	64	False	False	False	ineligible	below_required_observation_threshold	22	0
120634	Siganus luridus	Siganus	Siganidae	Siganidae	Dusky Spinefoot	0	156	False	False	False	ineligible	below_required_observation_threshold	54	0
112567	Siganus magnificus	Siganus	Siganidae	Siganidae	Magnificent Rabbitfish	0	11	False	False	False	ineligible	below_required_observation_threshold	4	0
180401	Siganus puelloides	Siganus	Siganidae	Siganidae	Blackeye Rabbitfish	0	8	False	False	False	ineligible	below_required_observation_threshold	3	0
424291	Siganus punctatissimus	Siganus	Siganidae	Siganidae	Finespotted Rabbitfish	0	6	False	False	False	ineligible	below_required_observation_threshold	2	0
180399	Siganus punctatus	Siganus	Siganidae	Siganidae	Spotted Rabbitfish	0	54	False	False	False	ineligible	below_required_observation_threshold	19	0
112568	Siganus rivulatus	Siganus	Siganidae	Siganidae	Rivulated Rabbitfish	0	167	False	False	False	ineligible	below_required_observation_threshold	58	0
132413	Siganus spinus	Siganus	Siganidae	Siganidae	Scribbled Rabbitfish	0	102	False	False	False	ineligible	below_required_observation_threshold	35	0
180400	Siganus stellatus	Siganus	Siganidae	Siganidae	Honeycomb Rabbitfish	0	25	False	False	False	ineligible	below_required_observation_threshold	9	0
471653	Siganus sutor	Siganus	Siganidae	Siganidae	Whitespotted Rabbitfish	0	26	False	False	False	ineligible	below_required_observation_threshold	9	0
524130	Siganus trispilos	Siganus	Siganidae	Siganidae	Threespot Rabbitfish	0	7	False	False	False	ineligible	below_required_observation_threshold	2	0
318322	Siganus unimaculatus	Siganus	Siganidae	Siganidae	Blackblotch Foxface	0	5	False	False	False	ineligible	below_required_observation_threshold	2	0
180398	Siganus uspi	Siganus	Siganidae	Siganidae	Bicolor Rabbitfish	0	26	False	False	False	ineligible	below_required_observation_threshold	9	0
188399	Siganus vermiculatus	Siganus	Siganidae	Siganidae	Maze Rabbitfish	0	12	False	False	False	ineligible	below_required_observation_threshold	4	0
132533	Acanthopagrus australis	Acanthopagrus	Sparidae	Sparidae	Yellowfin Bream	0	288	True	False	True	broad_pretraining	global_licensed_abundance	100	100
530886	Chrysophrys auratus	Chrysophrys	Sparidae	Sparidae	Australasian Snapper	0	357	True	False	True	broad_pretraining	global_licensed_abundance	124	100
118669	Diplodus sargus	Diplodus	Sparidae	Sparidae	White Sea Bream	0	758	True	False	True	broad_pretraining	global_licensed_abundance	262	200
118667	Diplodus vulgaris	Diplodus	Sparidae	Sparidae	Common Two-banded Seabream	0	837	True	False	True	broad_pretraining	global_licensed_abundance	290	200
132473	Lagodon rhomboides	Lagodon	Sparidae	Sparidae	Pinfish	0	450	True	False	True	broad_pretraining	global_licensed_abundance	156	100
118662	Oblada melanurus	Oblada	Sparidae	Sparidae	Saddled Seabream	0	592	True	False	True	broad_pretraining	global_licensed_abundance	205	100
446325	Pachymetopon blochii	Pachymetopon	Sparidae	Sparidae	Hottentot Seabream	0	280	True	False	True	broad_pretraining	global_licensed_abundance	97	100
118663	Sarpa salpa	Sarpa	Sparidae	Sparidae	Salema Porgy	0	956	True	False	True	broad_pretraining	global_licensed_abundance	331	300
118660	Lithognathus mormyrus	Lithognathus	Sparidae	Sparidae	Striped Seabream	0	311	True	False	True	novel_evaluation	held_out_for_unseen_species_evaluation	108	100
445589	Acanthopagrus arabicus	Acanthopagrus	Sparidae	Sparidae	Arabian Yellowfin Seabream	0	3	False	False	False	ineligible	below_required_observation_threshold	1	0
445590	Acanthopagrus berda	Acanthopagrus	Sparidae	Sparidae	Goldsilk Seabream	0	4	False	False	False	ineligible	below_required_observation_threshold	1	0
359364	Acanthopagrus bifasciatus	Acanthopagrus	Sparidae	Sparidae	Doublebar Bream	0	42	False	False	False	ineligible	below_required_observation_threshold	15	0
311415	Acanthopagrus butcheri	Acanthopagrus	Sparidae	Sparidae	Black Bream	0	73	False	False	False	ineligible	below_required_observation_threshold	25	0
445591	Acanthopagrus catenula	Acanthopagrus	Sparidae	Sparidae	Bridled Seabream	0	1	False	False	False	ineligible	below_required_observation_threshold	0	0
245762	Acanthopagrus latus	Acanthopagrus	Sparidae	Sparidae	Yellowfin Seabream	0	7	False	False	False	ineligible	below_required_observation_threshold	2	0
445593	Acanthopagrus morrisoni	Acanthopagrus	Sparidae	Sparidae	Western Yellowfin Bream	0	1	False	False	False	ineligible	below_required_observation_threshold	0	0
367430	Acanthopagrus pacificus	Acanthopagrus	Sparidae	Sparidae	Pikey Bream	0	12	False	False	False	ineligible	below_required_observation_threshold	4	0
354333	Acanthopagrus schlegelii	Acanthopagrus	Sparidae	Sparidae	Blackhead Seabream	0	38	False	False	False	ineligible	below_required_observation_threshold	13	0
445599	Acanthopagrus vagus	Acanthopagrus	Sparidae	Sparidae	Wandering Seabream	0	1	False	False	False	ineligible	below_required_observation_threshold	0	0
55532	Archosargus pourtalesii	Archosargus	Sparidae	Sparidae	Blackspot Porgy	0	16	False	False	False	ineligible	below_required_observation_threshold	6	0
49750	Archosargus probatocephalus	Archosargus	Sparidae	Sparidae	Sheepshead	0	220	False	False	False	ineligible	below_required_observation_threshold	76	0
132531	Archosargus rhomboidalis	Archosargus	Sparidae	Sparidae	Western Atlantic Seabream	0	17	False	False	False	ineligible	below_required_observation_threshold	6	0
364941	Argyrops spinifer	Argyrops	Sparidae	Sparidae	Frypan Bream	0	2	False	False	False	ineligible	below_required_observation_threshold	1	0
51399	Argyrozona argyrozona	Argyrozona	Sparidae	Sparidae	Carpenter Seabream	0	3	False	False	False	ineligible	below_required_observation_threshold	1	0
118664	Boops boops	Boops	Sparidae	Sparidae	Bogue	0	176	False	False	False	ineligible	below_required_observation_threshold	61	0
445706	Boopsoidea inornata	Boopsoidea	Sparidae	Sparidae	Fransmadam	0	79	False	False	False	ineligible	below_required_observation_threshold	27	0
49227	Calamus arctifrons	Calamus	Sparidae	Sparidae	Shad Porgy	0	4	False	False	False	ineligible	below_required_observation_threshold	1	0
129563	Calamus bajonado	Calamus	Sparidae	Sparidae	Jolthead Porgy	0	41	False	False	False	ineligible	below_required_observation_threshold	14	0
182488	Calamus brachysomus	Calamus	Sparidae	Sparidae	Pacific Porgy	0	21	False	False	False	ineligible	below_required_observation_threshold	7	0
131525	Calamus calamus	Calamus	Sparidae	Sparidae	Saucereye Porgy	0	20	False	False	False	ineligible	below_required_observation_threshold	7	0
179653	Calamus leucosteus	Calamus	Sparidae	Sparidae	Whitebone Porgy	0	3	False	False	False	ineligible	below_required_observation_threshold	1	0
317015	Calamus nodosus	Calamus	Sparidae	Sparidae	Knobbed Porgy	0	2	False	False	False	ineligible	below_required_observation_threshold	1	0
317016	Calamus penna	Calamus	Sparidae	Sparidae	Sheepshead Porgy	0	12	False	False	False	ineligible	below_required_observation_threshold	4	0
317017	Calamus pennatula	Calamus	Sparidae	Sparidae	Pluma Porgy	0	4	False	False	False	ineligible	below_required_observation_threshold	1	0
317018	Calamus proridens	Calamus	Sparidae	Sparidae	Littlehead Porgy	0	13	False	False	False	ineligible	below_required_observation_threshold	4	0
194891	Calamus taurinus	Calamus	Sparidae	Sparidae	Galápagos Porgy	0	4	False	False	False	ineligible	below_required_observation_threshold	1	0
51541	Cheimerius nufar	Cheimerius	Sparidae	Sparidae	Santer Seabream	0	1	False	False	False	ineligible	below_required_observation_threshold	0	0
445774	Chrysoblephus anglicus	Chrysoblephus	Sparidae	Sparidae	Englishman Seabream	0	1	False	False	False	ineligible	below_required_observation_threshold	0	0
445775	Chrysoblephus cristiceps	Chrysoblephus	Sparidae	Sparidae	Daggerhead Seabream	0	2	False	False	False	ineligible	below_required_observation_threshold	1	0
445776	Chrysoblephus gibbiceps	Chrysoblephus	Sparidae	Sparidae	Red Stumpnose	0	37	False	False	False	ineligible	below_required_observation_threshold	13	0
445777	Chrysoblephus laticeps	Chrysoblephus	Sparidae	Sparidae	Roman Seabream	0	163	False	False	False	ineligible	below_required_observation_threshold	56	0
445779	Chrysoblephus puniceus	Chrysoblephus	Sparidae	Sparidae	Slinger	0	20	False	False	False	ineligible	below_required_observation_threshold	7	0
445835	Crenidens crenidens	Crenidens	Sparidae	Sparidae	Karanteen Seabream	0	1	False	False	False	ineligible	below_required_observation_threshold	0	0
424571	Cymatoceps nasutus	Cymatoceps	Sparidae	Sparidae	Black Musselcracker	0	1	False	False	False	ineligible	below_required_observation_threshold	0	0
445859	Dentex angolensis	Dentex	Sparidae	Sparidae	Angola Dentex	0	1	False	False	False	ineligible	below_required_observation_threshold	0	0
118654	Dentex dentex	Dentex	Sparidae	Sparidae	Dentex	0	76	False	False	False	ineligible	below_required_observation_threshold	26	0
120680	Dentex gibbosus	Dentex	Sparidae	Sparidae	Pink Dentex	0	8	False	False	False	ineligible	below_required_observation_threshold	3	0
445861	Dentex hypselosomus	Dentex	Sparidae	Sparidae	Yellowback Seabream	0	1	False	False	False	ineligible	below_required_observation_threshold	0	0
445862	Dentex macrophthalmus	Dentex	Sparidae	Sparidae	Large-eye dentex	0	1	False	False	False	ineligible	below_required_observation_threshold	0	0
120625	Dentex maroccanus	Dentex	Sparidae	Sparidae	Morocco Dentex	0	4	False	False	False	ineligible	below_required_observation_threshold	1	0
118665	Diplodus annularis	Diplodus	Sparidae	Sparidae	Annular Seabream	0	175	False	False	False	ineligible	below_required_observation_threshold	61	0
147117	Diplodus argenteus	Diplodus	Sparidae	Sparidae	South American Silver Porgy	0	63	False	False	False	ineligible	below_required_observation_threshold	22	0
445866	Diplodus bellottii	Diplodus	Sparidae	Sparidae	Senegal seabream	0	3	False	False	False	ineligible	below_required_observation_threshold	1	0
445867	Diplodus bermudensis	Diplodus	Sparidae	Sparidae	Bermuda Bream	0	5	False	False	False	ineligible	below_required_observation_threshold	2	0
624069	Diplodus cadenati	Diplodus	Sparidae	Sparidae	Moroccan White Seabream	0	206	False	False	False	ineligible	below_required_observation_threshold	71	0
118668	Diplodus capensis	Diplodus	Sparidae	Sparidae	Cape White Seabream	0	118	False	False	False	ineligible	below_required_observation_threshold	41	0
317078	Diplodus caudimacula	Diplodus	Sparidae	Sparidae	Silver Porgy	0	8	False	False	False	ineligible	below_required_observation_threshold	3	0
49984	Diplodus cervinus	Diplodus	Sparidae	Sparidae	Horned Bream	0	148	False	False	False	ineligible	below_required_observation_threshold	51	0
445868	Diplodus fasciatus	Diplodus	Sparidae	Sparidae	Banded Seabream	0	10	False	False	False	ineligible	below_required_observation_threshold	3	0
317079	Diplodus holbrookii	Diplodus	Sparidae	Sparidae	Spottail Seabream	0	45	False	False	False	ineligible	below_required_observation_threshold	16	0
445869	Diplodus hottentotus	Diplodus	Sparidae	Sparidae	Zebra Seabream	0	77	False	False	False	ineligible	below_required_observation_threshold	27	0
624073	Diplodus lineatus	Diplodus	Sparidae	Sparidae	White Seabream	0	23	False	False	False	ineligible	below_required_observation_threshold	8	0
445870	Diplodus noct	Diplodus	Sparidae	Sparidae	Red Sea Seabream	0	13	False	False	False	ineligible	below_required_observation_threshold	4	0
118666	Diplodus prayensis	Diplodus	Sparidae	Sparidae	Two-banded Seabream	0	16	False	False	False	ineligible	below_required_observation_threshold	6	0
53696	Diplodus puntazzo	Diplodus	Sparidae	Sparidae	Sharpsnout Seabream	0	233	False	False	False	ineligible	below_required_observation_threshold	81	0
446063	Gymnocrotaphus curvidens	Gymnocrotaphus	Sparidae	Sparidae	John Brown	0	54	False	False	False	ineligible	below_required_observation_threshold	19	0
104749	Lithognathus lithognathus	Lithognathus	Sparidae	Sparidae	White Steenbras	0	11	False	False	False	ineligible	below_required_observation_threshold	4	0
446324	Pachymetopon aeneum	Pachymetopon	Sparidae	Sparidae	Blue Hottentot	0	4	False	False	False	ineligible	below_required_observation_threshold	1	0
446326	Pachymetopon grande	Pachymetopon	Sparidae	Sparidae	Bronze Seabream	0	3	False	False	False	ineligible	below_required_observation_threshold	1	0
118656	Pagellus acarne	Pagellus	Sparidae	Sparidae	Axillary Seabream	0	41	False	False	False	ineligible	below_required_observation_threshold	14	0
118658	Pagellus bellottii	Pagellus	Sparidae	Sparidae	Red Pandora	0	9	False	False	False	ineligible	below_required_observation_threshold	3	0
118657	Pagellus bogaraveo	Pagellus	Sparidae	Sparidae	Blackspot Seabream	0	6	False	False	False	ineligible	below_required_observation_threshold	2	0
118659	Pagellus erythrinus	Pagellus	Sparidae	Sparidae	Common Pandora	0	58	False	False	False	ineligible	below_required_observation_threshold	20	0
120610	Pagrus auriga	Pagrus	Sparidae	Sparidae	Red-banded Seabream	0	9	False	False	False	ineligible	below_required_observation_threshold	3	0
120611	Pagrus caeruleostictus	Pagrus	Sparidae	Sparidae	Bluespotted Seabream	0	4	False	False	False	ineligible	below_required_observation_threshold	1	0
132534	Pagrus major	Pagrus	Sparidae	Sparidae	Red Seabream	0	10	False	False	False	ineligible	below_required_observation_threshold	3	0
108196	Pagrus pagrus	Pagrus	Sparidae	Sparidae	Red Porgy	0	78	False	False	False	ineligible	below_required_observation_threshold	27	0
366831	Petrus rupestris	Petrus	Sparidae	Sparidae	Red Steenbras	0	19	False	False	False	ineligible	below_required_observation_threshold	7	0
1315965	Polyamblyodon germanus	Polyamblyodon	Sparidae	Sparidae	German Seabream	0	4	False	False	False	ineligible	below_required_observation_threshold	1	0
1315966	Polyamblyodon gibbosus	Polyamblyodon	Sparidae	Sparidae	Cristie	0	3	False	False	False	ineligible	below_required_observation_threshold	1	0
1316595	Porcostoma dentatum	Porcostoma	Sparidae	Sparidae	Dane	0	3	False	False	False	ineligible	below_required_observation_threshold	1	0
446437	Pterogymnus laniarius	Pterogymnus	Sparidae	Sparidae	Panga	0	55	False	False	False	ineligible	below_required_observation_threshold	19	0
446449	Rhabdosargus globiceps	Rhabdosargus	Sparidae	Sparidae	White Stumpnose	0	10	False	False	False	ineligible	below_required_observation_threshold	3	0
446450	Rhabdosargus haffara	Rhabdosargus	Sparidae	Sparidae	Haffara Seabream	0	1	False	False	False	ineligible	below_required_observation_threshold	0	0
127532	Rhabdosargus holubi	Rhabdosargus	Sparidae	Sparidae	Cape Stumpnose	0	13	False	False	False	ineligible	below_required_observation_threshold	4	0
245763	Rhabdosargus sarba	Rhabdosargus	Sparidae	Sparidae	Tarwhine	0	134	False	False	False	ineligible	below_required_observation_threshold	46	0
446452	Rhabdosargus thorpei	Rhabdosargus	Sparidae	Sparidae	Bigeye Stumpnose	0	9	False	False	False	ineligible	below_required_observation_threshold	3	0
360950	Sparodon durbanensis	Sparodon	Sparidae	Sparidae	Musselcracker Seabream	0	17	False	False	False	ineligible	below_required_observation_threshold	6	0
1494783	Sparus aurata	Sparus	Sparidae	Sparidae	Gilthead Seabream	0	241	False	False	False	ineligible	below_required_observation_threshold	83	0
1316003	Spicara axillare	Spicara	Sparidae	Sparidae	Windtoy	0	15	False	False	False	ineligible	below_required_observation_threshold	5	0
1316671	Spicara flexuosum	Spicara	Sparidae	Sparidae		0	7	False	False	False	ineligible	below_required_observation_threshold	2	0
118711	Spicara maena	Spicara	Sparidae	Sparidae	Blotched Picarel	0	36	False	False	False	ineligible	below_required_observation_threshold	12	0
446499	Spicara melanurus	Spicara	Sparidae	Sparidae	Blackspot Picarel	0	3	False	False	False	ineligible	below_required_observation_threshold	1	0
118712	Spicara smaris	Spicara	Sparidae	Sparidae	Picarel	0	10	False	False	False	ineligible	below_required_observation_threshold	3	0
118655	Spondyliosoma cantharus	Spondyliosoma	Sparidae	Sparidae	Black Seabream	0	81	False	False	False	ineligible	below_required_observation_threshold	28	0
446502	Spondyliosoma emarginatum	Spondyliosoma	Sparidae	Sparidae	Steentjie Seabream	0	18	False	False	False	ineligible	below_required_observation_threshold	6	0
56043	Stenotomus chrysops	Stenotomus	Sparidae	Sparidae	Scup	0	59	False	False	False	ineligible	below_required_observation_threshold	20	0
347722	Virididentex acromegalus	Virididentex	Sparidae	Sparidae	Bulldog dentex	0	1	False	False	False	ineligible	below_required_observation_threshold	0	0
47251	Sphyraena barracuda	Sphyraena	Sphyraenidae	Sphyraenidae	Great Barracuda	0	802	True	True	True	common_target_pretraining	requested_target_meets_licensed_abundance_threshold	277	200
179870	Sphyraena forsteri	Sphyraena	Sphyraenidae	Sphyraenidae	Bigeye Barracuda	0	11	False	True	False	rare_target_holdout	requested_target_below_abundance_thresholds	4	0
136601	Sphyraena qenie	Sphyraena	Sphyraenidae	Sphyraenidae	Blackfin Barracuda	0	43	False	True	False	rare_target_holdout	requested_target_below_abundance_thresholds	15	0
621064	Sphyraena afra	Sphyraena	Sphyraenidae	Sphyraenidae	Guinean Barracuda	0	2	False	False	False	ineligible	below_required_observation_threshold	1	0
47262	Sphyraena argentea	Sphyraena	Sphyraenidae	Sphyraenidae	Pacific Barracuda	0	8	False	False	False	ineligible	below_required_observation_threshold	3	0
47252	Sphyraena borealis	Sphyraena	Sphyraenidae	Sphyraenidae	Northern Sennet	0	31	False	False	False	ineligible	below_required_observation_threshold	11	0
47253	Sphyraena ensis	Sphyraena	Sphyraenidae	Sphyraenidae	Mexican Barracuda	0	5	False	False	False	ineligible	below_required_observation_threshold	2	0
182586	Sphyraena flavicauda	Sphyraena	Sphyraenidae	Sphyraenidae	Yellowtail Barracuda	0	17	False	False	False	ineligible	below_required_observation_threshold	6	0
47250	Sphyraena guachancho	Sphyraena	Sphyraenidae	Sphyraenidae	Guachanche Barracuda	0	2	False	False	False	ineligible	below_required_observation_threshold	1	0
121572	Sphyraena helleri	Sphyraena	Sphyraenidae	Sphyraenidae	Heller's Barracuda	0	4	False	False	False	ineligible	below_required_observation_threshold	1	0
47261	Sphyraena idiastes	Sphyraena	Sphyraenidae	Sphyraenidae	Pelican Barracuda	0	11	False	False	False	ineligible	below_required_observation_threshold	4	0
47256	Sphyraena jello	Sphyraena	Sphyraenidae	Sphyraenidae	Pickhandle Barracuda	0	41	False	False	False	ineligible	below_required_observation_threshold	14	0
55386	Sphyraena novaehollandiae	Sphyraena	Sphyraenidae	Sphyraenidae	Snook	0	26	False	False	False	ineligible	below_required_observation_threshold	9	0
47259	Sphyraena obtusata	Sphyraena	Sphyraenidae	Sphyraenidae	Striped Barracuda	0	61	False	False	False	ineligible	below_required_observation_threshold	21	0
136602	Sphyraena putnamae	Sphyraena	Sphyraenidae	Sphyraenidae	Military Barracuda	0	10	False	False	False	ineligible	below_required_observation_threshold	3	0
47255	Sphyraena sphyraena	Sphyraena	Sphyraenidae	Sphyraenidae	European Barracuda	0	7	False	False	False	ineligible	below_required_observation_threshold	2	0
1313599	Sphyraena stellata	Sphyraena	Sphyraenidae	Sphyraenidae		0	1	False	False	False	ineligible	below_required_observation_threshold	0	0
47260	Sphyraena viridensis	Sphyraena	Sphyraenidae	Sphyraenidae	Yellowmouth Barracuda	0	107	False	False	False	ineligible	below_required_observation_threshold	37	0
102823	Hippocampus histrix	Hippocampus	Syngnathidae	Syngnathidae	Spiny Seahorse	0	501	True	False	True	broad_pretraining	global_licensed_abundance	173	100
530947	Acentronura breviperula	Acentronura	Syngnathidae	Syngnathidae	Shortpouch Pygmy Pipehorse	0	13	False	False	False	ineligible	below_required_observation_threshold	4	0
142921	Acentronura tentaculata	Acentronura	Syngnathidae	Syngnathidae	Dwarf Pipehorse	0	6	False	False	False	ineligible	below_required_observation_threshold	2	0
621421	Amphelikturus dendriticus	Amphelikturus	Syngnathidae	Syngnathidae	Pipehorse	0	4	False	False	False	ineligible	below_required_observation_threshold	1	0
450417	Bryx dunckeri	Bryx	Syngnathidae	Syngnathidae	Pugnose Pipefish	0	1	False	False	False	ineligible	below_required_observation_threshold	0	0
530949	Bulbonaricus brauni	Bulbonaricus	Syngnathidae	Syngnathidae	Braun's Pughead Pipefish	0	3	False	False	False	ineligible	below_required_observation_threshold	1	0
98543	Corythoichthys amplexus	Corythoichthys	Syngnathidae	Syngnathidae	Redbanded Pipefish	0	14	False	False	False	ineligible	below_required_observation_threshold	5	0
358325	Corythoichthys benedetto	Corythoichthys	Syngnathidae	Syngnathidae	Benedetto's Pipefish	0	1	False	False	False	ineligible	below_required_observation_threshold	0	0
530959	Corythoichthys conspicillatus	Corythoichthys	Syngnathidae	Syngnathidae	Reticulate Pipefish	0	16	False	False	False	ineligible	below_required_observation_threshold	6	0
129552	Corythoichthys flavofasciatus	Corythoichthys	Syngnathidae	Syngnathidae	Network Pipefish	0	45	False	False	False	ineligible	below_required_observation_threshold	16	0
136416	Corythoichthys haematopterus	Corythoichthys	Syngnathidae	Syngnathidae	Reeftop Pipefish	0	37	False	False	False	ineligible	below_required_observation_threshold	13	0
621427	Corythoichthys insularis	Corythoichthys	Syngnathidae	Syngnathidae	Red-cheeked Pipefish	0	1	False	False	False	ineligible	below_required_observation_threshold	0	0
424795	Corythoichthys intestinalis	Corythoichthys	Syngnathidae	Syngnathidae	Messmate Pipefish	0	15	False	False	False	ineligible	below_required_observation_threshold	5	0
491535	Corythoichthys nigripectus	Corythoichthys	Syngnathidae	Syngnathidae	Black-breasted Pipefish	0	3	False	False	False	ineligible	below_required_observation_threshold	1	0
136417	Corythoichthys ocellatus	Corythoichthys	Syngnathidae	Syngnathidae	Orange-spotted Pipefish	0	6	False	False	False	ineligible	below_required_observation_threshold	2	0
621428	Corythoichthys polynotatus	Corythoichthys	Syngnathidae	Syngnathidae	yellow-spotted pipefish	0	1	False	False	False	ineligible	below_required_observation_threshold	0	0
357826	Corythoichthys schultzi	Corythoichthys	Syngnathidae	Syngnathidae	Schultz's Pipefish	0	26	False	False	False	ineligible	below_required_observation_threshold	9	0
194215	Cosmocampus albirostris	Cosmocampus	Syngnathidae	Syngnathidae	Whitenose Pipefish	0	11	False	False	False	ineligible	below_required_observation_threshold	4	0
317060	Cosmocampus brachycephalus	Cosmocampus	Syngnathidae	Syngnathidae	American Crested Pipefish	0	2	False	False	False	ineligible	below_required_observation_threshold	1	0
98553	Cosmocampus elucens	Cosmocampus	Syngnathidae	Syngnathidae	Shortfin Pipefish	0	27	False	False	False	ineligible	below_required_observation_threshold	9	0
1313184	Doryrhamphus abbreviatus	Doryrhamphus	Syngnathidae	Syngnathidae		0	3	False	False	False	ineligible	below_required_observation_threshold	1	0
121257	Doryrhamphus excisus	Doryrhamphus	Syngnathidae	Syngnathidae	Bluestripe Pipefish	0	8	False	False	False	ineligible	below_required_observation_threshold	3	0
99547	Doryrhamphus janssi	Doryrhamphus	Syngnathidae	Syngnathidae	Cleaner Pipefish	0	2	False	False	False	ineligible	below_required_observation_threshold	1	0
487540	Doryrhamphus japonicus	Doryrhamphus	Syngnathidae	Syngnathidae	Honshu Pipefish	0	1	False	False	False	ineligible	below_required_observation_threshold	0	0
1316825	Doryrhamphus melanopleura	Doryrhamphus	Syngnathidae	Syngnathidae		0	5	False	False	False	ineligible	below_required_observation_threshold	2	0
621442	Dunckerocampus baldwini	Dunckerocampus	Syngnathidae	Syngnathidae	Redstripe Pipefish	0	2	False	False	False	ineligible	below_required_observation_threshold	1	0
471303	Dunckerocampus dactyliophorus	Dunckerocampus	Syngnathidae	Syngnathidae	Banded Pipefish	0	49	False	False	False	ineligible	below_required_observation_threshold	17	0
621444	Dunckerocampus multiannulatus	Dunckerocampus	Syngnathidae	Syngnathidae	Many-Banded Pipefish	0	1	False	False	False	ineligible	below_required_observation_threshold	0	0
345720	Dunckerocampus naia	Dunckerocampus	Syngnathidae	Syngnathidae	Naia Pipefish	0	5	False	False	False	ineligible	below_required_observation_threshold	2	0
530966	Dunckerocampus pessuliferus	Dunckerocampus	Syngnathidae	Syngnathidae	Yellowbanded Pipefish	0	2	False	False	False	ineligible	below_required_observation_threshold	1	0
363798	Entelurus aequoreus	Entelurus	Syngnathidae	Syngnathidae	Snake Pipefish	0	19	False	False	False	ineligible	below_required_observation_threshold	7	0
1015425	Festucalex rufus	Festucalex	Syngnathidae	Syngnathidae		0	1	False	False	False	ineligible	below_required_observation_threshold	0	0
513705	Filicampus tigris	Filicampus	Syngnathidae	Syngnathidae	Tiger Pipefish	0	2	False	False	False	ineligible	below_required_observation_threshold	1	0
530969	Halicampus boothae	Halicampus	Syngnathidae	Syngnathidae	Booth's Pipefish	0	10	False	False	False	ineligible	below_required_observation_threshold	3	0
1316822	Halicampus crinitus	Halicampus	Syngnathidae	Syngnathidae	Harlequin Pipefish	0	9	False	False	False	ineligible	below_required_observation_threshold	3	0
530971	Halicampus dunckeri	Halicampus	Syngnathidae	Syngnathidae	Ridgenose Pipefish	0	2	False	False	False	ineligible	below_required_observation_threshold	1	0
197034	Halicampus macrorhynchus	Halicampus	Syngnathidae	Syngnathidae	Winged pipefish	0	6	False	False	False	ineligible	below_required_observation_threshold	2	0
102808	Hippichthys spicifer	Hippichthys	Syngnathidae	Syngnathidae	Bellybar Pipefish	0	1	False	False	False	ineligible	below_required_observation_threshold	0	0
69837	Hippocampus abdominalis	Hippocampus	Syngnathidae	Syngnathidae	Bigbelly Seahorse	0	131	False	False	False	ineligible	below_required_observation_threshold	45	0
102809	Hippocampus algiricus	Hippocampus	Syngnathidae	Syngnathidae	West African Seahorse	0	17	False	False	False	ineligible	below_required_observation_threshold	6	0
102812	Hippocampus bargibanti	Hippocampus	Syngnathidae	Syngnathidae	Pygmy Seahorse	0	59	False	False	False	ineligible	below_required_observation_threshold	20	0
69836	Hippocampus breviceps	Hippocampus	Syngnathidae	Syngnathidae	Shorthead Seahorse	0	19	False	False	False	ineligible	below_required_observation_threshold	7	0
102814	Hippocampus camelopardalis	Hippocampus	Syngnathidae	Syngnathidae	Giraffe Seahorse	0	1	False	False	False	ineligible	below_required_observation_threshold	0	0
102815	Hippocampus capensis	Hippocampus	Syngnathidae	Syngnathidae	Knysna Seahorse	0	9	False	False	False	ineligible	below_required_observation_threshold	3	0
102816	Hippocampus comes	Hippocampus	Syngnathidae	Syngnathidae	Tiger Tail Seahorse	0	20	False	False	False	ineligible	below_required_observation_threshold	7	0
102818	Hippocampus denise	Hippocampus	Syngnathidae	Syngnathidae	Denise's Pygmy Seahorse	0	21	False	False	False	ineligible	below_required_observation_threshold	7	0
54540	Hippocampus erectus	Hippocampus	Syngnathidae	Syngnathidae	Northern Seahorse	0	103	False	False	False	ineligible	below_required_observation_threshold	36	0
102820	Hippocampus fuscus	Hippocampus	Syngnathidae	Syngnathidae	Sea Pony	0	1	False	False	False	ineligible	below_required_observation_threshold	0	0
102821	Hippocampus guttulatus	Hippocampus	Syngnathidae	Syngnathidae	Long-snouted Seahorse	0	48	False	False	False	ineligible	below_required_observation_threshold	17	0
84969	Hippocampus hippocampus	Hippocampus	Syngnathidae	Syngnathidae	Short-snouted Seahorse	0	48	False	False	False	ineligible	below_required_observation_threshold	17	0
102824	Hippocampus ingens	Hippocampus	Syngnathidae	Syngnathidae	Giant Seahorse	0	51	False	False	False	ineligible	below_required_observation_threshold	18	0
102825	Hippocampus jayakari	Hippocampus	Syngnathidae	Syngnathidae	Jayakar's Seahorse	0	9	False	False	False	ineligible	below_required_observation_threshold	3	0
102826	Hippocampus kelloggi	Hippocampus	Syngnathidae	Syngnathidae	Great Seahorse	0	2	False	False	False	ineligible	below_required_observation_threshold	1	0
84970	Hippocampus kuda	Hippocampus	Syngnathidae	Syngnathidae	Common Seahorse	0	238	False	False	False	ineligible	below_required_observation_threshold	82	0
322107	Hippocampus patagonicus	Hippocampus	Syngnathidae	Syngnathidae	Patagonian Seahorse	0	3	False	False	False	ineligible	below_required_observation_threshold	1	0
102830	Hippocampus pontohi	Hippocampus	Syngnathidae	Syngnathidae	Weedy Pygmy Seahorse	0	18	False	False	False	ineligible	below_required_observation_threshold	6	0
102831	Hippocampus reidi	Hippocampus	Syngnathidae	Syngnathidae	Longsnout Seahorse	0	118	False	False	False	ineligible	below_required_observation_threshold	41	0
102835	Hippocampus spinosissimus	Hippocampus	Syngnathidae	Syngnathidae	Queensland Seahorse	0	46	False	False	False	ineligible	below_required_observation_threshold	16	0
102836	Hippocampus subelongatus	Hippocampus	Syngnathidae	Syngnathidae	West Australian Seahorse	0	15	False	False	False	ineligible	below_required_observation_threshold	5	0
102837	Hippocampus trimaculatus	Hippocampus	Syngnathidae	Syngnathidae	Three-spot Seahorse	0	6	False	False	False	ineligible	below_required_observation_threshold	2	0
102838	Hippocampus whitei	Hippocampus	Syngnathidae	Syngnathidae	White's Seahorse	0	21	False	False	False	ineligible	below_required_observation_threshold	7	0
102840	Hippocampus zosterae	Hippocampus	Syngnathidae	Syngnathidae	Dwarf Seahorse	0	15	False	False	False	ineligible	below_required_observation_threshold	5	0
530985	Histiogamphelus briggsii	Histiogamphelus	Syngnathidae	Syngnathidae	Crested Pipefish	0	1	False	False	False	ineligible	below_required_observation_threshold	0	0
103268	Ichthyocampus carce	Ichthyocampus	Syngnathidae	Syngnathidae	Freshwater Pipefish	0	1	False	False	False	ineligible	below_required_observation_threshold	0	0
511866	Idiotropiscis lumnitzeri	Idiotropiscis	Syngnathidae	Syngnathidae	Sydney's Pygmy Pipehorse	0	1	False	False	False	ineligible	below_required_observation_threshold	0	0
474215	Kyonemichthys rumengani	Kyonemichthys	Syngnathidae	Syngnathidae	Thread Pipefish	0	8	False	False	False	ineligible	below_required_observation_threshold	3	0
530992	Leptoichthys fistularius	Leptoichthys	Syngnathidae	Syngnathidae	Brushtail Pipefish	0	1	False	False	False	ineligible	below_required_observation_threshold	0	0
621457	Leptonotus blainvilleanus	Leptonotus	Syngnathidae	Syngnathidae	Deep-bodied Pipefish	0	4	False	False	False	ineligible	below_required_observation_threshold	1	0
621458	Leptonotus elevatus	Leptonotus	Syngnathidae	Syngnathidae	High-body Pipefish	0	1	False	False	False	ineligible	below_required_observation_threshold	0	0
621459	Leptonotus norae	Leptonotus	Syngnathidae	Syngnathidae	Longsnout Pipefish	0	2	False	False	False	ineligible	below_required_observation_threshold	1	0
1114645	Leptonotus vincentae	Leptonotus	Syngnathidae	Syngnathidae	Patagonian pipefish	0	1	False	False	False	ineligible	below_required_observation_threshold	0	0
502901	Lissocampus filum	Lissocampus	Syngnathidae	Syngnathidae	Shortsnout Pipefish	0	7	False	False	False	ineligible	below_required_observation_threshold	2	0
514932	Lissocampus runa	Lissocampus	Syngnathidae	Syngnathidae	Javelin Pipefish	0	1	False	False	False	ineligible	below_required_observation_threshold	0	0
153971	Micrognathus andersonii	Micrognathus	Syngnathidae	Syngnathidae	Anderson's Pipefish	0	1	False	False	False	ineligible	below_required_observation_threshold	0	0
530998	Micrognathus pygmaeus	Micrognathus	Syngnathidae	Syngnathidae	Thorntail Pipefish	0	1	False	False	False	ineligible	below_required_observation_threshold	0	0
105808	Microphis brachyurus	Microphis	Syngnathidae	Syngnathidae	Short-tailed Pipefish	0	1	False	False	False	ineligible	below_required_observation_threshold	0	0
1508368	Microphis deokhatoides	Microphis	Syngnathidae	Syngnathidae		0	1	False	False	False	ineligible	below_required_observation_threshold	0	0
621465	Microphis fluviatilis	Microphis	Syngnathidae	Syngnathidae	Freshwater Pipefish	0	2	False	False	False	ineligible	below_required_observation_threshold	1	0
621466	Microphis lineatus	Microphis	Syngnathidae	Syngnathidae	Opossum Pipefish	0	4	False	False	False	ineligible	below_required_observation_threshold	1	0
1508369	Microphis martensii	Microphis	Syngnathidae	Syngnathidae	longsnouted pipefish	0	2	False	False	False	ineligible	below_required_observation_threshold	1	0
621476	Nannocampus pictus	Nannocampus	Syngnathidae	Syngnathidae	Painted Reef Pipefish	0	1	False	False	False	ineligible	below_required_observation_threshold	0	0
446242	Nerophis lumbriciformis	Nerophis	Syngnathidae	Syngnathidae	Worm Pipefish	0	150	False	False	False	ineligible	below_required_observation_threshold	52	0
446243	Nerophis maculatus	Nerophis	Syngnathidae	Syngnathidae	Spotted pipefish	0	2	False	False	False	ineligible	below_required_observation_threshold	1	0
118623	Nerophis ophidion	Nerophis	Syngnathidae	Syngnathidae	Straightnose Pipefish	0	8	False	False	False	ineligible	below_required_observation_threshold	3	0
49105	Phycodurus eques	Phycodurus	Syngnathidae	Syngnathidae	Leafy Seadragon	0	5	False	False	False	ineligible	below_required_observation_threshold	2	0
531007	Phyllopteryx dewysea	Phyllopteryx	Syngnathidae	Syngnathidae	Ruby Seadragon	0	3	False	False	False	ineligible	below_required_observation_threshold	1	0
54536	Phyllopteryx taeniolatus	Phyllopteryx	Syngnathidae	Syngnathidae	Weedy Seadragon	0	139	False	False	False	ineligible	below_required_observation_threshold	48	0
85248	Siokunichthys nigrolineatus	Siokunichthys	Syngnathidae	Syngnathidae	Mushroom-coral pipefish	0	2	False	False	False	ineligible	below_required_observation_threshold	1	0
112741	Solegnathus spinosissimus	Solegnathus	Syngnathidae	Syngnathidae	Spiny Pipehorse	0	2	False	False	False	ineligible	below_required_observation_threshold	1	0
353486	Stigmatopora argus	Stigmatopora	Syngnathidae	Syngnathidae	Spotted Pipefish	0	5	False	False	False	ineligible	below_required_observation_threshold	2	0
502900	Stigmatopora macropterygia	Stigmatopora	Syngnathidae	Syngnathidae	Long-snouted Pipefish	0	5	False	False	False	ineligible	below_required_observation_threshold	2	0
353487	Stigmatopora nigra	Stigmatopora	Syngnathidae	Syngnathidae	Widebody Pipefish	0	1	False	False	False	ineligible	below_required_observation_threshold	0	0
531010	Stipecampus cristatus	Stipecampus	Syngnathidae	Syngnathidae	Ringback Pipefish	0	5	False	False	False	ineligible	below_required_observation_threshold	2	0
69834	Syngnathoides biaculeatus	Syngnathoides	Syngnathidae	Syngnathidae	Double-end Pipehorse	0	5	False	False	False	ineligible	below_required_observation_threshold	2	0
113578	Syngnathus abaster	Syngnathus	Syngnathidae	Syngnathidae	Black-striped Pipefish	0	23	False	False	False	ineligible	below_required_observation_threshold	8	0
118624	Syngnathus acus	Syngnathus	Syngnathidae	Syngnathidae	Greater Pipefish	0	37	False	False	False	ineligible	below_required_observation_threshold	13	0
113579	Syngnathus auliscus	Syngnathus	Syngnathidae	Syngnathidae	Barred Pipefish	0	1	False	False	False	ineligible	below_required_observation_threshold	0	0
117570	Syngnathus californiensis	Syngnathus	Syngnathidae	Syngnathidae	Kelp Pipefish	0	109	False	False	False	ineligible	below_required_observation_threshold	38	0
1316821	Syngnathus caspius	Syngnathus	Syngnathidae	Syngnathidae	Caspian Pipefish	0	1	False	False	False	ineligible	below_required_observation_threshold	0	0
113581	Syngnathus floridae	Syngnathus	Syngnathidae	Syngnathidae	Dusky Pipefish	0	19	False	False	False	ineligible	below_required_observation_threshold	7	0
146828	Syngnathus fuscus	Syngnathus	Syngnathidae	Syngnathidae	Northern Pipefish	0	122	False	False	False	ineligible	below_required_observation_threshold	42	0
179449	Syngnathus louisianae	Syngnathus	Syngnathidae	Syngnathidae	Chain Pipefish	0	29	False	False	False	ineligible	below_required_observation_threshold	10	0
317417	Syngnathus makaxi	Syngnathus	Syngnathidae	Syngnathidae	Yucatan Pipefish	0	1	False	False	False	ineligible	below_required_observation_threshold	0	0
179451	Syngnathus pelagicus	Syngnathus	Syngnathidae	Syngnathidae	Sargassum Pipefish	0	5	False	False	False	ineligible	below_required_observation_threshold	2	0
446544	Syngnathus rostellatus	Syngnathus	Syngnathidae	Syngnathidae	Lesser Pipefish	0	9	False	False	False	ineligible	below_required_observation_threshold	3	0
113583	Syngnathus scovelli	Syngnathus	Syngnathidae	Syngnathidae	Gulf Pipefish	0	37	False	False	False	ineligible	below_required_observation_threshold	13	0
1015426	Syngnathus temminckii	Syngnathus	Syngnathidae	Syngnathidae	Longsnout Pipefish	0	70	False	False	False	ineligible	below_required_observation_threshold	24	0
188499	Syngnathus tenuirostris	Syngnathus	Syngnathidae	Syngnathidae	Narrow-snouted Pipefish	0	8	False	False	False	ineligible	below_required_observation_threshold	3	0
118625	Syngnathus typhle	Syngnathus	Syngnathidae	Syngnathidae	Broadnosed Pipefish	0	75	False	False	False	ineligible	below_required_observation_threshold	26	0
272548	Trachyrhamphus bicoarctatus	Trachyrhamphus	Syngnathidae	Syngnathidae	Bentstick Pipefish	0	30	False	False	False	ineligible	below_required_observation_threshold	10	0
369202	Trachyrhamphus longirostris	Trachyrhamphus	Syngnathidae	Syngnathidae	Straightstick Pipefish	0	1	False	False	False	ineligible	below_required_observation_threshold	0	0
49404	Synodus intermedius	Synodus	Synodontidae	Synodontidae	Sand Diver	0	257	True	False	True	broad_pretraining	global_licensed_abundance	89	100
512127	Harpadon nehereus	Harpadon	Synodontidae	Synodontidae	Bombay Duck	0	5	False	False	False	ineligible	below_required_observation_threshold	2	0
333066	Saurida flamma	Saurida	Synodontidae	Synodontidae	Orangemouth Lizardfish	0	1	False	False	False	ineligible	below_required_observation_threshold	0	0
196571	Saurida gracilis	Saurida	Synodontidae	Synodontidae	Slender Lizardfish	0	61	False	False	False	ineligible	below_required_observation_threshold	21	0
335080	Saurida nebulosa	Saurida	Synodontidae	Synodontidae	Clouded Lizardfish	0	18	False	False	False	ineligible	below_required_observation_threshold	6	0
347753	Saurida tumbil	Saurida	Synodontidae	Synodontidae	Common Saury	0	2	False	False	False	ineligible	below_required_observation_threshold	1	0
131423	Saurida undosquamis	Saurida	Synodontidae	Synodontidae	Large-scaled Grinner	0	1	False	False	False	ineligible	below_required_observation_threshold	0	0
1664760	Synodus autumnus	Synodus	Synodontidae	Synodontidae	Autumn Lizardfish	0	1	False	False	False	ineligible	below_required_observation_threshold	0	0
196569	Synodus binotatus	Synodus	Synodontidae	Synodontidae	Twospot Lizardfish	0	10	False	False	False	ineligible	below_required_observation_threshold	3	0
621499	Synodus capricornis	Synodus	Synodontidae	Synodontidae	Capricorn Lizardfish	0	1	False	False	False	ineligible	below_required_observation_threshold	0	0
121227	Synodus dermatogenys	Synodus	Synodontidae	Synodontidae	Bluestripe Lizardfish	0	81	False	False	False	ineligible	below_required_observation_threshold	28	0
54440	Synodus foetens	Synodus	Synodontidae	Synodontidae	Inshore Lizardfish	0	68	False	False	False	ineligible	below_required_observation_threshold	24	0
143072	Synodus jaculum	Synodus	Synodontidae	Synodontidae	Tailspot Lizardfish	0	3	False	False	False	ineligible	below_required_observation_threshold	1	0
57347	Synodus lacertinus	Synodus	Synodontidae	Synodontidae	Sauro Lizardfish	0	61	False	False	False	ineligible	below_required_observation_threshold	21	0
113700	Synodus lucioceps	Synodus	Synodontidae	Synodontidae	California Lizardfish	0	6	False	False	False	ineligible	below_required_observation_threshold	2	0
621513	Synodus randalli	Synodus	Synodontidae	Synodontidae	Randall's Lizardfish	0	2	False	False	False	ineligible	below_required_observation_threshold	1	0
196568	Synodus rubromarmoratus	Synodus	Synodontidae	Synodontidae	Redmarbled Lizardfish	0	4	False	False	False	ineligible	below_required_observation_threshold	1	0
113701	Synodus saurus	Synodus	Synodontidae	Synodontidae	Atlantic Lizardfish	0	113	False	False	False	ineligible	below_required_observation_threshold	39	0
113702	Synodus scituliceps	Synodus	Synodontidae	Synodontidae	Shorthead Lizardfish	0	2	False	False	False	ineligible	below_required_observation_threshold	1	0
113703	Synodus sechurae	Synodus	Synodontidae	Synodontidae	Sechura Lizardfish	0	4	False	False	False	ineligible	below_required_observation_threshold	1	0
502395	Synodus similis	Synodus	Synodontidae	Synodontidae	Streaky Lizardfish	0	1	False	False	False	ineligible	below_required_observation_threshold	0	0
131428	Synodus synodus	Synodus	Synodontidae	Synodontidae	Red Lizardfish	0	93	False	False	False	ineligible	below_required_observation_threshold	32	0
123123	Synodus ulae	Synodus	Synodontidae	Synodontidae	Hawaiian Lizardfish	0	3	False	False	False	ineligible	below_required_observation_threshold	1	0
123124	Synodus variegatus	Synodus	Synodontidae	Synodontidae	Variegated Lizardfish	0	195	False	False	False	ineligible	below_required_observation_threshold	67	0
131430	Trachinocephalus myops	Trachinocephalus	Synodontidae	Synodontidae	Snakefish	0	11	False	False	False	ineligible	below_required_observation_threshold	4	0
544283	Trachinocephalus trachinus	Trachinocephalus	Synodontidae	Synodontidae	Painted Grinner	0	10	False	False	False	ineligible	below_required_observation_threshold	3	0
368152	Amniataba caudavittata	Amniataba	Terapontidae	Terapontidae	Yellowtail Grunter	0	4	False	False	False	ineligible	below_required_observation_threshold	1	0
202145	Amniataba percoides	Amniataba	Terapontidae	Terapontidae	Barred Grunter	0	59	False	False	False	ineligible	below_required_observation_threshold	20	0
95759	Bidyanus bidyanus	Bidyanus	Terapontidae	Terapontidae	Silver Perch	0	4	False	False	False	ineligible	below_required_observation_threshold	1	0
622527	Helotes octolineatus	Helotes	Terapontidae	Terapontidae	Western Striped Grunter	0	72	False	False	False	ineligible	below_required_observation_threshold	25	0
1316667	Helotes sexlineatus	Helotes	Terapontidae	Terapontidae	six-lined grunter	0	1	False	False	False	ineligible	below_required_observation_threshold	0	0
523369	Hephaestus carbo	Hephaestus	Terapontidae	Terapontidae	Coal Grunter	0	13	False	False	False	ineligible	below_required_observation_threshold	4	0
342752	Hephaestus fuliginosus	Hephaestus	Terapontidae	Terapontidae	Sooty Grunter	0	29	False	False	False	ineligible	below_required_observation_threshold	10	0
500979	Hephaestus jenkinsi	Hephaestus	Terapontidae	Terapontidae	Western Sooty Grunter	0	2	False	False	False	ineligible	below_required_observation_threshold	1	0
102643	Hephaestus trimaculatus	Hephaestus	Terapontidae	Terapontidae	Threespot grunter	0	1	False	False	False	ineligible	below_required_observation_threshold	0	0
531023	Hephaestus tulliensis	Hephaestus	Terapontidae	Terapontidae	Khaki Grunter	0	1	False	False	False	ineligible	below_required_observation_threshold	0	0
104132	Leiopotherapon aheneus	Leiopotherapon	Terapontidae	Terapontidae	Fortescue Grunter	0	1	False	False	False	ineligible	below_required_observation_threshold	0	0
368294	Leiopotherapon unicolor	Leiopotherapon	Terapontidae	Terapontidae	Spangled Perch	0	63	False	False	False	ineligible	below_required_observation_threshold	22	0
187665	Mesopristes argenteus	Mesopristes	Terapontidae	Terapontidae	Silver Grunter	0	8	False	False	False	ineligible	below_required_observation_threshold	3	0
127438	Pelates quadrilineatus	Pelates	Terapontidae	Terapontidae	Fourline Striped Grunter	0	1	False	False	False	ineligible	below_required_observation_threshold	0	0
109012	Pelates sexlineatus	Pelates	Terapontidae	Terapontidae	Eastern Striped Grunter	0	8	False	False	False	ineligible	below_required_observation_threshold	3	0
531024	Pelsartia humeralis	Pelsartia	Terapontidae	Terapontidae	Sea Trumpeter	0	11	False	False	False	ineligible	below_required_observation_threshold	4	0
109540	Pingalla midgleyi	Pingalla	Terapontidae	Terapontidae	Midgley's Grunter	0	1	False	False	False	ineligible	below_required_observation_threshold	0	0
531028	Syncomistes butleri	Syncomistes	Terapontidae	Terapontidae	Sharpnose Grunter	0	1	False	False	False	ineligible	below_required_observation_threshold	0	0
113902	Terapon jarbua	Terapon	Terapontidae	Terapontidae	Crescent Grunter	0	229	False	False	False	ineligible	below_required_observation_threshold	79	0
531030	Terapon puta	Terapon	Terapontidae	Terapontidae	Spinycheek Grunter	0	5	False	False	False	ineligible	below_required_observation_threshold	2	0
113903	Terapon theraps	Terapon	Terapontidae	Terapontidae	Largescale Grunter	0	16	False	False	False	ineligible	below_required_observation_threshold	6	0
144017	Arothron hispidus	Arothron	Tetraodontidae	Tetraodontidae	White-spotted Puffer	0	466	True	True	True	common_target_pretraining	requested_target_meets_licensed_abundance_threshold	161	100
119385	Arothron nigropunctatus	Arothron	Tetraodontidae	Tetraodontidae	Blackspotted Puffer	0	519	True	True	True	common_target_pretraining	requested_target_meets_licensed_abundance_threshold	180	100
129549	Canthigaster valentini	Canthigaster	Tetraodontidae	Tetraodontidae	Blacksaddle Toby	0	298	True	True	True	common_target_pretraining	requested_target_meets_licensed_abundance_threshold	103	100
83318	Arothron meleagris	Arothron	Tetraodontidae	Tetraodontidae	Guineafowl Puffer	0	688	True	False	True	broad_pretraining	global_licensed_abundance	238	200
128857	Canthigaster rostrata	Canthigaster	Tetraodontidae	Tetraodontidae	Caribbean Sharpnose Puffer	0	391	True	False	True	broad_pretraining	global_licensed_abundance	135	100
311414	Tetractenos glaber	Tetractenos	Tetraodontidae	Tetraodontidae	Smooth Toadfish	0	257	True	False	True	broad_pretraining	global_licensed_abundance	89	100
153278	Arothron caeruleopunctatus	Arothron	Tetraodontidae	Tetraodontidae	Bluespotted Puffer	0	40	False	True	False	rare_target_holdout	requested_target_below_abundance_thresholds	14	0
196935	Arothron manilensis	Arothron	Tetraodontidae	Tetraodontidae	Narrowlined Puffer	0	122	False	True	False	rare_target_holdout	requested_target_below_abundance_thresholds	42	0
196933	Canthigaster bennetti	Canthigaster	Tetraodontidae	Tetraodontidae	Whitebelly Toby	0	66	False	True	False	rare_target_holdout	requested_target_below_abundance_thresholds	23	0
196943	Canthigaster compressa	Canthigaster	Tetraodontidae	Tetraodontidae	Fingerprint Toby	0	48	False	True	False	rare_target_holdout	requested_target_below_abundance_thresholds	17	0
196932	Canthigaster papua	Canthigaster	Tetraodontidae	Tetraodontidae	Papuan Toby	0	69	False	True	False	rare_target_holdout	requested_target_below_abundance_thresholds	24	0
1316529	Amblyrhynchote honckenii	Amblyrhynchote	Tetraodontidae	Tetraodontidae	Evileye Blaasop	0	66	False	False	False	ineligible	below_required_observation_threshold	23	0
335075	Arothron diadematus	Arothron	Tetraodontidae	Tetraodontidae	Masked Puffer	0	192	False	False	False	ineligible	below_required_observation_threshold	66	0
445671	Arothron firmamentum	Arothron	Tetraodontidae	Tetraodontidae	Starry Toadfish	0	9	False	False	False	ineligible	below_required_observation_threshold	3	0
415123	Arothron immaculatus	Arothron	Tetraodontidae	Tetraodontidae	Yellow-eyed Puffer	0	35	False	False	False	ineligible	below_required_observation_threshold	12	0
445672	Arothron inconditus	Arothron	Tetraodontidae	Tetraodontidae	Belly-striped Puffer	0	10	False	False	False	ineligible	below_required_observation_threshold	3	0
124906	Arothron mappa	Arothron	Tetraodontidae	Tetraodontidae	Map Puffer	0	121	False	False	False	ineligible	below_required_observation_threshold	42	0
621534	Arothron multilineatus	Arothron	Tetraodontidae	Tetraodontidae	Multilined Puffer	0	2	False	False	False	ineligible	below_required_observation_threshold	1	0
445674	Arothron reticularis	Arothron	Tetraodontidae	Tetraodontidae	Reticulated Puffer	0	8	False	False	False	ineligible	below_required_observation_threshold	3	0
196936	Arothron stellatus	Arothron	Tetraodontidae	Tetraodontidae	Starry Puffer	0	166	False	False	False	ineligible	below_required_observation_threshold	57	0
82169	Canthigaster amboinensis	Canthigaster	Tetraodontidae	Tetraodontidae	Ambon Toby	0	73	False	False	False	ineligible	below_required_observation_threshold	25	0
445720	Canthigaster axiologus	Canthigaster	Tetraodontidae	Tetraodontidae	Pacific Crown Toby	0	5	False	False	False	ineligible	below_required_observation_threshold	2	0
445721	Canthigaster callisterna	Canthigaster	Tetraodontidae	Tetraodontidae	Clown Toby	0	26	False	False	False	ineligible	below_required_observation_threshold	9	0
128858	Canthigaster capistrata	Canthigaster	Tetraodontidae	Tetraodontidae	Macaronesian Toby	0	91	False	False	False	ineligible	below_required_observation_threshold	31	0
122031	Canthigaster coronata	Canthigaster	Tetraodontidae	Tetraodontidae	Hawaiian Crown Toby	0	19	False	False	False	ineligible	below_required_observation_threshold	7	0
354516	Canthigaster cyanospilota	Canthigaster	Tetraodontidae	Tetraodontidae	Blue-spotted Toby	0	15	False	False	False	ineligible	below_required_observation_threshold	5	0
121758	Canthigaster epilampra	Canthigaster	Tetraodontidae	Tetraodontidae	Lantern Toby	0	4	False	False	False	ineligible	below_required_observation_threshold	1	0
128856	Canthigaster figueiredoi	Canthigaster	Tetraodontidae	Tetraodontidae	Southern Atlantic Toby	0	2	False	False	False	ineligible	below_required_observation_threshold	1	0
123147	Canthigaster jactator	Canthigaster	Tetraodontidae	Tetraodontidae	Hawaiian Spotted Toby	0	216	False	False	False	ineligible	below_required_observation_threshold	75	0
123146	Canthigaster janthinoptera	Canthigaster	Tetraodontidae	Tetraodontidae	Honeycomb Toby	0	22	False	False	False	ineligible	below_required_observation_threshold	8	0
362166	Canthigaster margaritata	Canthigaster	Tetraodontidae	Tetraodontidae	Pearl Toby	0	60	False	False	False	ineligible	below_required_observation_threshold	21	0
445727	Canthigaster natalensis	Canthigaster	Tetraodontidae	Tetraodontidae	Natal Toby	0	7	False	False	False	ineligible	below_required_observation_threshold	2	0
445728	Canthigaster petersii	Canthigaster	Tetraodontidae	Tetraodontidae	Peter's Toby	0	28	False	False	False	ineligible	below_required_observation_threshold	10	0
445729	Canthigaster punctata	Canthigaster	Tetraodontidae	Tetraodontidae	Sand Toby	0	4	False	False	False	ineligible	below_required_observation_threshold	1	0
96714	Canthigaster punctatissima	Canthigaster	Tetraodontidae	Tetraodontidae	Spotted Sharpnose Puffer	0	139	False	False	False	ineligible	below_required_observation_threshold	48	0
445730	Canthigaster pygmaea	Canthigaster	Tetraodontidae	Tetraodontidae	Pygmy Toby	0	2	False	False	False	ineligible	below_required_observation_threshold	1	0
347529	Canthigaster rivulata	Canthigaster	Tetraodontidae	Tetraodontidae	Ocellate Toby	0	17	False	False	False	ineligible	below_required_observation_threshold	6	0
445731	Canthigaster smithae	Canthigaster	Tetraodontidae	Tetraodontidae	Bicolored Toby	0	8	False	False	False	ineligible	below_required_observation_threshold	3	0
193920	Canthigaster solandri	Canthigaster	Tetraodontidae	Tetraodontidae	Spotted Toby	0	124	False	False	False	ineligible	below_required_observation_threshold	43	0
128855	Canthigaster supramacula	Canthigaster	Tetraodontidae	Tetraodontidae	West African Sharpnose Puffer	0	2	False	False	False	ineligible	below_required_observation_threshold	1	0
445732	Canthigaster tyleri	Canthigaster	Tetraodontidae	Tetraodontidae	Tyler's Toby	0	3	False	False	False	ineligible	below_required_observation_threshold	1	0
187210	Carinotetraodon lorteti	Carinotetraodon	Tetraodontidae	Tetraodontidae	Redeye Puffer	0	1	False	False	False	ineligible	below_required_observation_threshold	0	0
96797	Carinotetraodon travancoricus	Carinotetraodon	Tetraodontidae	Tetraodontidae	Dwarf Indian Puffer	0	10	False	False	False	ineligible	below_required_observation_threshold	3	0
1595787	Chelonodon kappa	Chelonodon	Tetraodontidae	Tetraodontidae	Milkspot Toadfish	0	30	False	False	False	ineligible	below_required_observation_threshold	10	0
445763	Chelonodon laticeps	Chelonodon	Tetraodontidae	Tetraodontidae	Blue-spotted Blaasop	0	2	False	False	False	ineligible	below_required_observation_threshold	1	0
445765	Chelonodon pleurospilus	Chelonodon	Tetraodontidae	Tetraodontidae	Blaasop Beauty	0	1	False	False	False	ineligible	below_required_observation_threshold	0	0
445829	Contusus brevicaudus	Contusus	Tetraodontidae	Tetraodontidae	Prickly Toadfish	0	6	False	False	False	ineligible	below_required_observation_threshold	2	0
410450	Contusus richei	Contusus	Tetraodontidae	Tetraodontidae	Barred Toadfish	0	5	False	False	False	ineligible	below_required_observation_threshold	2	0
621543	Dichotomyctere fluviatilis	Dichotomyctere	Tetraodontidae	Tetraodontidae	Ceylon Green Puffer	0	3	False	False	False	ineligible	below_required_observation_threshold	1	0
621545	Dichotomyctere nigroviridis	Dichotomyctere	Tetraodontidae	Tetraodontidae	Green Spotted Puffer	0	14	False	False	False	ineligible	below_required_observation_threshold	5	0
534685	Dichotomyctere ocellatus	Dichotomyctere	Tetraodontidae	Tetraodontidae	Eyespot Puffer	0	1	False	False	False	ineligible	below_required_observation_threshold	0	0
120651	Ephippion guttifer	Ephippion	Tetraodontidae	Tetraodontidae	Bennett's Puffer	0	6	False	False	False	ineligible	below_required_observation_threshold	2	0
446145	Lagocephalus guentheri	Lagocephalus	Tetraodontidae	Tetraodontidae	Diamondback Puffer	0	3	False	False	False	ineligible	below_required_observation_threshold	1	0
146795	Lagocephalus laevigatus	Lagocephalus	Tetraodontidae	Tetraodontidae	Smooth Puffer	0	16	False	False	False	ineligible	below_required_observation_threshold	6	0
120635	Lagocephalus lagocephalus	Lagocephalus	Tetraodontidae	Tetraodontidae	Ocean Puffer	0	2	False	False	False	ineligible	below_required_observation_threshold	1	0
368596	Lagocephalus lunaris	Lagocephalus	Tetraodontidae	Tetraodontidae	Rough Golden Puffer	0	5	False	False	False	ineligible	below_required_observation_threshold	2	0
132368	Lagocephalus sceleratus	Lagocephalus	Tetraodontidae	Tetraodontidae	Silver Puffer	0	19	False	False	False	ineligible	below_required_observation_threshold	7	0
446147	Lagocephalus spadiceus	Lagocephalus	Tetraodontidae	Tetraodontidae	Half-smooth Golden Puffer	0	3	False	False	False	ineligible	below_required_observation_threshold	1	0
446148	Lagocephalus suezensis	Lagocephalus	Tetraodontidae	Tetraodontidae	Suez Puffer	0	7	False	False	False	ineligible	below_required_observation_threshold	2	0
563477	Leiodon cutcutia	Leiodon	Tetraodontidae	Tetraodontidae	Ocellated Puffer	0	2	False	False	False	ineligible	below_required_observation_threshold	1	0
369007	Marilyna pleurosticta	Marilyna	Tetraodontidae	Tetraodontidae	Banded Toadfish	0	34	False	False	False	ineligible	below_required_observation_threshold	12	0
446255	Omegophora armilla	Omegophora	Tetraodontidae	Tetraodontidae	Ringed Puffer	0	141	False	False	False	ineligible	below_required_observation_threshold	49	0
446256	Omegophora cyanopunctata	Omegophora	Tetraodontidae	Tetraodontidae	Bluespotted Toadfish	0	14	False	False	False	ineligible	below_required_observation_threshold	5	0
621554	Pao cochinchinensis	Pao	Tetraodontidae	Tetraodontidae	Cochin Puffer	0	2	False	False	False	ineligible	below_required_observation_threshold	1	0
621557	Pao leiurus	Pao	Tetraodontidae	Tetraodontidae	Brackish Puffer	0	1	False	False	False	ineligible	below_required_observation_threshold	0	0
621559	Pao palembangensis	Pao	Tetraodontidae	Tetraodontidae	Humpback Puffer	0	1	False	False	False	ineligible	below_required_observation_threshold	0	0
446373	Pelagocephalus marki	Pelagocephalus	Tetraodontidae	Tetraodontidae	Rippled Blaasop	0	14	False	False	False	ineligible	below_required_observation_threshold	5	0
446395	Polyspina piosae	Polyspina	Tetraodontidae	Tetraodontidae	Orangebarred Puffer	0	127	False	False	False	ineligible	below_required_observation_threshold	44	0
57400	Sphoeroides angusticeps	Sphoeroides	Tetraodontidae	Tetraodontidae	Narrow-headed Puffer	0	6	False	False	False	ineligible	below_required_observation_threshold	2	0
55290	Sphoeroides annulatus	Sphoeroides	Tetraodontidae	Tetraodontidae	Bullseye Puffer	0	200	False	False	False	ineligible	below_required_observation_threshold	69	0
1508365	Sphoeroides asellus	Sphoeroides	Tetraodontidae	Tetraodontidae	Amazon Puffer	0	1	False	False	False	ineligible	below_required_observation_threshold	0	0
1506718	Sphoeroides camila	Sphoeroides	Tetraodontidae	Tetraodontidae	Brazilian puffer	0	17	False	False	False	ineligible	below_required_observation_threshold	6	0
317381	Sphoeroides dorsalis	Sphoeroides	Tetraodontidae	Tetraodontidae	Marbled Puffer	0	1	False	False	False	ineligible	below_required_observation_threshold	0	0
57377	Sphoeroides greeleyi	Sphoeroides	Tetraodontidae	Tetraodontidae	Green Puffer	0	42	False	False	False	ineligible	below_required_observation_threshold	15	0
112951	Sphoeroides kendalli	Sphoeroides	Tetraodontidae	Tetraodontidae	Slick Puffer	0	1	False	False	False	ineligible	below_required_observation_threshold	0	0
112953	Sphoeroides lobatus	Sphoeroides	Tetraodontidae	Tetraodontidae	Longnose Puffer	0	77	False	False	False	ineligible	below_required_observation_threshold	27	0
146796	Sphoeroides maculatus	Sphoeroides	Tetraodontidae	Tetraodontidae	Northern Puffer	0	43	False	False	False	ineligible	below_required_observation_threshold	15	0
342289	Sphoeroides marmoratus	Sphoeroides	Tetraodontidae	Tetraodontidae	Guinean Puffer	0	96	False	False	False	ineligible	below_required_observation_threshold	33	0
179462	Sphoeroides nephelus	Sphoeroides	Tetraodontidae	Tetraodontidae	Southern Puffer	0	45	False	False	False	ineligible	below_required_observation_threshold	16	0
49268	Sphoeroides pachygaster	Sphoeroides	Tetraodontidae	Tetraodontidae	Blunthead Puffer	0	4	False	False	False	ineligible	below_required_observation_threshold	1	0
179457	Sphoeroides parvus	Sphoeroides	Tetraodontidae	Tetraodontidae	Least Puffer	0	12	False	False	False	ineligible	below_required_observation_threshold	4	0
1508364	Sphoeroides psittacus	Sphoeroides	Tetraodontidae	Tetraodontidae	Banded Puffer	0	13	False	False	False	ineligible	below_required_observation_threshold	4	0
112954	Sphoeroides rosenblatti	Sphoeroides	Tetraodontidae	Tetraodontidae	Oval Puffer	0	19	False	False	False	ineligible	below_required_observation_threshold	7	0
49265	Sphoeroides spengleri	Sphoeroides	Tetraodontidae	Tetraodontidae	Bandtail Puffer	0	104	False	False	False	ineligible	below_required_observation_threshold	36	0
317382	Sphoeroides testudineus	Sphoeroides	Tetraodontidae	Tetraodontidae	Checkered Puffer	0	219	False	False	False	ineligible	below_required_observation_threshold	76	0
446552	Takifugu alboplumbeus	Takifugu	Tetraodontidae	Tetraodontidae	Grey-spotted Puffer	0	34	False	False	False	ineligible	below_required_observation_threshold	12	0
446555	Takifugu chrysops	Takifugu	Tetraodontidae	Tetraodontidae	Red-eyed Puffer	0	1	False	False	False	ineligible	below_required_observation_threshold	0	0
1314222	Takifugu flavipterus	Takifugu	Tetraodontidae	Tetraodontidae	Fine-patterned Puffer	0	5	False	False	False	ineligible	below_required_observation_threshold	2	0
446558	Takifugu oblongus	Takifugu	Tetraodontidae	Tetraodontidae	Oblong Blowfish	0	5	False	False	False	ineligible	below_required_observation_threshold	2	0
355400	Takifugu ocellatus	Takifugu	Tetraodontidae	Tetraodontidae	Ocellated Puffer	0	1	False	False	False	ineligible	below_required_observation_threshold	0	0
446559	Takifugu pardalis	Takifugu	Tetraodontidae	Tetraodontidae	Panther Puffer	0	4	False	False	False	ineligible	below_required_observation_threshold	1	0
57378	Takifugu porphyreus	Takifugu	Tetraodontidae	Tetraodontidae	Genuin Puffer	0	1	False	False	False	ineligible	below_required_observation_threshold	0	0
446563	Takifugu snyderi	Takifugu	Tetraodontidae	Tetraodontidae	Vermiculated Puffer	0	1	False	False	False	ineligible	below_required_observation_threshold	0	0
349323	Tetractenos hamiltoni	Tetractenos	Tetraodontidae	Tetraodontidae	Common Toadfish	0	124	False	False	False	ineligible	below_required_observation_threshold	43	0
113934	Tetraodon lineatus	Tetraodon	Tetraodontidae	Tetraodontidae	Fahaka Puffer	0	3	False	False	False	ineligible	below_required_observation_threshold	1	0
56114	Tetraodon mbu	Tetraodon	Tetraodontidae	Tetraodontidae	Mbu Puffer	0	2	False	False	False	ineligible	below_required_observation_threshold	1	0
113935	Tetraodon miurus	Tetraodon	Tetraodontidae	Tetraodontidae	Congo Puffer	0	2	False	False	False	ineligible	below_required_observation_threshold	1	0
446572	Torquigener flavimaculosus	Torquigener	Tetraodontidae	Tetraodontidae	Flavimaculosus Puffer	0	66	False	False	False	ineligible	below_required_observation_threshold	23	0
243810	Torquigener pleurogramma	Torquigener	Tetraodontidae	Tetraodontidae	Weeping Toadfish	0	174	False	False	False	ineligible	below_required_observation_threshold	60	0
446581	Torquigener squamicauda	Torquigener	Tetraodontidae	Tetraodontidae	Scalytail Toadfish	0	1	False	False	False	ineligible	below_required_observation_threshold	0	0
446582	Torquigener vicinus	Torquigener	Tetraodontidae	Tetraodontidae	Orangespotted Puffer	0	1	False	False	False	ineligible	below_required_observation_threshold	0	0
445691	Bellapiscis medius	Bellapiscis	Tripterygiidae	Tripterygiidae	Twister	0	398	True	False	True	broad_pretraining	global_licensed_abundance	138	100
410520	Forsterygion lapillum	Forsterygion	Tripterygiidae	Tripterygiidae	Common Triplefin	0	630	True	False	True	broad_pretraining	global_licensed_abundance	218	200
188591	Tripterygion tripteronotum	Tripterygion	Tripterygiidae	Tripterygiidae	Red-black Triplefin	0	282	True	False	True	broad_pretraining	global_licensed_abundance	98	100
410526	Apopterygion oculus	Apopterygion	Tripterygiidae	Tripterygiidae	Ocellate triplefin	0	4	False	False	False	ineligible	below_required_observation_threshold	1	0
95004	Axoclinus lucillae	Axoclinus	Tripterygiidae	Tripterygiidae	Panama Triplefin	0	3	False	False	False	ineligible	below_required_observation_threshold	1	0
95005	Axoclinus multicinctus	Axoclinus	Tripterygiidae	Tripterygiidae	Multibarred Triplefin	0	5	False	False	False	ineligible	below_required_observation_threshold	2	0
95008	Axoclinus storeyae	Axoclinus	Tripterygiidae	Tripterygiidae	Carmine Triplefin	0	16	False	False	False	ineligible	below_required_observation_threshold	6	0
445690	Bellapiscis lesleyae	Bellapiscis	Tripterygiidae	Tripterygiidae	Mottled Twister	0	72	False	False	False	ineligible	below_required_observation_threshold	25	0
621978	Blennodon dorsalis	Blennodon	Tripterygiidae	Tripterygiidae	Giant triplefin	0	14	False	False	False	ineligible	below_required_observation_threshold	5	0
445834	Cremnochorites capensis	Cremnochorites	Tripterygiidae	Tripterygiidae	Cape Triplefin	0	111	False	False	False	ineligible	below_required_observation_threshold	38	0
98662	Crocodilichthys gracilis	Crocodilichthys	Tripterygiidae	Tripterygiidae	Lizard Triplefin	0	2	False	False	False	ineligible	below_required_observation_threshold	1	0
410523	Cryptichthys jojettae	Cryptichthys	Tripterygiidae	Tripterygiidae	Cryptic triplefin	0	11	False	False	False	ineligible	below_required_observation_threshold	4	0
131474	Enneanectes altivelis	Enneanectes	Tripterygiidae	Tripterygiidae	Lofty Triplefin	0	5	False	False	False	ineligible	below_required_observation_threshold	2	0
131473	Enneanectes atrorus	Enneanectes	Tripterygiidae	Tripterygiidae	Redeye Triplefin	0	4	False	False	False	ineligible	below_required_observation_threshold	1	0
99994	Enneanectes carminalis	Enneanectes	Tripterygiidae	Tripterygiidae	Delicate Triplefin	0	5	False	False	False	ineligible	below_required_observation_threshold	2	0
445935	Enneanectes deloachorum	Enneanectes	Tripterygiidae	Tripterygiidae	Twobar triplefin	0	12	False	False	False	ineligible	below_required_observation_threshold	4	0
621980	Enneanectes glendae	Enneanectes	Tripterygiidae	Tripterygiidae	Slender Triplefin	0	7	False	False	False	ineligible	below_required_observation_threshold	2	0
621981	Enneanectes macrops	Enneanectes	Tripterygiidae	Tripterygiidae	Mexican Triplefin	0	10	False	False	False	ineligible	below_required_observation_threshold	3	0
445936	Enneanectes matador	Enneanectes	Tripterygiidae	Tripterygiidae	Matador Triplefin	0	3	False	False	False	ineligible	below_required_observation_threshold	1	0
128721	Enneapterygius atriceps	Enneapterygius	Tripterygiidae	Tripterygiidae	Hawaiian Triplefin	0	8	False	False	False	ineligible	below_required_observation_threshold	3	0
81856	Enneapterygius atrogulare	Enneapterygius	Tripterygiidae	Tripterygiidae	Ringscale Threefin	0	31	False	False	False	ineligible	below_required_observation_threshold	11	0
621982	Enneapterygius etheostoma	Enneapterygius	Tripterygiidae	Tripterygiidae	White-banded triplefin	0	2	False	False	False	ineligible	below_required_observation_threshold	1	0
1520849	Enneapterygius fuligicauda	Enneapterygius	Tripterygiidae	Tripterygiidae	Masked Threefin	0	1	False	False	False	ineligible	below_required_observation_threshold	0	0
445956	Enneapterygius hsiojenae	Enneapterygius	Tripterygiidae	Tripterygiidae		0	2	False	False	False	ineligible	below_required_observation_threshold	1	0
445958	Enneapterygius larsonae	Enneapterygius	Tripterygiidae	Tripterygiidae	Blackhead Threefin	0	13	False	False	False	ineligible	below_required_observation_threshold	4	0
445979	Enneapterygius rufopileus	Enneapterygius	Tripterygiidae	Tripterygiidae	Blackcheek Threefin	0	63	False	False	False	ineligible	below_required_observation_threshold	22	0
445987	Enneapterygius tutuilae	Enneapterygius	Tripterygiidae	Tripterygiidae	Highfin Threefin	0	1	False	False	False	ineligible	below_required_observation_threshold	0	0
446018	Forsterygion capito	Forsterygion	Tripterygiidae	Tripterygiidae	Mottled Triplefin	0	82	False	False	False	ineligible	below_required_observation_threshold	28	0
118575	Forsterygion flavonigrum	Forsterygion	Tripterygiidae	Tripterygiidae	Yellow-and-black triplefin	0	36	False	False	False	ineligible	below_required_observation_threshold	12	0
485516	Forsterygion gymnotum	Forsterygion	Tripterygiidae	Tripterygiidae	Robust Triplefin	0	54	False	False	False	ineligible	below_required_observation_threshold	19	0
410521	Forsterygion malcolmi	Forsterygion	Tripterygiidae	Tripterygiidae	Banded Triplefin	0	25	False	False	False	ineligible	below_required_observation_threshold	9	0
446020	Forsterygion maryannae	Forsterygion	Tripterygiidae	Tripterygiidae	Oblique-swimming Triplefin	0	46	False	False	False	ineligible	below_required_observation_threshold	16	0
446021	Forsterygion nigripenne	Forsterygion	Tripterygiidae	Tripterygiidae	Estuarine Triplefin	0	58	False	False	False	ineligible	below_required_observation_threshold	20	0
410522	Forsterygion varium	Forsterygion	Tripterygiidae	Tripterygiidae	Variable Triplefin	0	219	False	False	False	ineligible	below_required_observation_threshold	76	0
410527	Gilloblennius abditus	Gilloblennius	Tripterygiidae	Tripterygiidae	Obscure triplefin	0	1	False	False	False	ineligible	below_required_observation_threshold	0	0
446040	Gilloblennius tripennis	Gilloblennius	Tripterygiidae	Tripterygiidae	Thripenny	0	9	False	False	False	ineligible	below_required_observation_threshold	3	0
102350	Helcogramma decurrens	Helcogramma	Tripterygiidae	Tripterygiidae	Blackthroat Threefin	0	33	False	False	False	ineligible	below_required_observation_threshold	11	0
446076	Helcogramma ellioti	Helcogramma	Tripterygiidae	Tripterygiidae		0	2	False	False	False	ineligible	below_required_observation_threshold	1	0
102351	Helcogramma inclinata	Helcogramma	Tripterygiidae	Tripterygiidae	Triangle Triplefin	0	2	False	False	False	ineligible	below_required_observation_threshold	1	0
446083	Helcogramma maldivensis	Helcogramma	Tripterygiidae	Tripterygiidae	Maldives Triplefin	0	5	False	False	False	ineligible	below_required_observation_threshold	2	0
446089	Helcogramma rharhabe	Helcogramma	Tripterygiidae	Tripterygiidae	Hotlips Triplefin	0	4	False	False	False	ineligible	below_required_observation_threshold	1	0
446091	Helcogramma rosea	Helcogramma	Tripterygiidae	Tripterygiidae		0	1	False	False	False	ineligible	below_required_observation_threshold	0	0
102353	Helcogramma striata	Helcogramma	Tripterygiidae	Tripterygiidae	Striped Triplefin	0	65	False	False	False	ineligible	below_required_observation_threshold	22	0
446097	Helcogrammoides chilensis	Helcogrammoides	Tripterygiidae	Tripterygiidae	Chilean Triplefin	0	3	False	False	False	ineligible	below_required_observation_threshold	1	0
446098	Helcogrammoides cunninghami	Helcogrammoides	Tripterygiidae	Tripterygiidae	Cunningham's Triplefin	0	14	False	False	False	ineligible	below_required_observation_threshold	5	0
446135	Karalepis stewarti	Karalepis	Tripterygiidae	Tripterygiidae	Scaly-headed Triplefin	0	13	False	False	False	ineligible	below_required_observation_threshold	4	0
446156	Lepidoblennius haplodactylus	Lepidoblennius	Tripterygiidae	Tripterygiidae	Eastern Jumping Blenny	0	23	False	False	False	ineligible	below_required_observation_threshold	8	0
446157	Lepidoblennius marmoratus	Lepidoblennius	Tripterygiidae	Tripterygiidae	Western Jumping Blenny	0	12	False	False	False	ineligible	below_required_observation_threshold	4	0
104236	Lepidonectes clarkhubbsi	Lepidonectes	Tripterygiidae	Tripterygiidae	Signal Triplefin	0	2	False	False	False	ineligible	below_required_observation_threshold	1	0
104237	Lepidonectes corallicola	Lepidonectes	Tripterygiidae	Tripterygiidae	Galápagos Triplefin	0	7	False	False	False	ineligible	below_required_observation_threshold	2	0
446245	Norfolkia squamiceps	Norfolkia	Tripterygiidae	Tripterygiidae	Scalyhead Threefin	0	1	False	False	False	ineligible	below_required_observation_threshold	0	0
411173	Notoclinops caerulepunctus	Notoclinops	Tripterygiidae	Tripterygiidae	Blue-dot Triplefin	0	6	False	False	False	ineligible	below_required_observation_threshold	2	0
411174	Notoclinops segmentatus	Notoclinops	Tripterygiidae	Tripterygiidae	Blue-eyed Triplefin	0	83	False	False	False	ineligible	below_required_observation_threshold	29	0
411169	Notoclinops yaldwyni	Notoclinops	Tripterygiidae	Tripterygiidae	Yaldwyn's Triplefin	0	32	False	False	False	ineligible	below_required_observation_threshold	11	0
446247	Notoclinus compressus	Notoclinus	Tripterygiidae	Tripterygiidae	Brown Topknot	0	6	False	False	False	ineligible	below_required_observation_threshold	2	0
446248	Notoclinus fenestratus	Notoclinus	Tripterygiidae	Tripterygiidae	New Zealand Topknot	0	6	False	False	False	ineligible	below_required_observation_threshold	2	0
446459	Ruanoho decemdigitatus	Ruanoho	Tripterygiidae	Tripterygiidae	Longfinned Triplefin	0	27	False	False	False	ineligible	below_required_observation_threshold	9	0
410529	Ruanoho whero	Ruanoho	Tripterygiidae	Tripterygiidae	Spectacled Triplefin	0	44	False	False	False	ineligible	below_required_observation_threshold	15	0
446584	Trianectes bucephalus	Trianectes	Tripterygiidae	Tripterygiidae	Bighead Threefin	0	1	False	False	False	ineligible	below_required_observation_threshold	0	0
446585	Trinorfolkia clarkei	Trinorfolkia	Tripterygiidae	Tripterygiidae	Clark's Threefin	0	9	False	False	False	ineligible	below_required_observation_threshold	3	0
118642	Tripterygion delaisi	Tripterygion	Tripterygiidae	Tripterygiidae	Black-faced Blenny	0	145	False	False	False	ineligible	below_required_observation_threshold	50	0
114453	Tripterygion melanurus	Tripterygion	Tripterygiidae	Tripterygiidae	Small Triplefin Blenny	0	70	False	False	False	ineligible	below_required_observation_threshold	24	0
446588	Tripterygion tartessicum	Tripterygion	Tripterygiidae	Tripterygiidae		0	16	False	False	False	ineligible	below_required_observation_threshold	6	0
338587	Ucla xenogrammus	Ucla	Tripterygiidae	Tripterygiidae	Largemouth Threefin	0	8	False	False	False	ineligible	below_required_observation_threshold	3	0
83290	Zanclus cornutus	Zanclus	Zanclidae	Zanclidae	Moorish Idol	0	1406	True	False	True	broad_pretraining	global_licensed_abundance	486	300
