taxon_id	species	genus	scientist_family	inat_family	preferred_common_name	regional_count	global_count	eligible	target_species	selected	dataset_role	selection_reason
135283	Acanthurus lineatus	Acanthurus	Acanthuridae	Acanthuridae	Striped Surgeonfish	0	450	True	True	True	common_target_pretraining	requested_target_meets_licensed_abundance_threshold
180389	Ctenochaetus striatus	Ctenochaetus	Acanthuridae	Acanthuridae	Lined Bristletooth	0	608	True	True	True	common_target_pretraining	requested_target_meets_licensed_abundance_threshold
52451	Naso lituratus	Naso	Acanthuridae	Acanthuridae	Pacific Orange-spine Unicornfish	0	485	True	True	True	common_target_pretraining	requested_target_meets_licensed_abundance_threshold
49641	Zebrasoma scopas	Zebrasoma	Acanthuridae	Acanthuridae	Brown Tang	0	359	True	True	True	common_target_pretraining	requested_target_meets_licensed_abundance_threshold
424818	Zebrasoma velifer	Zebrasoma	Acanthuridae	Acanthuridae	Pacific Sailfin Tang	0	407	True	True	True	common_target_pretraining	requested_target_meets_licensed_abundance_threshold
121196	Acanthurus coeruleus	Acanthurus	Acanthuridae	Acanthuridae	Atlantic Blue Tang	0	1231	True	False	True	broad_pretraining	global_licensed_abundance
59931	Acanthurus triostegus	Acanthurus	Acanthuridae	Acanthuridae	Convict Surgeonfish	0	660	True	False	True	broad_pretraining	global_licensed_abundance
121658	Naso unicornis	Naso	Acanthuridae	Acanthuridae	Bluespine Unicornfish	0	526	True	False	True	broad_pretraining	global_licensed_abundance
56772	Prionurus laticlavius	Prionurus	Acanthuridae	Acanthuridae	Razor Surgeonfish	0	689	True	False	True	broad_pretraining	global_licensed_abundance
871060	Acanthurus tractus	Acanthurus	Acanthuridae	Acanthuridae	Caribbean Ocean Surgeonfish	0	651	True	False	True	novel_evaluation	held_out_for_unseen_species_evaluation
121193	Acanthurus nigricans	Acanthurus	Acanthuridae	Acanthuridae	Whitecheek Surgeonfish	0	247	False	True	False	rare_target_holdout	requested_target_below_abundance_thresholds
121194	Acanthurus nigricauda	Acanthurus	Acanthuridae	Acanthuridae	Eyeline Surgeonfish	0	174	False	True	False	rare_target_holdout	requested_target_below_abundance_thresholds
121704	Acanthurus olivaceus	Acanthurus	Acanthuridae	Acanthuridae	Orangeblotch Surgeonfish	0	265	False	True	False	rare_target_holdout	requested_target_below_abundance_thresholds
153279	Acanthurus pyroferus	Acanthurus	Acanthuridae	Acanthuridae	Mimic Surgeonfish	0	235	False	True	False	rare_target_holdout	requested_target_below_abundance_thresholds
153281	Naso brachycentron	Naso	Acanthuridae	Acanthuridae	Humpback Unicornfish	0	73	False	True	False	rare_target_holdout	requested_target_below_abundance_thresholds
106624	Naso vlamingii	Naso	Acanthuridae	Acanthuridae	Bignose Unicornfish	0	157	False	True	False	rare_target_holdout	requested_target_below_abundance_thresholds
132410	Acanthurus nigrofuscus	Acanthurus	Acanthuridae	Acanthuridae	Dusky Surgeonfish	0	486	True	False	False	eligible_not_selected	genus_quota_reached
1315888	Acanthurus sandvicensis	Acanthurus	Acanthuridae	Acanthuridae	Hawaiian Convict Surgeonfish	0	466	True	False	False	eligible_not_selected	genus_quota_reached
132366	Acanthurus xanthopterus	Acanthurus	Acanthuridae	Acanthuridae	Yellowfin Surgeonfish	0	382	True	False	False	eligible_not_selected	genus_quota_reached
69760	Acanthurus achilles	Acanthurus	Acanthuridae	Acanthuridae	Achilles Tang	0	52	False	False	False	ineligible	below_required_observation_threshold
186994	Acanthurus albipectoralis	Acanthurus	Acanthuridae	Acanthuridae	Whitefin Surgeonfish	0	3	False	False	False	ineligible	below_required_observation_threshold
186995	Acanthurus auranticavus	Acanthurus	Acanthuridae	Acanthuridae	Orange-socket Surgeonfish	0	4	False	False	False	ineligible	below_required_observation_threshold
1032318	Acanthurus bahianus	Acanthurus	Acanthuridae	Acanthuridae	Brazilian Ocean Surgeonfish	0	17	False	False	False	ineligible	below_required_observation_threshold
186996	Acanthurus bariene	Acanthurus	Acanthuridae	Acanthuridae	Eyespot Surgeonfish	0	11	False	False	False	ineligible	below_required_observation_threshold
132411	Acanthurus blochii	Acanthurus	Acanthuridae	Acanthuridae	Dark Surgeonfish	0	118	False	False	False	ineligible	below_required_observation_threshold
121195	Acanthurus chirurgus	Acanthurus	Acanthuridae	Acanthuridae	Doctorfish	0	256	False	False	False	ineligible	below_required_observation_threshold
121597	Acanthurus dussumieri	Acanthurus	Acanthuridae	Acanthuridae	Eyestripe Surgeonfish	0	163	False	False	False	ineligible	below_required_observation_threshold
145524	Acanthurus fowleri	Acanthurus	Acanthuridae	Acanthuridae	Horseshoe Surgeonfish	0	8	False	False	False	ineligible	below_required_observation_threshold
93074	Acanthurus gahhm	Acanthurus	Acanthuridae	Acanthuridae	Black Surgeonfish	0	39	False	False	False	ineligible	below_required_observation_threshold
132367	Acanthurus grammoptilus	Acanthurus	Acanthuridae	Acanthuridae	Inshore Surgeonfish	0	2	False	False	False	ineligible	below_required_observation_threshold
123529	Acanthurus guttatus	Acanthurus	Acanthuridae	Acanthuridae	Whitespotted Surgeonfish	0	52	False	False	False	ineligible	below_required_observation_threshold
186998	Acanthurus japonicus	Acanthurus	Acanthuridae	Acanthuridae	Japan Surgeonfish	0	25	False	False	False	ineligible	below_required_observation_threshold
186999	Acanthurus leucocheilus	Acanthurus	Acanthuridae	Acanthuridae	White-spine Surgeonfish	0	13	False	False	False	ineligible	below_required_observation_threshold
55376	Acanthurus leucopareius	Acanthurus	Acanthuridae	Acanthuridae	Whitebar Surgeonfish	0	91	False	False	False	ineligible	below_required_observation_threshold
123269	Acanthurus leucosternon	Acanthurus	Acanthuridae	Acanthuridae	Powder Blue Tang	0	175	False	False	False	ineligible	below_required_observation_threshold
187000	Acanthurus maculiceps	Acanthurus	Acanthuridae	Acanthuridae	Spotted-face Surgeonfish	0	3	False	False	False	ineligible	below_required_observation_threshold
132409	Acanthurus mata	Acanthurus	Acanthuridae	Acanthuridae	Yellowmask Surgeonfish	0	83	False	False	False	ineligible	below_required_observation_threshold
187001	Acanthurus monroviae	Acanthurus	Acanthuridae	Acanthuridae	Monrovia Doctorfish	0	25	False	False	False	ineligible	below_required_observation_threshold
187002	Acanthurus nigroris	Acanthurus	Acanthuridae	Acanthuridae	Blueline Surgeonfish	0	12	False	False	False	ineligible	below_required_observation_threshold
1315890	Acanthurus nigros	Acanthurus	Acanthuridae	Acanthuridae	Greyhead Surgeonfish	0	3	False	False	False	ineligible	below_required_observation_threshold
187004	Acanthurus polyzona	Acanthurus	Acanthuridae	Acanthuridae	Black-barred Surgeonfish	0	12	False	False	False	ineligible	below_required_observation_threshold
187005	Acanthurus reversus	Acanthurus	Acanthuridae	Acanthuridae	Marquesan Surgeonfish	0	3	False	False	False	ineligible	below_required_observation_threshold
187006	Acanthurus sohal	Acanthurus	Acanthuridae	Acanthuridae	Sohal Surgeonfish	0	220	False	False	False	ineligible	below_required_observation_threshold
121705	Acanthurus tennentii	Acanthurus	Acanthuridae	Acanthuridae	Lieutenant Surgeonfish	0	38	False	False	False	ineligible	below_required_observation_threshold
122689	Acanthurus thompsoni	Acanthurus	Acanthuridae	Acanthuridae	Whitetail Surgeonfish	0	60	False	False	False	ineligible	below_required_observation_threshold
187007	Acanthurus tristis	Acanthurus	Acanthuridae	Acanthuridae	Mimic Surgeonfish	0	15	False	False	False	ineligible	below_required_observation_threshold
187279	Ctenochaetus binotatus	Ctenochaetus	Acanthuridae	Acanthuridae	Twospot Bristletooth	0	137	False	False	False	ineligible	below_required_observation_threshold
187280	Ctenochaetus cyanocheilus	Ctenochaetus	Acanthuridae	Acanthuridae	Bluelip Bristletooth	0	63	False	False	False	ineligible	below_required_observation_threshold
187281	Ctenochaetus flavicauda	Ctenochaetus	Acanthuridae	Acanthuridae	Whitetail Bristletooth	0	13	False	False	False	ineligible	below_required_observation_threshold
122516	Ctenochaetus hawaiiensis	Ctenochaetus	Acanthuridae	Acanthuridae	Hawaiian Bristletooth	0	11	False	False	False	ineligible	below_required_observation_threshold
123528	Ctenochaetus marginatus	Ctenochaetus	Acanthuridae	Acanthuridae	Blue-spotted Bristletooth	0	42	False	False	False	ineligible	below_required_observation_threshold
47617	Ctenochaetus strigosus	Ctenochaetus	Acanthuridae	Acanthuridae	Goldring Surgeonfish	0	89	False	False	False	ineligible	below_required_observation_threshold
187282	Ctenochaetus tominiensis	Ctenochaetus	Acanthuridae	Acanthuridae	Orange-tip Bristletooth	0	19	False	False	False	ineligible	below_required_observation_threshold
187283	Ctenochaetus truncatus	Ctenochaetus	Acanthuridae	Acanthuridae	Indian Gold-ring Bristletooth	0	41	False	False	False	ineligible	below_required_observation_threshold
132407	Naso annulatus	Naso	Acanthuridae	Acanthuridae	Whitemargin Unicornfish	0	25	False	False	False	ineligible	below_required_observation_threshold
83879	Naso brevirostris	Naso	Acanthuridae	Acanthuridae	Paletail Unicornfish	0	166	False	False	False	ineligible	below_required_observation_threshold
187727	Naso caeruleacauda	Naso	Acanthuridae	Acanthuridae	Blue Unicornfish	0	7	False	False	False	ineligible	below_required_observation_threshold
187728	Naso caesius	Naso	Acanthuridae	Acanthuridae	Grey Unicornfish	0	3	False	False	False	ineligible	below_required_observation_threshold
52452	Naso elegans	Naso	Acanthuridae	Acanthuridae	Elegant Unicornfish	0	193	False	False	False	ineligible	below_required_observation_threshold
187729	Naso fageni	Naso	Acanthuridae	Acanthuridae	Horseface Unicornfish	0	6	False	False	False	ineligible	below_required_observation_threshold
121458	Naso hexacanthus	Naso	Acanthuridae	Acanthuridae	Sleek Unicornfish	0	63	False	False	False	ineligible	below_required_observation_threshold
187730	Naso lopezi	Naso	Acanthuridae	Acanthuridae	Slender Unicornfish	0	6	False	False	False	ineligible	below_required_observation_threshold
187732	Naso mcdadei	Naso	Acanthuridae	Acanthuridae	Squarenose Unicornfish	0	3	False	False	False	ineligible	below_required_observation_threshold
187733	Naso minor	Naso	Acanthuridae	Acanthuridae	Blackspine Unicornfish	0	14	False	False	False	ineligible	below_required_observation_threshold
187735	Naso thynnoides	Naso	Acanthuridae	Acanthuridae	Onespine Unicornfish	0	5	False	False	False	ineligible	below_required_observation_threshold
187736	Naso tonganus	Naso	Acanthuridae	Acanthuridae	Humpnose Unicornfish	0	13	False	False	False	ineligible	below_required_observation_threshold
130879	Paracanthurus hepatus	Paracanthurus	Acanthuridae	Acanthuridae	Palette Tang	0	49	False	False	False	ineligible	below_required_observation_threshold
188104	Prionurus biafraensis	Prionurus	Acanthuridae	Acanthuridae	Biafra Doctorfish	0	4	False	False	False	ineligible	below_required_observation_threshold
188106	Prionurus maculatus	Prionurus	Acanthuridae	Acanthuridae	Spotted Sawtail	0	38	False	False	False	ineligible	below_required_observation_threshold
188107	Prionurus microlepidotus	Prionurus	Acanthuridae	Acanthuridae	Australian Sawtail	0	17	False	False	False	ineligible	below_required_observation_threshold
188108	Prionurus scalprum	Prionurus	Acanthuridae	Acanthuridae	Scalpel Sawtail	0	20	False	False	False	ineligible	below_required_observation_threshold
180388	Zebrasoma desjardinii	Zebrasoma	Acanthuridae	Acanthuridae	Indian Sailfin Tang	0	246	False	False	False	ineligible	below_required_observation_threshold
52459	Zebrasoma flavescens	Zebrasoma	Acanthuridae	Acanthuridae	Yellow Tang	0	306	False	False	False	ineligible	below_required_observation_threshold
188622	Zebrasoma gemmatum	Zebrasoma	Acanthuridae	Acanthuridae	Gem Tang	0	4	False	False	False	ineligible	below_required_observation_threshold
188623	Zebrasoma rostratum	Zebrasoma	Acanthuridae	Acanthuridae	Black Tang	0	1	False	False	False	ineligible	below_required_observation_threshold
52458	Zebrasoma xanthurum	Zebrasoma	Acanthuridae	Acanthuridae	Purple Tang	0	127	False	False	False	ineligible	below_required_observation_threshold
123690	Caranx melampygus	Caranx	Carangidae	Carangidae	Bluefin Trevally	0	564	True	True	True	common_target_pretraining	requested_target_meets_licensed_abundance_threshold
82330	Caranx ruber	Caranx	Carangidae	Carangidae	Bar Jack	0	476	True	False	True	broad_pretraining	global_licensed_abundance
153280	Caranx ignobilis	Caranx	Carangidae	Carangidae	Giant Trevally	0	135	False	True	False	rare_target_holdout	requested_target_below_abundance_thresholds
93641	Alectis ciliaris	Alectis	Carangidae	Carangidae	African Pompano	0	25	False	False	False	ineligible	below_required_observation_threshold
368836	Alepes apercna	Alepes	Carangidae	Carangidae	Smallmouth Scad	0	1	False	False	False	ineligible	below_required_observation_threshold
84529	Alepes djedaba	Alepes	Carangidae	Carangidae	Shrimp scad	0	1	False	False	False	ineligible	below_required_observation_threshold
369212	Alepes kleinii	Alepes	Carangidae	Carangidae	Razorbelly Trevally	0	9	False	False	False	ineligible	below_required_observation_threshold
93643	Alepes vari	Alepes	Carangidae	Carangidae	Herring Scad	0	25	False	False	False	ineligible	below_required_observation_threshold
1360078	Atropus armatus	Atropus	Carangidae	Carangidae	Longfin Trevally	0	1	False	False	False	ineligible	below_required_observation_threshold
609905	Atropus atropos	Atropus	Carangidae	Carangidae	Cleftbelly Trevally	0	2	False	False	False	ineligible	below_required_observation_threshold
1360113	Atropus hedlandensis	Atropus	Carangidae	Carangidae	Port Hedland Trevally	0	3	False	False	False	ineligible	below_required_observation_threshold
1360074	Atropus mentalis	Atropus	Carangidae	Carangidae	Cale Cale Trevally	0	6	False	False	False	ineligible	below_required_observation_threshold
173863	Atule mate	Atule	Carangidae	Carangidae	Barred Yellowtail Scad	0	22	False	False	False	ineligible	below_required_observation_threshold
208576	Campogramma glaycos	Campogramma	Carangidae	Carangidae	Vadigo	0	1	False	False	False	ineligible	below_required_observation_threshold
1360082	Carangichthys dinema	Carangichthys	Carangidae	Carangidae	Shadow Trevally	0	1	False	False	False	ineligible	below_required_observation_threshold
1360112	Carangichthys oblongus	Carangichthys	Carangidae	Carangidae	Coach-whip Trevally	0	4	False	False	False	ineligible	below_required_observation_threshold
1360080	Carangoides ire	Carangoides	Carangidae	Carangidae	Persian Trevally	0	1	False	False	False	ineligible	below_required_observation_threshold
1316792	Caranx bartholomaei	Caranx	Carangidae	Carangidae	Yellow Jack	0	79	False	False	False	ineligible	below_required_observation_threshold
96738	Caranx caballus	Caranx	Carangidae	Carangidae	Green Jack	0	169	False	False	False	ineligible	below_required_observation_threshold
96739	Caranx caninus	Caranx	Carangidae	Carangidae	Pacific Crevalle Jack	0	152	False	False	False	ineligible	below_required_observation_threshold
96740	Caranx crysos	Caranx	Carangidae	Carangidae	Blue Runner	0	186	False	False	False	ineligible	below_required_observation_threshold
609909	Caranx fischeri	Caranx	Carangidae	Carangidae	Longfin Crevalle Jack	0	1	False	False	False	ineligible	below_required_observation_threshold
529700	Caranx heberi	Caranx	Carangidae	Carangidae	Blacktip Trevally	0	10	False	False	False	ineligible	below_required_observation_threshold
47230	Caranx hippos	Caranx	Carangidae	Carangidae	Atlantic Crevalle Jack	0	113	False	False	False	ineligible	below_required_observation_threshold
47227	Caranx latus	Caranx	Carangidae	Carangidae	Horse-eye Jack	0	196	False	False	False	ineligible	below_required_observation_threshold
69775	Caranx lugubris	Caranx	Carangidae	Carangidae	Black Trevally	0	33	False	False	False	ineligible	below_required_observation_threshold
338255	Caranx papuensis	Caranx	Carangidae	Carangidae	Brassy Trevally	0	34	False	False	False	ineligible	below_required_observation_threshold
120693	Caranx rhonchus	Caranx	Carangidae	Carangidae	Spotfin Scad	0	4	False	False	False	ineligible	below_required_observation_threshold
609910	Caranx senegallus	Caranx	Carangidae	Carangidae	Senegal Jack	0	1	False	False	False	ineligible	below_required_observation_threshold
47228	Caranx sexfasciatus	Caranx	Carangidae	Carangidae	Bigeye Trevally	0	300	False	False	False	ineligible	below_required_observation_threshold
96741	Caranx vinctus	Caranx	Carangidae	Carangidae	Barred Jack	0	5	False	False	False	ineligible	below_required_observation_threshold
179633	Chloroscombrus chrysurus	Chloroscombrus	Carangidae	Carangidae	Atlantic Bumper	0	46	False	False	False	ineligible	below_required_observation_threshold
97634	Chloroscombrus orqueta	Chloroscombrus	Carangidae	Carangidae	Pacific Bumper	0	13	False	False	False	ineligible	below_required_observation_threshold
1360081	Craterognathus plagiotaenia	Craterognathus	Carangidae	Carangidae	Barcheek Trevally	0	42	False	False	False	ineligible	below_required_observation_threshold
451275	Decapterus koheru	Decapterus	Carangidae	Carangidae	Koheru	0	30	False	False	False	ineligible	below_required_observation_threshold
121225	Decapterus macarellus	Decapterus	Carangidae	Carangidae	Mackerel Scad	0	14	False	False	False	ineligible	below_required_observation_threshold
194881	Decapterus macrosoma	Decapterus	Carangidae	Carangidae	Slender Scad	0	3	False	False	False	ineligible	below_required_observation_threshold
473385	Decapterus maruadsi	Decapterus	Carangidae	Carangidae	Japanese Scad	0	1	False	False	False	ineligible	below_required_observation_threshold
121226	Decapterus muroadsi	Decapterus	Carangidae	Carangidae	Temperate Scad	0	1	False	False	False	ineligible	below_required_observation_threshold
123659	Decapterus punctatus	Decapterus	Carangidae	Carangidae	Cigar Minnow	0	11	False	False	False	ineligible	below_required_observation_threshold
99146	Decapterus russelli	Decapterus	Carangidae	Carangidae	Indian Scad	0	1	False	False	False	ineligible	below_required_observation_threshold
122033	Elagatis bipinnulata	Elagatis	Carangidae	Carangidae	Rainbow Runner	0	86	False	False	False	ineligible	below_required_observation_threshold
1360076	Euprepocaranx dorsalis	Euprepocaranx	Carangidae	Carangidae	Threadfin Jack	0	4	False	False	False	ineligible	below_required_observation_threshold
1360116	Ferdauia ferdau	Ferdauia	Carangidae	Carangidae	Barred Trevally	0	38	False	False	False	ineligible	below_required_observation_threshold
1360075	Ferdauia orthogrammus	Ferdauia	Carangidae	Carangidae	Island Jack	0	16	False	False	False	ineligible	below_required_observation_threshold
1360061	Flavocaranx bajad	Flavocaranx	Carangidae	Carangidae	Orange-spotted Trevally	0	155	False	False	False	ineligible	below_required_observation_threshold
194896	Gnathanodon speciosus	Gnathanodon	Carangidae	Carangidae	Golden Trevally	0	135	False	False	False	ineligible	below_required_observation_threshold
179568	Hemicaranx amblyrhynchus	Hemicaranx	Carangidae	Carangidae	Bluntnose Jack	0	2	False	False	False	ineligible	below_required_observation_threshold
102475	Hemicaranx leucurus	Hemicaranx	Carangidae	Carangidae	Yellowfin Jack	0	1	False	False	False	ineligible	below_required_observation_threshold
333751	Megalaspis cordyla	Megalaspis	Carangidae	Carangidae	Torpedo Scad	0	14	False	False	False	ineligible	below_required_observation_threshold
118710	Naucrates ductor	Naucrates	Carangidae	Carangidae	Pilotfish	0	15	False	False	False	ineligible	below_required_observation_threshold
529702	Pantolabus radiatus	Pantolabus	Carangidae	Carangidae	Fringefin Trevally	0	1	False	False	False	ineligible	below_required_observation_threshold
529703	Parastromateus niger	Parastromateus	Carangidae	Carangidae	Black Pomfret	0	13	False	False	False	ineligible	below_required_observation_threshold
1360117	Platycaranx chrysophrys	Platycaranx	Carangidae	Carangidae	Longnose Trevally	0	4	False	False	False	ineligible	below_required_observation_threshold
1360058	Platycaranx malabaricus	Platycaranx	Carangidae	Carangidae	White-spot Trevally	0	2	False	False	False	ineligible	below_required_observation_threshold
204776	Pseudocaranx dentex	Pseudocaranx	Carangidae	Carangidae	Silver Trevally	0	107	False	False	False	ineligible	below_required_observation_threshold
512028	Pseudocaranx georgianus	Pseudocaranx	Carangidae	Carangidae	Silver Trevally	0	134	False	False	False	ineligible	below_required_observation_threshold
56941	Pseudocaranx wrighti	Pseudocaranx	Carangidae	Carangidae	Skipjack trevally	0	1	False	False	False	ineligible	below_required_observation_threshold
1360105	Scyris alexandrina	Scyris	Carangidae	Carangidae	Alexandria Pompano	0	1	False	False	False	ineligible	below_required_observation_threshold
1360118	Scyris indica	Scyris	Carangidae	Carangidae	Diamond Trevally	0	4	False	False	False	ineligible	below_required_observation_threshold
424880	Selar boops	Selar	Carangidae	Carangidae	Oxeye Scad	0	12	False	False	False	ineligible	below_required_observation_threshold
47229	Selar crumenophthalmus	Selar	Carangidae	Carangidae	Bigeye Scad	0	64	False	False	False	ineligible	below_required_observation_threshold
182585	Selaroides leptolepis	Selaroides	Carangidae	Carangidae	Yellowstripe Scad	0	4	False	False	False	ineligible	below_required_observation_threshold
317376	Selene brownii	Selene	Carangidae	Carangidae	Brown's Caribbean Moonfish	0	1	False	False	False	ineligible	below_required_observation_threshold
566454	Selene dorsalis	Selene	Carangidae	Carangidae	African Moonfish	0	1	False	False	False	ineligible	below_required_observation_threshold
112437	Selene peruviana	Selene	Carangidae	Carangidae	Peruvian Moonfish	0	7	False	False	False	ineligible	below_required_observation_threshold
49598	Selene setapinnis	Selene	Carangidae	Carangidae	Atlantic Moonfish	0	29	False	False	False	ineligible	below_required_observation_threshold
179469	Selene vomer	Selene	Carangidae	Carangidae	Lookdown	0	44	False	False	False	ineligible	below_required_observation_threshold
1316790	Seriola dorsalis	Seriola	Carangidae	Carangidae	California Yellowtail	0	8	False	False	False	ineligible	below_required_observation_threshold
51549	Seriola dumerili	Seriola	Carangidae	Carangidae	Greater Amberjack	0	92	False	False	False	ineligible	below_required_observation_threshold
120689	Seriola fasciata	Seriola	Carangidae	Carangidae	Lesser Amberjack	0	2	False	False	False	ineligible	below_required_observation_threshold
488322	Seriola hippos	Seriola	Carangidae	Carangidae	Samsonfish	0	5	False	False	False	ineligible	below_required_observation_threshold
51550	Seriola lalandi	Seriola	Carangidae	Carangidae	Yellowtail Kingfish	0	58	False	False	False	ineligible	below_required_observation_threshold
51553	Seriola rivoliana	Seriola	Carangidae	Carangidae	Almaco Jack	0	56	False	False	False	ineligible	below_required_observation_threshold
133676	Seriola zonata	Seriola	Carangidae	Carangidae	Banded Rudderfish	0	3	False	False	False	ineligible	below_required_observation_threshold
333752	Seriolina nigrofasciata	Seriolina	Carangidae	Carangidae	Blackbanded Amberjack	0	2	False	False	False	ineligible	below_required_observation_threshold
529709	Trachurus declivis	Trachurus	Carangidae	Carangidae	Common Jack Mackerel	0	2	False	False	False	ineligible	below_required_observation_threshold
194666	Trachurus japonicus	Trachurus	Carangidae	Carangidae	Japanese Horse Mackerel	0	20	False	False	False	ineligible	below_required_observation_threshold
179447	Trachurus lathami	Trachurus	Carangidae	Carangidae	Rough Scad	0	4	False	False	False	ineligible	below_required_observation_threshold
118694	Trachurus mediterraneus	Trachurus	Carangidae	Carangidae	Mediterranean Horse Mackerel	0	6	False	False	False	ineligible	below_required_observation_threshold
451739	Trachurus novaezelandiae	Trachurus	Carangidae	Carangidae	Yellowtail Scad	0	109	False	False	False	ineligible	below_required_observation_threshold
120676	Trachurus picturatus	Trachurus	Carangidae	Carangidae	Blue Jack Mackerel	0	1	False	False	False	ineligible	below_required_observation_threshold
1315357	Trachurus ponticus	Trachurus	Carangidae	Carangidae		0	4	False	False	False	ineligible	below_required_observation_threshold
114274	Trachurus symmetricus	Trachurus	Carangidae	Carangidae	Pacific Jack Mackerel	0	13	False	False	False	ineligible	below_required_observation_threshold
118695	Trachurus trachurus	Trachurus	Carangidae	Carangidae	Atlantic Horse Mackerel	0	34	False	False	False	ineligible	below_required_observation_threshold
1360060	Turrum coeruleopinnatum	Turrum	Carangidae	Carangidae	Coastal Trevally	0	7	False	False	False	ineligible	below_required_observation_threshold
1360115	Turrum fulvoguttatum	Turrum	Carangidae	Carangidae	Yellow Spotted Trevally	0	38	False	False	False	ineligible	below_required_observation_threshold
1360114	Turrum gymnostethus	Turrum	Carangidae	Carangidae	bludger	0	2	False	False	False	ineligible	below_required_observation_threshold
53479	Uraspis helvola	Uraspis	Carangidae	Carangidae	Whitetongue Jack	0	3	False	False	False	ineligible	below_required_observation_threshold
67964	Carcharhinus melanopterus	Carcharhinus	Carcharhinidae	Carcharhinidae	Blacktip Reef Shark	0	380	True	True	True	common_target_pretraining	requested_target_meets_licensed_abundance_threshold
52314	Triaenodon obesus	Triaenodon	Carcharhinidae	Carcharhinidae	Whitetip Reef Shark	0	746	True	True	True	common_target_pretraining	requested_target_meets_licensed_abundance_threshold
96745	Carcharhinus acronotus	Carcharhinus	Carcharhinidae	Carcharhinidae	Blacknose Shark	0	10	False	False	False	ineligible	below_required_observation_threshold
52315	Carcharhinus albimarginatus	Carcharhinus	Carcharhinidae	Carcharhinidae	Silvertip Shark	0	29	False	False	False	ineligible	below_required_observation_threshold
96747	Carcharhinus amblyrhynchoides	Carcharhinus	Carcharhinidae	Carcharhinidae	Graceful Shark	0	1	False	False	False	ineligible	below_required_observation_threshold
67970	Carcharhinus amblyrhynchos	Carcharhinus	Carcharhinidae	Carcharhinidae	Grey Reef Shark	0	100	False	False	False	ineligible	below_required_observation_threshold
96748	Carcharhinus amboinensis	Carcharhinus	Carcharhinidae	Carcharhinidae	Pigeye Shark	0	1	False	False	False	ineligible	below_required_observation_threshold
96750	Carcharhinus brachyurus	Carcharhinus	Carcharhinidae	Carcharhinidae	Bronze Whaler	0	30	False	False	False	ineligible	below_required_observation_threshold
96751	Carcharhinus brevipinna	Carcharhinus	Carcharhinidae	Carcharhinidae	Spinner Shark	0	11	False	False	False	ineligible	below_required_observation_threshold
96752	Carcharhinus cautus	Carcharhinus	Carcharhinidae	Carcharhinidae	Nervous Shark	0	1	False	False	False	ineligible	below_required_observation_threshold
96753	Carcharhinus dussumieri	Carcharhinus	Carcharhinidae	Carcharhinidae	Whitecheek Shark	0	1	False	False	False	ineligible	below_required_observation_threshold
96754	Carcharhinus falciformis	Carcharhinus	Carcharhinidae	Carcharhinidae	Silky Shark	0	13	False	False	False	ineligible	below_required_observation_threshold
96756	Carcharhinus galapagensis	Carcharhinus	Carcharhinidae	Carcharhinidae	Galápagos Shark	0	51	False	False	False	ineligible	below_required_observation_threshold
96758	Carcharhinus isodon	Carcharhinus	Carcharhinidae	Carcharhinidae	Finetooth Shark	0	6	False	False	False	ineligible	below_required_observation_threshold
84996	Carcharhinus leucas	Carcharhinus	Carcharhinidae	Carcharhinidae	Bull Shark	0	99	False	False	False	ineligible	below_required_observation_threshold
55529	Carcharhinus limbatus	Carcharhinus	Carcharhinidae	Carcharhinidae	Common Blacktip Shark	0	160	False	False	False	ineligible	below_required_observation_threshold
96760	Carcharhinus longimanus	Carcharhinus	Carcharhinidae	Carcharhinidae	Oceanic Whitetip Shark	0	13	False	False	False	ineligible	below_required_observation_threshold
96761	Carcharhinus macloti	Carcharhinus	Carcharhinidae	Carcharhinidae	Hardnose Shark	0	2	False	False	False	ineligible	below_required_observation_threshold
96762	Carcharhinus obscurus	Carcharhinus	Carcharhinidae	Carcharhinidae	Dusky Shark	0	10	False	False	False	ineligible	below_required_observation_threshold
188767	Carcharhinus perezii	Carcharhinus	Carcharhinidae	Carcharhinidae	Caribbean Reef Shark	0	135	False	False	False	ineligible	below_required_observation_threshold
53583	Carcharhinus plumbeus	Carcharhinus	Carcharhinidae	Carcharhinidae	Sandbar Shark	0	33	False	False	False	ineligible	below_required_observation_threshold
96764	Carcharhinus porosus	Carcharhinus	Carcharhinidae	Carcharhinidae	Smalltail Shark	0	1	False	False	False	ineligible	below_required_observation_threshold
96765	Carcharhinus sealei	Carcharhinus	Carcharhinidae	Carcharhinidae	Blackspot Shark	0	1	False	False	False	ineligible	below_required_observation_threshold
96767	Carcharhinus sorrah	Carcharhinus	Carcharhinidae	Carcharhinidae	Spot-tail Shark	0	3	False	False	False	ineligible	below_required_observation_threshold
55530	Carcharhinus tilstoni	Carcharhinus	Carcharhinidae	Carcharhinidae	Australian Blacktip Shark	0	2	False	False	False	ineligible	below_required_observation_threshold
101510	Glyphis glyphis	Glyphis	Carcharhinidae	Carcharhinidae	Speartooth Shark	0	2	False	False	False	ineligible	below_required_observation_threshold
607431	Lamiopsis tephrodes	Lamiopsis	Carcharhinidae	Carcharhinidae	Borneo Broadfin Shark	0	1	False	False	False	ineligible	below_required_observation_threshold
104819	Loxodon macrorhinus	Loxodon	Carcharhinidae	Carcharhinidae	Sliteye Shark	0	1	False	False	False	ineligible	below_required_observation_threshold
106649	Negaprion acutidens	Negaprion	Carcharhinidae	Carcharhinidae	Sicklefin Lemon Shark	0	30	False	False	False	ineligible	below_required_observation_threshold
106650	Negaprion brevirostris	Negaprion	Carcharhinidae	Carcharhinidae	Lemon Shark	0	59	False	False	False	ineligible	below_required_observation_threshold
110361	Prionace glauca	Prionace	Carcharhinidae	Carcharhinidae	Blue Shark	0	92	False	False	False	ineligible	below_required_observation_threshold
111746	Rhizoprionodon acutus	Rhizoprionodon	Carcharhinidae	Carcharhinidae	Milk Shark	0	2	False	False	False	ineligible	below_required_observation_threshold
111747	Rhizoprionodon lalandii	Rhizoprionodon	Carcharhinidae	Carcharhinidae	Brazilian Sharpnose Shark	0	2	False	False	False	ineligible	below_required_observation_threshold
111748	Rhizoprionodon longurio	Rhizoprionodon	Carcharhinidae	Carcharhinidae	Pacific Sharpnose Shark	0	4	False	False	False	ineligible	below_required_observation_threshold
111749	Rhizoprionodon oligolinx	Rhizoprionodon	Carcharhinidae	Carcharhinidae	Grey Sharpnose Shark	0	1	False	False	False	ineligible	below_required_observation_threshold
111752	Rhizoprionodon terraenovae	Rhizoprionodon	Carcharhinidae	Carcharhinidae	Atlantic Sharpnose Shark	0	54	False	False	False	ineligible	below_required_observation_threshold
112329	Scoliodon laticaudus	Scoliodon	Carcharhinidae	Carcharhinidae	Spadenose Shark	0	12	False	False	False	ineligible	below_required_observation_threshold
607432	Scoliodon macrorhynchos	Scoliodon	Carcharhinidae	Carcharhinidae	Pacific Spadenose Shark	0	2	False	False	False	ineligible	below_required_observation_threshold
97167	Chaetodon kleinii	Chaetodon	Chaetodontidae	Chaetodontidae	Blacklip Butterflyfish	0	407	True	True	True	common_target_pretraining	requested_target_meets_licensed_abundance_threshold
52457	Chaetodon auriga	Chaetodon	Chaetodontidae	Chaetodontidae	Threadfin Butterflyfish	0	897	True	False	True	broad_pretraining	global_licensed_abundance
52956	Chaetodon capistratus	Chaetodon	Chaetodontidae	Chaetodontidae	Four-eyed Butterflyfish	0	593	True	False	True	broad_pretraining	global_licensed_abundance
48743	Chaetodon lunulatus	Chaetodon	Chaetodontidae	Chaetodontidae	Redfin Butterflyfish	0	578	True	False	True	broad_pretraining	global_licensed_abundance
85124	Johnrandallia nigrirostris	Johnrandallia	Chaetodontidae	Chaetodontidae	Black-nosed Butterflyfish	0	380	True	False	True	novel_evaluation	held_out_for_unseen_species_evaluation
97139	Chaetodon adiergastos	Chaetodon	Chaetodontidae	Chaetodontidae	Panda Butterflyfish	0	74	False	True	False	rare_target_holdout	requested_target_below_abundance_thresholds
97146	Chaetodon baronessa	Chaetodon	Chaetodontidae	Chaetodontidae	Eastern Triangle Butterflyfish	0	282	False	True	False	rare_target_holdout	requested_target_below_abundance_thresholds
97193	Chaetodon rafflesii	Chaetodon	Chaetodontidae	Chaetodontidae	Lattice Butterflyfish	0	226	False	True	False	rare_target_holdout	requested_target_below_abundance_thresholds
102631	Heniochus acuminatus	Heniochus	Chaetodontidae	Chaetodontidae	Longfin Bannerfish	0	195	False	True	False	rare_target_holdout	requested_target_below_abundance_thresholds
102638	Heniochus varius	Heniochus	Chaetodontidae	Chaetodontidae	Humphead Bannerfish	0	223	False	True	False	rare_target_holdout	requested_target_below_abundance_thresholds
55534	Chaetodon humeralis	Chaetodon	Chaetodontidae	Chaetodontidae	Three-banded Butterflyfish	0	361	True	False	False	eligible_not_selected	genus_quota_reached
47316	Chaetodon lunula	Chaetodon	Chaetodontidae	Chaetodontidae	Raccoon Butterflyfish	0	564	True	False	False	eligible_not_selected	genus_quota_reached
52454	Chaetodon ornatissimus	Chaetodon	Chaetodontidae	Chaetodontidae	Ornate Butterflyfish	0	352	True	False	False	eligible_not_selected	genus_quota_reached
97202	Chaetodon striatus	Chaetodon	Chaetodontidae	Chaetodontidae	Banded Butterflyfish	0	376	True	False	False	eligible_not_selected	genus_quota_reached
97207	Chaetodon trifascialis	Chaetodon	Chaetodontidae	Chaetodontidae	Chevron Butterflyfish	0	410	True	False	False	eligible_not_selected	genus_quota_reached
48747	Chaetodon vagabundus	Chaetodon	Chaetodontidae	Chaetodontidae	Vagabond Butterflyfish	0	528	True	False	False	eligible_not_selected	genus_quota_reached
93901	Amphichaetodon howensis	Amphichaetodon	Chaetodontidae	Chaetodontidae	Lord Howe butterflyfish	0	6	False	False	False	ineligible	below_required_observation_threshold
97140	Chaetodon andamanensis	Chaetodon	Chaetodontidae	Chaetodontidae	Andaman Butterflyfish	0	28	False	False	False	ineligible	below_required_observation_threshold
97141	Chaetodon argentatus	Chaetodon	Chaetodontidae	Chaetodontidae	Asian Butterflyfish	0	5	False	False	False	ineligible	below_required_observation_threshold
97142	Chaetodon assarius	Chaetodon	Chaetodontidae	Chaetodontidae	Western Butterflyfish	0	3	False	False	False	ineligible	below_required_observation_threshold
97143	Chaetodon aureofasciatus	Chaetodon	Chaetodontidae	Chaetodontidae	Goldstripe Butterflyfish	0	80	False	False	False	ineligible	below_required_observation_threshold
97144	Chaetodon auripes	Chaetodon	Chaetodontidae	Chaetodontidae	Oriental Butterflyfish	0	19	False	False	False	ineligible	below_required_observation_threshold
97145	Chaetodon austriacus	Chaetodon	Chaetodontidae	Chaetodontidae	Exquisite Butterflyfish	0	141	False	False	False	ineligible	below_required_observation_threshold
97147	Chaetodon bennetti	Chaetodon	Chaetodontidae	Chaetodontidae	Eclipse Butterflyfish	0	146	False	False	False	ineligible	below_required_observation_threshold
97148	Chaetodon blackburnii	Chaetodon	Chaetodontidae	Chaetodontidae	Chocolate Butterflyfish	0	26	False	False	False	ineligible	below_required_observation_threshold
97150	Chaetodon citrinellus	Chaetodon	Chaetodontidae	Chaetodontidae	Speckled Butterflyfish	0	302	False	False	False	ineligible	below_required_observation_threshold
97151	Chaetodon collare	Chaetodon	Chaetodontidae	Chaetodontidae	Red-tailed Butterflyfish	0	79	False	False	False	ineligible	below_required_observation_threshold
97154	Chaetodon decussatus	Chaetodon	Chaetodontidae	Chaetodontidae	Indian Vagabond Butterflyfish	0	70	False	False	False	ineligible	below_required_observation_threshold
97156	Chaetodon dolosus	Chaetodon	Chaetodontidae	Chaetodontidae	African Butterflyfish	0	16	False	False	False	ineligible	below_required_observation_threshold
97157	Chaetodon ephippium	Chaetodon	Chaetodontidae	Chaetodontidae	Saddle Butterflyfish	0	280	False	False	False	ineligible	below_required_observation_threshold
97158	Chaetodon falcula	Chaetodon	Chaetodontidae	Chaetodontidae	Saddleback Butterflyfish	0	46	False	False	False	ineligible	below_required_observation_threshold
97159	Chaetodon fasciatus	Chaetodon	Chaetodontidae	Chaetodontidae	Red Sea Raccoon Butterflyfish	0	173	False	False	False	ineligible	below_required_observation_threshold
97160	Chaetodon flavirostris	Chaetodon	Chaetodontidae	Chaetodontidae	Dusky Butterflyfish	0	112	False	False	False	ineligible	below_required_observation_threshold
97162	Chaetodon fremblii	Chaetodon	Chaetodontidae	Chaetodontidae	Bluestripe Butterflyfish	0	24	False	False	False	ineligible	below_required_observation_threshold
97163	Chaetodon gardineri	Chaetodon	Chaetodontidae	Chaetodontidae	Gardiner's Butterflyfish	0	5	False	False	False	ineligible	below_required_observation_threshold
97164	Chaetodon guentheri	Chaetodon	Chaetodontidae	Chaetodontidae	Gunther's Butterflyfish	0	9	False	False	False	ineligible	below_required_observation_threshold
97165	Chaetodon guttatissimus	Chaetodon	Chaetodontidae	Chaetodontidae	Spotted Butterflyfish	0	70	False	False	False	ineligible	below_required_observation_threshold
59691	Chaetodon hoefleri	Chaetodon	Chaetodontidae	Chaetodontidae	Four-banded butterflyfish	0	1	False	False	False	ineligible	below_required_observation_threshold
97166	Chaetodon interruptus	Chaetodon	Chaetodontidae	Chaetodontidae	Indian Teardrop Butterflyfish	0	46	False	False	False	ineligible	below_required_observation_threshold
97168	Chaetodon larvatus	Chaetodon	Chaetodontidae	Chaetodontidae	Orangeface Butterflyfish	0	19	False	False	False	ineligible	below_required_observation_threshold
97169	Chaetodon leucopleura	Chaetodon	Chaetodontidae	Chaetodontidae	Somali Butterflyfish	0	7	False	False	False	ineligible	below_required_observation_threshold
97170	Chaetodon lineolatus	Chaetodon	Chaetodontidae	Chaetodontidae	Lined Butterflyfish	0	181	False	False	False	ineligible	below_required_observation_threshold
97171	Chaetodon litus	Chaetodon	Chaetodontidae	Chaetodontidae	Easter Island Butterflyfish	0	6	False	False	False	ineligible	below_required_observation_threshold
97172	Chaetodon madagaskariensis	Chaetodon	Chaetodontidae	Chaetodontidae	Seychelles Butterflyfish	0	35	False	False	False	ineligible	below_required_observation_threshold
97173	Chaetodon marleyi	Chaetodon	Chaetodontidae	Chaetodontidae	Marley's Butterflyfish	0	49	False	False	False	ineligible	below_required_observation_threshold
97174	Chaetodon melannotus	Chaetodon	Chaetodontidae	Chaetodontidae	Blackback Butterflyfish	0	306	False	False	False	ineligible	below_required_observation_threshold
97175	Chaetodon melapterus	Chaetodon	Chaetodontidae	Chaetodontidae	Arabian Butterflyfish	0	7	False	False	False	ineligible	below_required_observation_threshold
97176	Chaetodon mertensii	Chaetodon	Chaetodontidae	Chaetodontidae	Mertens' Butterflyfish	0	65	False	False	False	ineligible	below_required_observation_threshold
97177	Chaetodon mesoleucos	Chaetodon	Chaetodontidae	Chaetodontidae	Whiteface Butterflyfish	0	6	False	False	False	ineligible	below_required_observation_threshold
97178	Chaetodon meyeri	Chaetodon	Chaetodontidae	Chaetodontidae	Meyer's Butterflyfish	0	117	False	False	False	ineligible	below_required_observation_threshold
97179	Chaetodon miliaris	Chaetodon	Chaetodontidae	Chaetodontidae	Milletseed Butterflyfish	0	54	False	False	False	ineligible	below_required_observation_threshold
97180	Chaetodon mitratus	Chaetodon	Chaetodontidae	Chaetodontidae	Indian Butterflyfish	0	1	False	False	False	ineligible	below_required_observation_threshold
97181	Chaetodon multicinctus	Chaetodon	Chaetodontidae	Chaetodontidae	Pebbled Butterflyfish	0	47	False	False	False	ineligible	below_required_observation_threshold
97182	Chaetodon nigropunctatus	Chaetodon	Chaetodontidae	Chaetodontidae	Black-spotted butterflyfish	0	14	False	False	False	ineligible	below_required_observation_threshold
97183	Chaetodon nippon	Chaetodon	Chaetodontidae	Chaetodontidae	Japanese Butterflyfish	0	2	False	False	False	ineligible	below_required_observation_threshold
49273	Chaetodon ocellatus	Chaetodon	Chaetodontidae	Chaetodontidae	Spotfin Butterflyfish	0	263	False	False	False	ineligible	below_required_observation_threshold
97184	Chaetodon ocellicaudus	Chaetodon	Chaetodontidae	Chaetodontidae	Spot-tail Butterflyfish	0	48	False	False	False	ineligible	below_required_observation_threshold
97185	Chaetodon octofasciatus	Chaetodon	Chaetodontidae	Chaetodontidae	Eightband Butterflyfish	0	178	False	False	False	ineligible	below_required_observation_threshold
97186	Chaetodon oxycephalus	Chaetodon	Chaetodontidae	Chaetodontidae	Spotnape Butterflyfish	0	31	False	False	False	ineligible	below_required_observation_threshold
97187	Chaetodon paucifasciatus	Chaetodon	Chaetodontidae	Chaetodontidae	Crown Butterflyfish	0	96	False	False	False	ineligible	below_required_observation_threshold
97188	Chaetodon pelewensis	Chaetodon	Chaetodontidae	Chaetodontidae	Dot-and-dash Butterflyfish	0	98	False	False	False	ineligible	below_required_observation_threshold
97189	Chaetodon pictus	Chaetodon	Chaetodontidae	Chaetodontidae	Painted Butterflyfish	0	4	False	False	False	ineligible	below_required_observation_threshold
97190	Chaetodon plebeius	Chaetodon	Chaetodontidae	Chaetodontidae	Bluespot Butterflyfish	0	188	False	False	False	ineligible	below_required_observation_threshold
97191	Chaetodon punctatofasciatus	Chaetodon	Chaetodontidae	Chaetodontidae	Spotbanded Butterflyfish	0	48	False	False	False	ineligible	below_required_observation_threshold
97192	Chaetodon quadrimaculatus	Chaetodon	Chaetodontidae	Chaetodontidae	Fourspot Butterflyfish	0	176	False	False	False	ineligible	below_required_observation_threshold
59688	Chaetodon rainfordi	Chaetodon	Chaetodontidae	Chaetodontidae	Rainford's Butterflyfish	0	47	False	False	False	ineligible	below_required_observation_threshold
97194	Chaetodon reticulatus	Chaetodon	Chaetodontidae	Chaetodontidae	Reticulate Butterflyfish	0	88	False	False	False	ineligible	below_required_observation_threshold
97195	Chaetodon robustus	Chaetodon	Chaetodontidae	Chaetodontidae	Three-banded Butterflyfish	0	13	False	False	False	ineligible	below_required_observation_threshold
63411	Chaetodon sedentarius	Chaetodon	Chaetodontidae	Chaetodontidae	Reef Butterflyfish	0	20	False	False	False	ineligible	below_required_observation_threshold
97197	Chaetodon selene	Chaetodon	Chaetodontidae	Chaetodontidae	Yellow-dotted Butterflyfish	0	3	False	False	False	ineligible	below_required_observation_threshold
97198	Chaetodon semeion	Chaetodon	Chaetodontidae	Chaetodontidae	Dotted Butterflyfish	0	45	False	False	False	ineligible	below_required_observation_threshold
97199	Chaetodon semilarvatus	Chaetodon	Chaetodontidae	Chaetodontidae	Masked Butterflyfish	0	105	False	False	False	ineligible	below_required_observation_threshold
97201	Chaetodon speculum	Chaetodon	Chaetodontidae	Chaetodontidae	Mirror Butterflyfish	0	138	False	False	False	ineligible	below_required_observation_threshold
97203	Chaetodon tinkeri	Chaetodon	Chaetodontidae	Chaetodontidae	Tinker's Butterflyfish	0	6	False	False	False	ineligible	below_required_observation_threshold
97204	Chaetodon triangulum	Chaetodon	Chaetodontidae	Chaetodontidae	Triangular Butterflyfish	0	45	False	False	False	ineligible	below_required_observation_threshold
97205	Chaetodon trichrous	Chaetodon	Chaetodontidae	Chaetodontidae	Tahitian butterflyfish	0	2	False	False	False	ineligible	below_required_observation_threshold
97206	Chaetodon tricinctus	Chaetodon	Chaetodontidae	Chaetodontidae	Threeband Butterflyfish	0	65	False	False	False	ineligible	below_required_observation_threshold
48744	Chaetodon trifasciatus	Chaetodon	Chaetodontidae	Chaetodontidae	Indian Redfin Butterflyfish	0	171	False	False	False	ineligible	below_required_observation_threshold
97208	Chaetodon ulietensis	Chaetodon	Chaetodontidae	Chaetodontidae	Pacific Double-saddle Butterflyfish	0	270	False	False	False	ineligible	below_required_observation_threshold
97209	Chaetodon unimaculatus	Chaetodon	Chaetodontidae	Chaetodontidae	Teardrop Butterflyfish	0	188	False	False	False	ineligible	below_required_observation_threshold
97210	Chaetodon wiebeli	Chaetodon	Chaetodontidae	Chaetodontidae	Hong Kong Butterflyfish	0	63	False	False	False	ineligible	below_required_observation_threshold
97211	Chaetodon xanthocephalus	Chaetodon	Chaetodontidae	Chaetodontidae	Yellowhead Butterflyfish	0	60	False	False	False	ineligible	below_required_observation_threshold
97212	Chaetodon xanthurus	Chaetodon	Chaetodontidae	Chaetodontidae	Crosshatch Butterflyfish	0	18	False	False	False	ineligible	below_required_observation_threshold
97213	Chaetodon zanzibarensis	Chaetodon	Chaetodontidae	Chaetodontidae	Zanzibar Butterflyfish	0	8	False	False	False	ineligible	below_required_observation_threshold
97338	Chelmon marginalis	Chelmon	Chaetodontidae	Chaetodontidae	Margined Coralfish	0	9	False	False	False	ineligible	below_required_observation_threshold
97340	Chelmon rostratus	Chelmon	Chaetodontidae	Chaetodontidae	Copperband Butterflyfish	0	133	False	False	False	ineligible	below_required_observation_threshold
97341	Chelmonops curiosus	Chelmonops	Chaetodontidae	Chaetodontidae	Western Talma	0	73	False	False	False	ineligible	below_required_observation_threshold
97342	Chelmonops truncatus	Chelmonops	Chaetodontidae	Chaetodontidae	Eastern Talma	0	8	False	False	False	ineligible	below_required_observation_threshold
98390	Coradion altivelis	Coradion	Chaetodontidae	Chaetodontidae	Highfin Coralfish	0	8	False	False	False	ineligible	below_required_observation_threshold
98391	Coradion chrysozonus	Coradion	Chaetodontidae	Chaetodontidae	Orangebanded Coralfish	0	71	False	False	False	ineligible	below_required_observation_threshold
98392	Coradion melanopus	Coradion	Chaetodontidae	Chaetodontidae	Two-eyed Coralfish	0	23	False	False	False	ineligible	below_required_observation_threshold
100990	Forcipiger flavissimus	Forcipiger	Chaetodontidae	Chaetodontidae	Forceps Butterflyfish	0	328	False	False	False	ineligible	below_required_observation_threshold
100991	Forcipiger longirostris	Forcipiger	Chaetodontidae	Chaetodontidae	Longnose Butterflyfish	0	74	False	False	False	ineligible	below_required_observation_threshold
537735	Forcipiger wanai	Forcipiger	Chaetodontidae	Chaetodontidae	Cenderawasih longnose butterflyfish	0	1	False	False	False	ineligible	below_required_observation_threshold
102618	Hemitaurichthys polylepis	Hemitaurichthys	Chaetodontidae	Chaetodontidae	Pyramid Butterflyfish	0	167	False	False	False	ineligible	below_required_observation_threshold
102619	Hemitaurichthys thompsoni	Hemitaurichthys	Chaetodontidae	Chaetodontidae	Thompson's Butterflyfish	0	3	False	False	False	ineligible	below_required_observation_threshold
102620	Hemitaurichthys zoster	Hemitaurichthys	Chaetodontidae	Chaetodontidae	Black Pyramid Butterflyfish	0	56	False	False	False	ineligible	below_required_observation_threshold
102632	Heniochus chrysostomus	Heniochus	Chaetodontidae	Chaetodontidae	Pennant Bannerfish	0	236	False	False	False	ineligible	below_required_observation_threshold
102633	Heniochus diphreutes	Heniochus	Chaetodontidae	Chaetodontidae	Schooling Bannerfish	0	104	False	False	False	ineligible	below_required_observation_threshold
102634	Heniochus intermedius	Heniochus	Chaetodontidae	Chaetodontidae	Red Sea Bannerfish	0	168	False	False	False	ineligible	below_required_observation_threshold
102635	Heniochus monoceros	Heniochus	Chaetodontidae	Chaetodontidae	Masked Bannerfish	0	172	False	False	False	ineligible	below_required_observation_threshold
102636	Heniochus pleurotaenia	Heniochus	Chaetodontidae	Chaetodontidae	Phantom Bannerfish	0	42	False	False	False	ineligible	below_required_observation_threshold
102637	Heniochus singularius	Heniochus	Chaetodontidae	Chaetodontidae	Singular Bannerfish	0	109	False	False	False	ineligible	below_required_observation_threshold
108423	Parachaetodon ocellatus	Parachaetodon	Chaetodontidae	Chaetodontidae	Ocellate Butterflyfish	0	23	False	False	False	ineligible	below_required_observation_threshold
110594	Prognathodes aculeatus	Prognathodes	Chaetodontidae	Chaetodontidae	Longsnout Butterflyfish	0	26	False	False	False	ineligible	below_required_observation_threshold
110595	Prognathodes aya	Prognathodes	Chaetodontidae	Chaetodontidae	Bank Butterflyfish	0	1	False	False	False	ineligible	below_required_observation_threshold
110597	Prognathodes carlhubbsi	Prognathodes	Chaetodontidae	Chaetodontidae	Southern Scythe Butterflyfish	0	1	False	False	False	ineligible	below_required_observation_threshold
110601	Prognathodes guyanensis	Prognathodes	Chaetodontidae	Chaetodontidae	Guyana Butterflyfish	0	1	False	False	False	ineligible	below_required_observation_threshold
110602	Prognathodes guyotensis	Prognathodes	Chaetodontidae	Chaetodontidae	Guyote Butterflyfish	0	1	False	False	False	ineligible	below_required_observation_threshold
111841	Roa modesta	Roa	Chaetodontidae	Chaetodontidae	Brown-banded Butterflyfish	0	4	False	False	False	ineligible	below_required_observation_threshold
120990	Platax boersii	Platax	Ephippidae	Ephippidae	Golden Spadefish	0	63	False	True	False	rare_target_holdout	requested_target_below_abundance_thresholds
69858	Platax orbicularis	Platax	Ephippidae	Ephippidae	Round Batfish	0	115	False	True	False	rare_target_holdout	requested_target_below_abundance_thresholds
132399	Platax pinnatus	Platax	Ephippidae	Ephippidae	Dusky Batfish	0	77	False	True	False	rare_target_holdout	requested_target_below_abundance_thresholds
69859	Platax teira	Platax	Ephippidae	Ephippidae	Longfin Batfish	0	155	False	True	False	rare_target_holdout	requested_target_below_abundance_thresholds
49316	Chaetodipterus faber	Chaetodipterus	Ephippidae	Ephippidae	Atlantic Spadefish	0	171	False	False	False	ineligible	below_required_observation_threshold
97138	Chaetodipterus zonatus	Chaetodipterus	Ephippidae	Ephippidae	Pacific Spadefish	0	19	False	False	False	ineligible	below_required_observation_threshold
178011	Ephippus orbis	Ephippus	Ephippidae	Ephippidae	Orbfish	0	2	False	False	False	ineligible	below_required_observation_threshold
132398	Platax batavianus	Platax	Ephippidae	Ephippidae	Humphead Batfish	0	16	False	False	False	ineligible	below_required_observation_threshold
614076	Proteracanthus sarissophorus	Proteracanthus	Ephippidae	Ephippidae	Spinyfin spadefish	0	1	False	False	False	ineligible	below_required_observation_threshold
366591	Tripterodon orbis	Tripterodon	Ephippidae	Ephippidae	African Spadefish	0	7	False	False	False	ineligible	below_required_observation_threshold
62600	Haemulon flavolineatum	Haemulon	Haemulidae	Haemulidae	French Grunt	0	829	True	False	True	broad_pretraining	global_licensed_abundance
49262	Haemulon sciurus	Haemulon	Haemulidae	Haemulidae	Bluestriped Grunt	0	572	True	False	True	broad_pretraining	global_licensed_abundance
122002	Plectorhinchus chaetodonoides	Plectorhinchus	Haemulidae	Haemulidae	Harlequin Sweetlips	0	250	False	True	False	rare_target_holdout	requested_target_below_abundance_thresholds
135279	Plectorhinchus polytaenia	Plectorhinchus	Haemulidae	Haemulidae	Ribbon Sweetlips	0	39	False	True	False	rare_target_holdout	requested_target_below_abundance_thresholds
120999	Plectorhinchus vittatus	Plectorhinchus	Haemulidae	Haemulidae	Oriental Sweetlips	0	167	False	True	False	rare_target_holdout	requested_target_below_abundance_thresholds
94129	Anisotremus caesius	Anisotremus	Haemulidae	Haemulidae	Silver Gray Grunt	0	8	False	False	False	ineligible	below_required_observation_threshold
94130	Anisotremus davidsonii	Anisotremus	Haemulidae	Haemulidae	Xantic Sargo	0	25	False	False	False	ineligible	below_required_observation_threshold
1313244	Anisotremus espinozai	Anisotremus	Haemulidae	Haemulidae	Santa Cruz Grunt	0	13	False	False	False	ineligible	below_required_observation_threshold
94132	Anisotremus interruptus	Anisotremus	Haemulidae	Haemulidae	Burrito Grunt	0	24	False	False	False	ineligible	below_required_observation_threshold
1313243	Anisotremus perezponcedeleoni	Anisotremus	Haemulidae	Haemulidae	Clarion Grunt	0	1	False	False	False	ineligible	below_required_observation_threshold
94135	Anisotremus scapularis	Anisotremus	Haemulidae	Haemulidae	Peruvian Grunt	0	6	False	False	False	ineligible	below_required_observation_threshold
52296	Anisotremus surinamensis	Anisotremus	Haemulidae	Haemulidae	Black Margate	0	118	False	False	False	ineligible	below_required_observation_threshold
94136	Anisotremus taeniatus	Anisotremus	Haemulidae	Haemulidae	Panamic Porkfish	0	31	False	False	False	ineligible	below_required_observation_threshold
49947	Anisotremus virginicus	Anisotremus	Haemulidae	Haemulidae	Porkfish	0	260	False	False	False	ineligible	below_required_observation_threshold
1316636	Brachygenys californiensis	Brachygenys	Haemulidae	Haemulidae	California Salema	0	13	False	False	False	ineligible	below_required_observation_threshold
1316786	Brachygenys chrysargyrea	Brachygenys	Haemulidae	Haemulidae	Smallmouth Grunt	0	252	False	False	False	ineligible	below_required_observation_threshold
1316635	Brachygenys jessiae	Brachygenys	Haemulidae	Haemulidae	Black Striped Salema	0	65	False	False	False	ineligible	below_required_observation_threshold
179626	Conodon nobilis	Conodon	Haemulidae	Haemulidae	Barred Grunt	0	6	False	False	False	ineligible	below_required_observation_threshold
615139	Diagramma centurio	Diagramma	Haemulidae	Haemulidae	Sailfin Rubberlip	0	6	False	False	False	ineligible	below_required_observation_threshold
513499	Diagramma labiosum	Diagramma	Haemulidae	Haemulidae	Grey Sweetlips	0	16	False	False	False	ineligible	below_required_observation_threshold
530147	Diagramma melanacrum	Diagramma	Haemulidae	Haemulidae	Blackfin Sweetlips	0	16	False	False	False	ineligible	below_required_observation_threshold
132396	Diagramma pictum	Diagramma	Haemulidae	Haemulidae	Painted Sweetlips	0	58	False	False	False	ineligible	below_required_observation_threshold
615140	Diagramma punctatum	Diagramma	Haemulidae	Haemulidae		0	2	False	False	False	ineligible	below_required_observation_threshold
147114	Emmelichthyops atlanticus	Emmelichthyops	Haemulidae	Haemulidae	Bonnetmouth	0	1	False	False	False	ineligible	below_required_observation_threshold
483603	Genyatremus dovii	Genyatremus	Haemulidae	Haemulidae	Black-barred Grunt	0	3	False	False	False	ineligible	below_required_observation_threshold
49953	Haemulon album	Haemulon	Haemulidae	Haemulidae	White Margate	0	29	False	False	False	ineligible	below_required_observation_threshold
1313585	Haemulon atlanticus	Haemulon	Haemulidae	Haemulidae	Atlantic latin grunt	0	19	False	False	False	ineligible	below_required_observation_threshold
49950	Haemulon aurolineatum	Haemulon	Haemulidae	Haemulidae	Tomtate	0	160	False	False	False	ineligible	below_required_observation_threshold
317130	Haemulon bonariense	Haemulon	Haemulidae	Haemulidae	Black Grunt	0	2	False	False	False	ineligible	below_required_observation_threshold
130054	Haemulon carbonarium	Haemulon	Haemulidae	Haemulidae	Caesar Grunt	0	149	False	False	False	ineligible	below_required_observation_threshold
101998	Haemulon flaviguttatum	Haemulon	Haemulidae	Haemulidae	Cortez Grunt	0	15	False	False	False	ineligible	below_required_observation_threshold
52295	Haemulon macrostoma	Haemulon	Haemulidae	Haemulidae	Spanish Grunt	0	31	False	False	False	ineligible	below_required_observation_threshold
101999	Haemulon maculicauda	Haemulon	Haemulidae	Haemulidae	Spottail Grunt	0	197	False	False	False	ineligible	below_required_observation_threshold
131388	Haemulon melanurum	Haemulon	Haemulidae	Haemulidae	Cottonwick	0	31	False	False	False	ineligible	below_required_observation_threshold
317131	Haemulon parra	Haemulon	Haemulidae	Haemulidae	Sailor's Choice	0	167	False	False	False	ineligible	below_required_observation_threshold
49951	Haemulon plumierii	Haemulon	Haemulidae	Haemulidae	White Grunt	0	265	False	False	False	ineligible	below_required_observation_threshold
102000	Haemulon scudderii	Haemulon	Haemulidae	Haemulidae	Grey Grunt	0	64	False	False	False	ineligible	below_required_observation_threshold
102001	Haemulon sexfasciatum	Haemulon	Haemulidae	Haemulidae	Graybar Grunt	0	172	False	False	False	ineligible	below_required_observation_threshold
102002	Haemulon steindachneri	Haemulon	Haemulidae	Haemulidae	Pacific Latin Grunt	0	10	False	False	False	ineligible	below_required_observation_threshold
49949	Haemulon striatum	Haemulon	Haemulidae	Haemulidae	Striped Grunt	0	8	False	False	False	ineligible	below_required_observation_threshold
495478	Haemulon vittatum	Haemulon	Haemulidae	Haemulidae	Boga	0	11	False	False	False	ineligible	below_required_observation_threshold
102003	Haemulopsis axillaris	Haemulopsis	Haemulidae	Haemulidae	Yellowstripe Grunt	0	1	False	False	False	ineligible	below_required_observation_threshold
615149	Haemulopsis corvinaeformis	Haemulopsis	Haemulidae	Haemulidae	Roughneck Grunt	0	10	False	False	False	ineligible	below_required_observation_threshold
1316046	Haemulopsis elongata	Haemulopsis	Haemulidae	Haemulidae	Elongate Grunt	0	5	False	False	False	ineligible	below_required_observation_threshold
49952	Haemulopsis leuciscus	Haemulopsis	Haemulidae	Haemulidae	White Grunt	0	6	False	False	False	ineligible	below_required_observation_threshold
1316045	Haemulopsis nitida	Haemulopsis	Haemulidae	Haemulidae	Shining Grunt	0	2	False	False	False	ineligible	below_required_observation_threshold
103475	Isacia conceptionis	Isacia	Haemulidae	Haemulidae	Cabinza Grunt	0	5	False	False	False	ineligible	below_required_observation_threshold
105787	Microlepidotus brevipinnis	Microlepidotus	Haemulidae	Haemulidae	Brassy Grunt	0	58	False	False	False	ineligible	below_required_observation_threshold
105788	Microlepidotus inornatus	Microlepidotus	Haemulidae	Haemulidae	Wavyline Grunt	0	3	False	False	False	ineligible	below_required_observation_threshold
1316631	Microlepidotus lethopristis	Microlepidotus	Haemulidae	Haemulidae	Scalyfin Grunt	0	4	False	False	False	ineligible	below_required_observation_threshold
1316044	Orthopristis chalcea	Orthopristis	Haemulidae	Haemulidae	Humpback Grunt	0	2	False	False	False	ineligible	below_required_observation_threshold
49431	Orthopristis chrysoptera	Orthopristis	Haemulidae	Haemulidae	Pigfish	0	134	False	False	False	ineligible	below_required_observation_threshold
55531	Orthopristis forbesi	Orthopristis	Haemulidae	Haemulidae	Galápagos Grunt	0	1	False	False	False	ineligible	below_required_observation_threshold
1316043	Orthopristis rubra	Orthopristis	Haemulidae	Haemulidae	Corocoro Grunt	0	9	False	False	False	ineligible	below_required_observation_threshold
476129	Parapristipoma humile	Parapristipoma	Haemulidae	Haemulidae	Guinean Grunt	0	3	False	False	False	ineligible	below_required_observation_threshold
359901	Parapristipoma octolineatum	Parapristipoma	Haemulidae	Haemulidae	African Striped Grunt	0	25	False	False	False	ineligible	below_required_observation_threshold
469585	Parapristipoma trilineatum	Parapristipoma	Haemulidae	Haemulidae	Chicken Grunt	0	4	False	False	False	ineligible	below_required_observation_threshold
199248	Plectorhinchus albovittatus	Plectorhinchus	Haemulidae	Haemulidae	Giant Sweetlips	0	22	False	False	False	ineligible	below_required_observation_threshold
525646	Plectorhinchus caeruleonothus	Plectorhinchus	Haemulidae	Haemulidae	Blue Bastard	0	2	False	False	False	ineligible	below_required_observation_threshold
123448	Plectorhinchus chrysotaenia	Plectorhinchus	Haemulidae	Haemulidae	Goldlined Sweetlips	0	21	False	False	False	ineligible	below_required_observation_threshold
342567	Plectorhinchus chubbi	Plectorhinchus	Haemulidae	Haemulidae	Dusky Sweetlips	0	6	False	False	False	ineligible	below_required_observation_threshold
502356	Plectorhinchus cinctus	Plectorhinchus	Haemulidae	Haemulidae	Crescent Sweetlips	0	3	False	False	False	ineligible	below_required_observation_threshold
341862	Plectorhinchus flavomaculatus	Plectorhinchus	Haemulidae	Haemulidae	Goldspotted Sweetlips	0	65	False	False	False	ineligible	below_required_observation_threshold
338765	Plectorhinchus gaterinus	Plectorhinchus	Haemulidae	Haemulidae	Blackspotted Rubberlip	0	65	False	False	False	ineligible	below_required_observation_threshold
188071	Plectorhinchus gibbosus	Plectorhinchus	Haemulidae	Haemulidae	Blubberlip	0	47	False	False	False	ineligible	below_required_observation_threshold
134157	Plectorhinchus lessonii	Plectorhinchus	Haemulidae	Haemulidae	Striped Sweetlips	0	34	False	False	False	ineligible	below_required_observation_threshold
134158	Plectorhinchus lineatus	Plectorhinchus	Haemulidae	Haemulidae	Oblique-banded Sweetlips	0	98	False	False	False	ineligible	below_required_observation_threshold
502906	Plectorhinchus macrospilus	Plectorhinchus	Haemulidae	Haemulidae	Largespot Sweetlips	0	1	False	False	False	ineligible	below_required_observation_threshold
479674	Plectorhinchus mediterraneus	Plectorhinchus	Haemulidae	Haemulidae	Rubber-lip Grunt	0	2	False	False	False	ineligible	below_required_observation_threshold
424598	Plectorhinchus multivittatus	Plectorhinchus	Haemulidae	Haemulidae	Manyline Sweetlips	0	2	False	False	False	ineligible	below_required_observation_threshold
615155	Plectorhinchus paulayi	Plectorhinchus	Haemulidae	Haemulidae		0	1	False	False	False	ineligible	below_required_observation_threshold
347600	Plectorhinchus pica	Plectorhinchus	Haemulidae	Haemulidae	Dotted Sweetlips	0	24	False	False	False	ineligible	below_required_observation_threshold
615156	Plectorhinchus plagiodesmus	Plectorhinchus	Haemulidae	Haemulidae	Barred Rubberlip	0	10	False	False	False	ineligible	below_required_observation_threshold
551943	Plectorhinchus playfairi	Plectorhinchus	Haemulidae	Haemulidae	Whitebarred Rubberlip	0	16	False	False	False	ineligible	below_required_observation_threshold
357464	Plectorhinchus schotaf	Plectorhinchus	Haemulidae	Haemulidae	Grey Sweetlips	0	10	False	False	False	ineligible	below_required_observation_threshold
615157	Plectorhinchus sordidus	Plectorhinchus	Haemulidae	Haemulidae	Sordid Rubberlip	0	2	False	False	False	ineligible	below_required_observation_threshold
357465	Plectorhinchus unicolor	Plectorhinchus	Haemulidae	Haemulidae	Sombre Sweetlips	0	3	False	False	False	ineligible	below_required_observation_threshold
68796	Pomadasys andamanensis	Pomadasys	Haemulidae	Haemulidae	Andaman Grunt	0	1	False	False	False	ineligible	below_required_observation_threshold
68795	Pomadasys argenteus	Pomadasys	Haemulidae	Haemulidae	Silver Javelin	0	10	False	False	False	ineligible	below_required_observation_threshold
68794	Pomadasys auritus	Pomadasys	Haemulidae	Haemulidae	Longhead Grunt	0	2	False	False	False	ineligible	below_required_observation_threshold
615160	Pomadasys commersonnii	Pomadasys	Haemulidae	Haemulidae	Small-spotted Grunter	0	10	False	False	False	ineligible	below_required_observation_threshold
354847	Pomadasys furcatus	Pomadasys	Haemulidae	Haemulidae	Banded Grunter	0	10	False	False	False	ineligible	below_required_observation_threshold
1316594	Pomadasys grunniens	Pomadasys	Haemulidae	Haemulidae	Guoraca Grunter	0	1	False	False	False	ineligible	below_required_observation_threshold
110029	Pomadasys incisus	Pomadasys	Haemulidae	Haemulidae	Bastard Grunt	0	44	False	False	False	ineligible	below_required_observation_threshold
368081	Pomadasys kaakan	Pomadasys	Haemulidae	Haemulidae	Barred Javelin	0	19	False	False	False	ineligible	below_required_observation_threshold
110031	Pomadasys maculatus	Pomadasys	Haemulidae	Haemulidae	Blotched Javelin	0	3	False	False	False	ineligible	below_required_observation_threshold
347563	Pomadasys olivaceus	Pomadasys	Haemulidae	Haemulidae	Olive Grunter	0	5	False	False	False	ineligible	below_required_observation_threshold
615165	Pomadasys perotaei	Pomadasys	Haemulidae	Haemulidae	Parrot grunt	0	2	False	False	False	ineligible	below_required_observation_threshold
615168	Pomadasys rogerii	Pomadasys	Haemulidae	Haemulidae	Pigsnout Grunt	0	1	False	False	False	ineligible	below_required_observation_threshold
354888	Pomadasys striatus	Pomadasys	Haemulidae	Haemulidae	Striped Grunter	0	21	False	False	False	ineligible	below_required_observation_threshold
615169	Pomadasys stridens	Pomadasys	Haemulidae	Haemulidae	striped piggy	0	1	False	False	False	ineligible	below_required_observation_threshold
1316783	Rhencus macracanthus	Rhencus	Haemulidae	Haemulidae	Longspine Grunt	0	2	False	False	False	ineligible	below_required_observation_threshold
115041	Xenichthys agassizii	Xenichthys	Haemulidae	Haemulidae	White Salema	0	7	False	False	False	ineligible	below_required_observation_threshold
115043	Xenichthys xanti	Xenichthys	Haemulidae	Haemulidae	Longfin Salema	0	35	False	False	False	ineligible	below_required_observation_threshold
187233	Chlorurus spilurus	Chlorurus	Labridae	Labridae	Pacific Bullethead Parrotfish	0	456	True	True	True	common_target_pretraining	requested_target_meets_licensed_abundance_threshold
102045	Halichoeres hortulanus	Halichoeres	Labridae	Labridae	Checkerboard Wrasse	0	585	True	True	True	common_target_pretraining	requested_target_meets_licensed_abundance_threshold
102580	Hemigymnus melapterus	Hemigymnus	Labridae	Labridae	Blackeye Thicklip	0	541	True	True	True	common_target_pretraining	requested_target_meets_licensed_abundance_threshold
103901	Labroides dimidiatus	Labroides	Labridae	Labridae	Bluestreak Cleaner Wrasse	0	696	True	True	True	common_target_pretraining	requested_target_meets_licensed_abundance_threshold
84175	Scarus ghobban	Scarus	Labridae	Labridae	Blue-barred Parrotfish	0	664	True	True	True	common_target_pretraining	requested_target_meets_licensed_abundance_threshold
68025	Scarus niger	Scarus	Labridae	Labridae	Swarthy Parrotfish	0	375	True	True	True	common_target_pretraining	requested_target_meets_licensed_abundance_threshold
83297	Scarus rubroviolaceus	Scarus	Labridae	Labridae	Redlip Parrotfish	0	513	True	True	True	common_target_pretraining	requested_target_meets_licensed_abundance_threshold
67963	Thalassoma hardwicke	Thalassoma	Labridae	Labridae	Sixbar Wrasse	0	644	True	True	True	common_target_pretraining	requested_target_meets_licensed_abundance_threshold
113980	Thalassoma lunare	Thalassoma	Labridae	Labridae	Moon Wrasse	0	773	True	True	True	common_target_pretraining	requested_target_meets_licensed_abundance_threshold
50968	Coris julis	Coris	Labridae	Labridae	Mediterranean Rainbow Wrasse	0	688	True	False	True	broad_pretraining	global_licensed_abundance
49272	Halichoeres bivittatus	Halichoeres	Labridae	Labridae	Slippery Dick	0	687	True	False	True	broad_pretraining	global_licensed_abundance
112867	Sparisoma viride	Sparisoma	Labridae	Labridae	Stoplight Parrotfish	0	1057	True	False	True	broad_pretraining	global_licensed_abundance
49491	Thalassoma bifasciatum	Thalassoma	Labridae	Labridae	Caribbean Bluehead Wrasse	0	1191	True	False	True	broad_pretraining	global_licensed_abundance
50972	Thalassoma pavo	Thalassoma	Labridae	Labridae	Ornate Wrasse	0	1033	True	False	True	broad_pretraining	global_licensed_abundance
112860	Sparisoma cretense	Sparisoma	Labridae	Labridae	European Parrotfish	0	823	True	False	True	novel_evaluation	held_out_for_unseen_species_evaluation
95820	Bodianus dictynna	Bodianus	Labridae	Labridae	Redfin Hogfish	0	94	False	True	False	rare_target_holdout	requested_target_below_abundance_thresholds
95867	Bolbometopon muricatum	Bolbometopon	Labridae	Labridae	Bumphead Parrotfish	0	74	False	True	False	rare_target_holdout	requested_target_below_abundance_thresholds
82355	Cheilinus undulatus	Cheilinus	Labridae	Labridae	Napoleon Wrasse	0	250	False	True	False	rare_target_holdout	requested_target_below_abundance_thresholds
97637	Chlorurus bleekeri	Chlorurus	Labridae	Labridae	Bleeker's Parrotfish	0	225	False	True	False	rare_target_holdout	requested_target_below_abundance_thresholds
52323	Coris gaimard	Coris	Labridae	Labridae	Yellowtail Coris	0	268	False	True	False	rare_target_holdout	requested_target_below_abundance_thresholds
102038	Halichoeres chrysus	Halichoeres	Labridae	Labridae	Canary Wrasse	0	76	False	True	False	rare_target_holdout	requested_target_below_abundance_thresholds
102044	Halichoeres hartzfeldii	Halichoeres	Labridae	Labridae	Orangeline Wrasse	0	23	False	True	False	rare_target_holdout	requested_target_below_abundance_thresholds
108074	Oxycheilinus bimaculatus	Oxycheilinus	Labridae	Labridae	Twospot Wrasse	0	102	False	True	False	rare_target_holdout	requested_target_below_abundance_thresholds
112138	Scarus dimidiatus	Scarus	Labridae	Labridae	Yellow-barred Parrotfish	0	136	False	True	False	rare_target_holdout	requested_target_below_abundance_thresholds
52498	Scarus psittacus	Scarus	Labridae	Labridae	Palenose Parrotfish	0	340	False	True	False	rare_target_holdout	requested_target_below_abundance_thresholds
112165	Scarus spinus	Scarus	Labridae	Labridae	Greensnout Parrotfish	0	67	False	True	False	rare_target_holdout	requested_target_below_abundance_thresholds
112167	Scarus tricolor	Scarus	Labridae	Labridae	Tricolour Parrotfish	0	63	False	True	False	rare_target_holdout	requested_target_below_abundance_thresholds
57333	Bodianus diplotaenia	Bodianus	Labridae	Labridae	Mexican Hogfish	0	556	True	False	False	eligible_not_selected	scientist_family_quota_reached
68028	Chlorurus sordidus	Chlorurus	Labridae	Labridae	Indian Bullethead Parrotfish	0	369	True	False	False	eligible_not_selected	scientist_family_quota_reached
100036	Epibulus insidiator	Epibulus	Labridae	Labridae	Slingjaw Wrasse	0	406	True	False	False	eligible_not_selected	scientist_family_quota_reached
52508	Gomphosus varius	Gomphosus	Labridae	Labridae	Bird Wrasse	0	492	True	False	False	eligible_not_selected	scientist_family_quota_reached
49946	Halichoeres garnoti	Halichoeres	Labridae	Labridae	Yellowhead Wrasse	0	431	True	False	False	eligible_not_selected	scientist_family_quota_reached
49690	Scarus iseri	Scarus	Labridae	Labridae	Striped Parrotfish	0	536	True	False	False	eligible_not_selected	scientist_family_quota_reached
112169	Scarus vetula	Scarus	Labridae	Labridae	Queen Parrotfish	0	383	True	False	False	eligible_not_selected	scientist_family_quota_reached
112858	Sparisoma aurofrenatum	Sparisoma	Labridae	Labridae	Redband Parrotfish	0	502	True	False	False	eligible_not_selected	scientist_family_quota_reached
52554	Symphodus tinca	Symphodus	Labridae	Labridae	East Atlantic Peacock Wrasse	0	463	True	False	False	eligible_not_selected	scientist_family_quota_reached
49493	Thalassoma lucasanum	Thalassoma	Labridae	Labridae	Cortez Rainbow Wrasse	0	804	True	False	False	eligible_not_selected	genus_quota_reached
113981	Thalassoma lutescens	Thalassoma	Labridae	Labridae	Sunset Wrasse	0	392	True	False	False	eligible_not_selected	scientist_family_quota_reached
93136	Achoerodus gouldii	Achoerodus	Labridae	Labridae	Western Blue Groper	0	13	False	False	False	ineligible	below_required_observation_threshold
93137	Achoerodus viridis	Achoerodus	Labridae	Labridae	Eastern Blue Groper	0	181	False	False	False	ineligible	below_required_observation_threshold
94016	Anampses caeruleopunctatus	Anampses	Labridae	Labridae	Bluespotted Wrasse	0	57	False	False	False	ineligible	below_required_observation_threshold
94017	Anampses chrysocephalus	Anampses	Labridae	Labridae	Psychedelic Wrasse	0	3	False	False	False	ineligible	below_required_observation_threshold
94018	Anampses cuvier	Anampses	Labridae	Labridae	Pearl Wrasse	0	21	False	False	False	ineligible	below_required_observation_threshold
94019	Anampses elegans	Anampses	Labridae	Labridae	Elegant Wrasse	0	79	False	False	False	ineligible	below_required_observation_threshold
94020	Anampses femininus	Anampses	Labridae	Labridae	Bluetail Wrasse	0	5	False	False	False	ineligible	below_required_observation_threshold
94021	Anampses geographicus	Anampses	Labridae	Labridae	Scribbled Wrasse	0	11	False	False	False	ineligible	below_required_observation_threshold
94023	Anampses lineatus	Anampses	Labridae	Labridae	Lined Wrasse	0	14	False	False	False	ineligible	below_required_observation_threshold
94024	Anampses melanurus	Anampses	Labridae	Labridae	White-spotted Wrasse	0	9	False	False	False	ineligible	below_required_observation_threshold
94025	Anampses meleagrides	Anampses	Labridae	Labridae	Yellowtail Wrasse	0	57	False	False	False	ineligible	below_required_observation_threshold
94026	Anampses neoguinaicus	Anampses	Labridae	Labridae	Blackback Wrasse	0	56	False	False	False	ineligible	below_required_observation_threshold
94027	Anampses twistii	Anampses	Labridae	Labridae	Yellowbreast Wrasse	0	79	False	False	False	ineligible	below_required_observation_threshold
94057	Anchichoerops natalensis	Anchichoerops	Labridae	Labridae	Natal Wrasse	0	1	False	False	False	ineligible	below_required_observation_threshold
94968	Austrolabrus maculatus	Austrolabrus	Labridae	Labridae	Blackspotted Wrasse	0	24	False	False	False	ineligible	below_required_observation_threshold
121216	Bodianus albotaeniatus	Bodianus	Labridae	Labridae	Hawaiian Hogfish	0	26	False	False	False	ineligible	below_required_observation_threshold
95812	Bodianus anthioides	Bodianus	Labridae	Labridae	Lyretail Hogfish	0	77	False	False	False	ineligible	below_required_observation_threshold
623908	Bodianus atrolumbus	Bodianus	Labridae	Labridae	Palebar Hogfish	0	1	False	False	False	ineligible	below_required_observation_threshold
95813	Bodianus axillaris	Bodianus	Labridae	Labridae	Axilspot Hogfish	0	114	False	False	False	ineligible	below_required_observation_threshold
95815	Bodianus bilunulatus	Bodianus	Labridae	Labridae	Saddleback Hogfish	0	28	False	False	False	ineligible	below_required_observation_threshold
95816	Bodianus bimaculatus	Bodianus	Labridae	Labridae	Twospot Pigfish	0	1	False	False	False	ineligible	below_required_observation_threshold
1439752	Bodianus brasiliensis	Bodianus	Labridae	Labridae	Brazilian Creole Wrasse	0	2	False	False	False	ineligible	below_required_observation_threshold
1439814	Bodianus darwini	Bodianus	Labridae	Labridae	Goldspot Sheephead	0	3	False	False	False	ineligible	below_required_observation_threshold
95819	Bodianus diana	Bodianus	Labridae	Labridae	Diana's Hogfish	0	52	False	False	False	ineligible	below_required_observation_threshold
95821	Bodianus eclancheri	Bodianus	Labridae	Labridae	Harlequin Wrasse	0	16	False	False	False	ineligible	below_required_observation_threshold
95822	Bodianus flavifrons	Bodianus	Labridae	Labridae	Masked Pigfish	0	1	False	False	False	ineligible	below_required_observation_threshold
95824	Bodianus frenchii	Bodianus	Labridae	Labridae	Foxfish	0	4	False	False	False	ineligible	below_required_observation_threshold
95827	Bodianus loxozonus	Bodianus	Labridae	Labridae	Blackfin Hogfish	0	19	False	False	False	ineligible	below_required_observation_threshold
95828	Bodianus macrognathos	Bodianus	Labridae	Labridae	Giant Hogfish	0	1	False	False	False	ineligible	below_required_observation_threshold
95831	Bodianus mesothorax	Bodianus	Labridae	Labridae	Blackbelt Hogfish	0	136	False	False	False	ineligible	below_required_observation_threshold
95832	Bodianus neilli	Bodianus	Labridae	Labridae	Bay of Bengal Hogfish	0	9	False	False	False	ineligible	below_required_observation_threshold
95835	Bodianus oxycephalus	Bodianus	Labridae	Labridae	Nagasaki hogfish	0	1	False	False	False	ineligible	below_required_observation_threshold
1439789	Bodianus parrae	Bodianus	Labridae	Labridae	Creole Wrasse	0	212	False	False	False	ineligible	below_required_observation_threshold
95837	Bodianus perditio	Bodianus	Labridae	Labridae	Goldspot Pigfish	0	4	False	False	False	ineligible	below_required_observation_threshold
49430	Bodianus pulchellus	Bodianus	Labridae	Labridae	Spotfin Hogfish	0	12	False	False	False	ineligible	below_required_observation_threshold
1439813	Bodianus pulcher	Bodianus	Labridae	Labridae	California Sheephead	0	87	False	False	False	ineligible	below_required_observation_threshold
49428	Bodianus rufus	Bodianus	Labridae	Labridae	Spanish Hogfish	0	303	False	False	False	ineligible	below_required_observation_threshold
50971	Bodianus scrofa	Bodianus	Labridae	Labridae	Barred Hogfish	0	14	False	False	False	ineligible	below_required_observation_threshold
95843	Bodianus speciosus	Bodianus	Labridae	Labridae	Blackbar Hogfish	0	8	False	False	False	ineligible	below_required_observation_threshold
95847	Bodianus unimaculatus	Bodianus	Labridae	Labridae	Eastern Pigfish	0	43	False	False	False	ineligible	below_required_observation_threshold
96498	Calotomus carolinus	Calotomus	Labridae	Labridae	Star-eye Parrotfish	0	103	False	False	False	ineligible	below_required_observation_threshold
96499	Calotomus japonicus	Calotomus	Labridae	Labridae	Japanese Parrotfish	0	4	False	False	False	ineligible	below_required_observation_threshold
96500	Calotomus spinidens	Calotomus	Labridae	Labridae	Spinytooth Parrotfish	0	5	False	False	False	ineligible	below_required_observation_threshold
96501	Calotomus viridescens	Calotomus	Labridae	Labridae	Dotted Parrotfish	0	42	False	False	False	ineligible	below_required_observation_threshold
96913	Centrolabrus exoletus	Centrolabrus	Labridae	Labridae	Small-mouthed Wrasse	0	28	False	False	False	ineligible	below_required_observation_threshold
97097	Cetoscarus bicolor	Cetoscarus	Labridae	Labridae	Bicolour Parrotfish	0	31	False	False	False	ineligible	below_required_observation_threshold
97098	Cetoscarus ocellatus	Cetoscarus	Labridae	Labridae	Spotted Parrotfish	0	215	False	False	False	ineligible	below_required_observation_threshold
97306	Cheilinus abudjubbe	Cheilinus	Labridae	Labridae	Abudjubbe Wrasse	0	39	False	False	False	ineligible	below_required_observation_threshold
97307	Cheilinus chlorourus	Cheilinus	Labridae	Labridae	Floral Maori Wrasse	0	328	False	False	False	ineligible	below_required_observation_threshold
97308	Cheilinus fasciatus	Cheilinus	Labridae	Labridae	Redbreast Maori Wrasse	0	300	False	False	False	ineligible	below_required_observation_threshold
97309	Cheilinus lunulatus	Cheilinus	Labridae	Labridae	Broomtail Wrasse	0	175	False	False	False	ineligible	below_required_observation_threshold
97310	Cheilinus oxycephalus	Cheilinus	Labridae	Labridae	Snooty Wrasse	0	17	False	False	False	ineligible	below_required_observation_threshold
187227	Cheilinus quinquecinctus	Cheilinus	Labridae	Labridae	Red Sea Redbreasted Wrasse	0	55	False	False	False	ineligible	below_required_observation_threshold
97311	Cheilinus trilobatus	Cheilinus	Labridae	Labridae	Tripletail Maori Wrasse	0	249	False	False	False	ineligible	below_required_observation_threshold
97312	Cheilio inermis	Cheilio	Labridae	Labridae	Cigar Wrasse	0	228	False	False	False	ineligible	below_required_observation_threshold
97636	Chlorurus atrilunula	Chlorurus	Labridae	Labridae	Bluemoon Parrotfish	0	6	False	False	False	ineligible	below_required_observation_threshold
97638	Chlorurus bowersi	Chlorurus	Labridae	Labridae	Bowers' Parrotfish	0	18	False	False	False	ineligible	below_required_observation_threshold
97639	Chlorurus capistratoides	Chlorurus	Labridae	Labridae	Pink-margined Parrotfish	0	33	False	False	False	ineligible	below_required_observation_threshold
97640	Chlorurus cyanescens	Chlorurus	Labridae	Labridae	Saddled Parrotfish	0	1	False	False	False	ineligible	below_required_observation_threshold
97641	Chlorurus enneacanthus	Chlorurus	Labridae	Labridae	Captain Parrotfish	0	17	False	False	False	ineligible	below_required_observation_threshold
97642	Chlorurus frontalis	Chlorurus	Labridae	Labridae	Reefcrest Parrotfish	0	21	False	False	False	ineligible	below_required_observation_threshold
97643	Chlorurus genazonatus	Chlorurus	Labridae	Labridae	Purplestreak Parrotfish	0	1	False	False	False	ineligible	below_required_observation_threshold
68027	Chlorurus gibbus	Chlorurus	Labridae	Labridae	Red Sea Steephead Parrotfish	0	80	False	False	False	ineligible	below_required_observation_threshold
49930	Chlorurus japanensis	Chlorurus	Labridae	Labridae	Redtail Parrotfish	0	26	False	False	False	ineligible	below_required_observation_threshold
68026	Chlorurus microrhinos	Chlorurus	Labridae	Labridae	Steephead Parrotfish	0	200	False	False	False	ineligible	below_required_observation_threshold
97645	Chlorurus perspicillatus	Chlorurus	Labridae	Labridae	Spectacled Parrotfish	0	14	False	False	False	ineligible	below_required_observation_threshold
97646	Chlorurus rhakoura	Chlorurus	Labridae	Labridae	Raggedfin Parrotfish	0	4	False	False	False	ineligible	below_required_observation_threshold
97647	Chlorurus strongylocephalus	Chlorurus	Labridae	Labridae	Roundhead Parrotfish	0	61	False	False	False	ineligible	below_required_observation_threshold
97648	Chlorurus troschelii	Chlorurus	Labridae	Labridae	Greenhead Parrotfish	0	13	False	False	False	ineligible	below_required_observation_threshold
97649	Choerodon anchorago	Choerodon	Labridae	Labridae	Anchor Tuskfish	0	133	False	False	False	ineligible	below_required_observation_threshold
97650	Choerodon azurio	Choerodon	Labridae	Labridae	Azurio Tuskfish	0	5	False	False	False	ineligible	below_required_observation_threshold
97651	Choerodon cauteroma	Choerodon	Labridae	Labridae	Bluespotted Tuskfish	0	1	False	False	False	ineligible	below_required_observation_threshold
97652	Choerodon cephalotes	Choerodon	Labridae	Labridae	Purple Tuskfish	0	2	False	False	False	ineligible	below_required_observation_threshold
97653	Choerodon cyanodus	Choerodon	Labridae	Labridae	Blue Tuskfish	0	12	False	False	False	ineligible	below_required_observation_threshold
97654	Choerodon fasciatus	Choerodon	Labridae	Labridae	Harlequin Tuskfish	0	23	False	False	False	ineligible	below_required_observation_threshold
97657	Choerodon graphicus	Choerodon	Labridae	Labridae	Graphic Tuskfish	0	26	False	False	False	ineligible	below_required_observation_threshold
97659	Choerodon jordani	Choerodon	Labridae	Labridae	Blackwedge Tuskfish	0	2	False	False	False	ineligible	below_required_observation_threshold
97665	Choerodon robustus	Choerodon	Labridae	Labridae	Robust Tuskfish	0	1	False	False	False	ineligible	below_required_observation_threshold
97666	Choerodon rubescens	Choerodon	Labridae	Labridae	Baldchin Groper	0	7	False	False	False	ineligible	below_required_observation_threshold
97667	Choerodon schoenleinii	Choerodon	Labridae	Labridae	Blackspot Tuskfish	0	20	False	False	False	ineligible	below_required_observation_threshold
1316653	Choerodon typus	Choerodon	Labridae	Labridae		0	1	False	False	False	ineligible	below_required_observation_threshold
97672	Choerodon zosterophorus	Choerodon	Labridae	Labridae	Darkstripe Tuskfish	0	1	False	False	False	ineligible	below_required_observation_threshold
871123	Cirrhilabrus africanus	Cirrhilabrus	Labridae	Labridae	African Longfin Fairy Wrasse	0	2	False	False	False	ineligible	below_required_observation_threshold
97829	Cirrhilabrus aurantidorsalis	Cirrhilabrus	Labridae	Labridae	Orange-back wrasse	0	4	False	False	False	ineligible	below_required_observation_threshold
97830	Cirrhilabrus balteatus	Cirrhilabrus	Labridae	Labridae	girdled wrasse	0	2	False	False	False	ineligible	below_required_observation_threshold
97832	Cirrhilabrus beauperryi	Cirrhilabrus	Labridae	Labridae	Melanesian Fairy Wrasse	0	3	False	False	False	ineligible	below_required_observation_threshold
1272212	Cirrhilabrus chaliasi	Cirrhilabrus	Labridae	Labridae	Ruby-headed Fairy Wrasse	0	9	False	False	False	ineligible	below_required_observation_threshold
871124	Cirrhilabrus cyanogularis	Cirrhilabrus	Labridae	Labridae	Blue-throated fairy-wrasse	0	1	False	False	False	ineligible	below_required_observation_threshold
97838	Cirrhilabrus cyanopleura	Cirrhilabrus	Labridae	Labridae	Blueside Wrasse	0	62	False	False	False	ineligible	below_required_observation_threshold
97840	Cirrhilabrus exquisitus	Cirrhilabrus	Labridae	Labridae	Exquisite Wrasse	0	47	False	False	False	ineligible	below_required_observation_threshold
97843	Cirrhilabrus joanallenae	Cirrhilabrus	Labridae	Labridae	Joan's fairy-wrasse	0	1	False	False	False	ineligible	below_required_observation_threshold
97848	Cirrhilabrus laboutei	Cirrhilabrus	Labridae	Labridae	Laboute's Wrasse	0	2	False	False	False	ineligible	below_required_observation_threshold
97850	Cirrhilabrus lineatus	Cirrhilabrus	Labridae	Labridae	Lavender Wrasse	0	2	False	False	False	ineligible	below_required_observation_threshold
97851	Cirrhilabrus lubbocki	Cirrhilabrus	Labridae	Labridae	Orangeback Wrasse	0	10	False	False	False	ineligible	below_required_observation_threshold
97853	Cirrhilabrus luteovittatus	Cirrhilabrus	Labridae	Labridae	Yellowband wrasse	0	2	False	False	False	ineligible	below_required_observation_threshold
97854	Cirrhilabrus marjorie	Cirrhilabrus	Labridae	Labridae	Marjorie's Fairy Wrasse	0	8	False	False	False	ineligible	below_required_observation_threshold
97855	Cirrhilabrus melanomarginatus	Cirrhilabrus	Labridae	Labridae	Blackfin Fairy Wrasse	0	2	False	False	False	ineligible	below_required_observation_threshold
97857	Cirrhilabrus punctatus	Cirrhilabrus	Labridae	Labridae	Dotted Wrasse	0	143	False	False	False	ineligible	below_required_observation_threshold
97862	Cirrhilabrus rubrimarginatus	Cirrhilabrus	Labridae	Labridae	Red-margined Fairy Wrasse	0	18	False	False	False	ineligible	below_required_observation_threshold
97863	Cirrhilabrus rubripinnis	Cirrhilabrus	Labridae	Labridae	Redfin Wrasse	0	2	False	False	False	ineligible	below_required_observation_threshold
97865	Cirrhilabrus rubriventralis	Cirrhilabrus	Labridae	Labridae	Social Wrasse	0	1	False	False	False	ineligible	below_required_observation_threshold
871129	Cirrhilabrus ryukyuensis	Cirrhilabrus	Labridae	Labridae	Ryukyu Fairy Wrasse	0	21	False	False	False	ineligible	below_required_observation_threshold
97867	Cirrhilabrus scottorum	Cirrhilabrus	Labridae	Labridae	Scott's Wrasse	0	7	False	False	False	ineligible	below_required_observation_threshold
97868	Cirrhilabrus solorensis	Cirrhilabrus	Labridae	Labridae	Solor Wrasse	0	5	False	False	False	ineligible	below_required_observation_threshold
97869	Cirrhilabrus temminckii	Cirrhilabrus	Labridae	Labridae	Peacock Wrasse	0	2	False	False	False	ineligible	below_required_observation_threshold
98498	Coris atlantica	Coris	Labridae	Labridae	Gulf Coris	0	18	False	False	False	ineligible	below_required_observation_threshold
98499	Coris auricularis	Coris	Labridae	Labridae	Western King Wrasse	0	132	False	False	False	ineligible	below_required_observation_threshold
98500	Coris aurilineata	Coris	Labridae	Labridae	Goldlined Wrasse	0	2	False	False	False	ineligible	below_required_observation_threshold
98501	Coris aygula	Coris	Labridae	Labridae	Clown Coris	0	238	False	False	False	ineligible	below_required_observation_threshold
98503	Coris batuensis	Coris	Labridae	Labridae	Batu Coris	0	20	False	False	False	ineligible	below_required_observation_threshold
98504	Coris bulbifrons	Coris	Labridae	Labridae	Doubleheader	0	114	False	False	False	ineligible	below_required_observation_threshold
98505	Coris caudimacula	Coris	Labridae	Labridae	Spot-tail Wrasse	0	53	False	False	False	ineligible	below_required_observation_threshold
98506	Coris centralis	Coris	Labridae	Labridae	Kiribati Coris	0	1	False	False	False	ineligible	below_required_observation_threshold
98507	Coris cuvieri	Coris	Labridae	Labridae	African Coris	0	26	False	False	False	ineligible	below_required_observation_threshold
98508	Coris debueni	Coris	Labridae	Labridae	De Buen's Coris	0	2	False	False	False	ineligible	below_required_observation_threshold
98509	Coris dorsomacula	Coris	Labridae	Labridae	Pale-barred Coris	0	16	False	False	False	ineligible	below_required_observation_threshold
98510	Coris flavovittata	Coris	Labridae	Labridae	Blackstripe Coris	0	6	False	False	False	ineligible	below_required_observation_threshold
98511	Coris formosa	Coris	Labridae	Labridae	Queen Coris	0	48	False	False	False	ineligible	below_required_observation_threshold
1360107	Coris melanura	Coris	Labridae	Labridae	Atlantic rainbow wrasse	0	53	False	False	False	ineligible	below_required_observation_threshold
98515	Coris picta	Coris	Labridae	Labridae	Comb Wrasse	0	13	False	False	False	ineligible	below_required_observation_threshold
98516	Coris pictoides	Coris	Labridae	Labridae	Pixy Wrasse	0	4	False	False	False	ineligible	below_required_observation_threshold
98518	Coris sandeyeri	Coris	Labridae	Labridae	Eastern King Wrasse	0	99	False	False	False	ineligible	below_required_observation_threshold
1557855	Coris schroederii	Coris	Labridae	Labridae	Schroeder's Rainbow Wrasse	0	98	False	False	False	ineligible	below_required_observation_threshold
98519	Coris variegata	Coris	Labridae	Labridae	Dapple Coris	0	4	False	False	False	ineligible	below_required_observation_threshold
98520	Coris venusta	Coris	Labridae	Labridae	Elegant Coris	0	12	False	False	False	ineligible	below_required_observation_threshold
98731	Cryptotomus roseus	Cryptotomus	Labridae	Labridae	Bluelip Parrotfish	0	10	False	False	False	ineligible	below_required_observation_threshold
98753	Ctenolabrus rupestris	Ctenolabrus	Labridae	Labridae	Goldsinny Wrasse	0	84	False	False	False	ineligible	below_required_observation_threshold
98856	Cymolutes lecluse	Cymolutes	Labridae	Labridae	Hawaiian Knifefish	0	1	False	False	False	ineligible	below_required_observation_threshold
98857	Cymolutes praetextatus	Cymolutes	Labridae	Labridae	Knife Wrasse	0	54	False	False	False	ineligible	below_required_observation_threshold
98858	Cymolutes torquatus	Cymolutes	Labridae	Labridae	Razor Wrasse	0	4	False	False	False	ineligible	below_required_observation_threshold
1663225	Decodon erythroleukos	Decodon	Labridae	Labridae	Red-Tailed Halfbar Wrasse	0	1	False	False	False	ineligible	below_required_observation_threshold
99382	Diproctacanthus xanthurus	Diproctacanthus	Labridae	Labridae	Yellowtail Wrasse	0	39	False	False	False	ineligible	below_required_observation_threshold
99532	Doratonotus megalepis	Doratonotus	Labridae	Labridae	Dwarf Wrasse	0	2	False	False	False	ineligible	below_required_observation_threshold
99548	Dotalabrus alleni	Dotalabrus	Labridae	Labridae	Little Rainbow Wrasse	0	5	False	False	False	ineligible	below_required_observation_threshold
99549	Dotalabrus aurantiacus	Dotalabrus	Labridae	Labridae	Castelnau's Wrasse	0	7	False	False	False	ineligible	below_required_observation_threshold
100035	Epibulus brevis	Epibulus	Labridae	Labridae	Latent Slingjaw Wrasse	0	27	False	False	False	ineligible	below_required_observation_threshold
100727	Eupetrichthys angustipes	Eupetrichthys	Labridae	Labridae	Snakeskin Wrasse	0	38	False	False	False	ineligible	below_required_observation_threshold
52509	Gomphosus caeruleus	Gomphosus	Labridae	Labridae	Green Bird Wrasse	0	88	False	False	False	ineligible	below_required_observation_threshold
1316481	Gomphosus klunzingeri	Gomphosus	Labridae	Labridae	Red Sea Bird Wrasse	0	172	False	False	False	ineligible	below_required_observation_threshold
68640	Haletta semifasciata	Haletta	Labridae	Labridae	Blue Weed-whiting	0	28	False	False	False	ineligible	below_required_observation_threshold
102023	Halichoeres adustus	Halichoeres	Labridae	Labridae	Black Wrasse	0	2	False	False	False	ineligible	below_required_observation_threshold
102024	Halichoeres aestuaricola	Halichoeres	Labridae	Labridae	Mangrove Wrasse	0	1	False	False	False	ineligible	below_required_observation_threshold
1474879	Halichoeres annularis	Halichoeres	Labridae	Labridae	Pacific Dusky Wrasse	0	89	False	False	False	ineligible	below_required_observation_threshold
102025	Halichoeres argus	Halichoeres	Labridae	Labridae	Argus Wrasse	0	67	False	False	False	ineligible	below_required_observation_threshold
102027	Halichoeres bicolor	Halichoeres	Labridae	Labridae	Brown-stripe Wrasse	0	3	False	False	False	ineligible	below_required_observation_threshold
102028	Halichoeres binotopsis	Halichoeres	Labridae	Labridae	Banded Rainbowfish	0	1	False	False	False	ineligible	below_required_observation_threshold
102029	Halichoeres biocellatus	Halichoeres	Labridae	Labridae	Twospot Wrasse	0	61	False	False	False	ineligible	below_required_observation_threshold
102030	Halichoeres bleekeri	Halichoeres	Labridae	Labridae	Bleeker's Wrasse	0	4	False	False	False	ineligible	below_required_observation_threshold
102031	Halichoeres brasiliensis	Halichoeres	Labridae	Labridae	Brazilian Wrasse	0	4	False	False	False	ineligible	below_required_observation_threshold
102032	Halichoeres brownfieldi	Halichoeres	Labridae	Labridae	Brownfield's Wrasse	0	22	False	False	False	ineligible	below_required_observation_threshold
1316645	Halichoeres californicus	Halichoeres	Labridae	Labridae	Señorita Wrasse	0	38	False	False	False	ineligible	below_required_observation_threshold
102035	Halichoeres chierchiae	Halichoeres	Labridae	Labridae	Wounded Wrasse	0	85	False	False	False	ineligible	below_required_observation_threshold
102037	Halichoeres chloropterus	Halichoeres	Labridae	Labridae	Pastel-green Wrasse	0	146	False	False	False	ineligible	below_required_observation_threshold
1015342	Halichoeres chrysotaenia	Halichoeres	Labridae	Labridae	Indian Pinstriped Wrasse	0	26	False	False	False	ineligible	below_required_observation_threshold
102039	Halichoeres claudia	Halichoeres	Labridae	Labridae	Claudia's Wrasse	0	19	False	False	False	ineligible	below_required_observation_threshold
102040	Halichoeres cosmetus	Halichoeres	Labridae	Labridae	Cosmetic Wrasse	0	15	False	False	False	ineligible	below_required_observation_threshold
102041	Halichoeres cyanocephalus	Halichoeres	Labridae	Labridae	Yellowcheek Wrasse	0	11	False	False	False	ineligible	below_required_observation_threshold
102042	Halichoeres dimidiatus	Halichoeres	Labridae	Labridae	Brazilian goldenback wrasse	0	3	False	False	False	ineligible	below_required_observation_threshold
52555	Halichoeres dispilus	Halichoeres	Labridae	Labridae	Chameleon Wrasse	0	182	False	False	False	ineligible	below_required_observation_threshold
1651821	Halichoeres dussumieri	Halichoeres	Labridae	Labridae		0	3	False	False	False	ineligible	below_required_observation_threshold
615607	Halichoeres erdmanni	Halichoeres	Labridae	Labridae	Erdmann's Wrasse	0	1	False	False	False	ineligible	below_required_observation_threshold
615608	Halichoeres hilomeni	Halichoeres	Labridae	Labridae	Hilomen's Wrasse	0	2	False	False	False	ineligible	below_required_observation_threshold
102046	Halichoeres insularis	Halichoeres	Labridae	Labridae	Socorro Wrasse	0	7	False	False	False	ineligible	below_required_observation_threshold
102047	Halichoeres iridis	Halichoeres	Labridae	Labridae	Rainbow Wrasse	0	13	False	False	False	ineligible	below_required_observation_threshold
102048	Halichoeres kallochroma	Halichoeres	Labridae	Labridae	Pink-snouted Wrasse	0	1	False	False	False	ineligible	below_required_observation_threshold
1015343	Halichoeres kneri	Halichoeres	Labridae	Labridae	Kner's wrasse	0	10	False	False	False	ineligible	below_required_observation_threshold
1315694	Halichoeres lamarii	Halichoeres	Labridae	Labridae	Western Dusky Wrasse	0	7	False	False	False	ineligible	below_required_observation_threshold
102049	Halichoeres lapillus	Halichoeres	Labridae	Labridae	Jewelled Wrasse	0	2	False	False	False	ineligible	below_required_observation_threshold
102051	Halichoeres leucoxanthus	Halichoeres	Labridae	Labridae	Canarytop Wrasse	0	6	False	False	False	ineligible	below_required_observation_threshold
102052	Halichoeres leucurus	Halichoeres	Labridae	Labridae	Chain-lined Wrasse	0	23	False	False	False	ineligible	below_required_observation_threshold
102053	Halichoeres maculipinna	Halichoeres	Labridae	Labridae	Clown Wrasse	0	110	False	False	False	ineligible	below_required_observation_threshold
102055	Halichoeres margaritaceus	Halichoeres	Labridae	Labridae	Weedy Surge Wrasse	0	87	False	False	False	ineligible	below_required_observation_threshold
102056	Halichoeres marginatus	Halichoeres	Labridae	Labridae	Red Sea Dusky Wrasse	0	32	False	False	False	ineligible	below_required_observation_threshold
102057	Halichoeres melanochir	Halichoeres	Labridae	Labridae	Orangefin Wrasse	0	6	False	False	False	ineligible	below_required_observation_threshold
102058	Halichoeres melanotis	Halichoeres	Labridae	Labridae	Golden Wrasse	0	1	False	False	False	ineligible	below_required_observation_threshold
102059	Halichoeres melanurus	Halichoeres	Labridae	Labridae	Pinstriped Wrasse	0	108	False	False	False	ineligible	below_required_observation_threshold
102061	Halichoeres melasmapomus	Halichoeres	Labridae	Labridae	Earmuff Wrasse	0	6	False	False	False	ineligible	below_required_observation_threshold
102062	Halichoeres miniatus	Halichoeres	Labridae	Labridae	Cheek-ring Wrasse	0	11	False	False	False	ineligible	below_required_observation_threshold
102063	Halichoeres nebulosus	Halichoeres	Labridae	Labridae	Cloud Wrasse	0	74	False	False	False	ineligible	below_required_observation_threshold
56919	Halichoeres nicholsi	Halichoeres	Labridae	Labridae	Spinster Wrasse	0	188	False	False	False	ineligible	below_required_observation_threshold
102064	Halichoeres nigrescens	Halichoeres	Labridae	Labridae	Bubblefin Wrasse	0	31	False	False	False	ineligible	below_required_observation_threshold
52558	Halichoeres notospilus	Halichoeres	Labridae	Labridae	Banded Wrasse	0	249	False	False	False	ineligible	below_required_observation_threshold
102066	Halichoeres ornatissimus	Halichoeres	Labridae	Labridae	Ornamental Wrasse	0	20	False	False	False	ineligible	below_required_observation_threshold
102068	Halichoeres papilionaceus	Halichoeres	Labridae	Labridae	Seagrass Wrasse	0	17	False	False	False	ineligible	below_required_observation_threshold
102069	Halichoeres pardaleocephalus	Halichoeres	Labridae	Labridae	Lineblotch Wrasse	0	2	False	False	False	ineligible	below_required_observation_threshold
102072	Halichoeres pictus	Halichoeres	Labridae	Labridae	Rainbow Wrasse	0	26	False	False	False	ineligible	below_required_observation_threshold
102073	Halichoeres podostigma	Halichoeres	Labridae	Labridae	Axilspot Wrasse	0	21	False	False	False	ineligible	below_required_observation_threshold
102074	Halichoeres poeyi	Halichoeres	Labridae	Labridae	Blackear Wrasse	0	42	False	False	False	ineligible	below_required_observation_threshold
102075	Halichoeres prosopeion	Halichoeres	Labridae	Labridae	Twotone Wrasse	0	100	False	False	False	ineligible	below_required_observation_threshold
49942	Halichoeres radiatus	Halichoeres	Labridae	Labridae	Puddingwife Wrasse	0	231	False	False	False	ineligible	below_required_observation_threshold
102077	Halichoeres richmondi	Halichoeres	Labridae	Labridae	Richmond's Wrasse	0	20	False	False	False	ineligible	below_required_observation_threshold
102079	Halichoeres salmofasciatus	Halichoeres	Labridae	Labridae	Red-striped Wrasse	0	2	False	False	False	ineligible	below_required_observation_threshold
102080	Halichoeres scapularis	Halichoeres	Labridae	Labridae	Zigzag Wrasse	0	256	False	False	False	ineligible	below_required_observation_threshold
102081	Halichoeres semicinctus	Halichoeres	Labridae	Labridae	Rock Wrasse	0	42	False	False	False	ineligible	below_required_observation_threshold
102083	Halichoeres socialis	Halichoeres	Labridae	Labridae	Social Wrasse	0	1	False	False	False	ineligible	below_required_observation_threshold
102084	Halichoeres solorensis	Halichoeres	Labridae	Labridae	Yellowface Wrasse	0	3	False	False	False	ineligible	below_required_observation_threshold
102087	Halichoeres timorensis	Halichoeres	Labridae	Labridae	Timor Wrasse	0	5	False	False	False	ineligible	below_required_observation_threshold
102088	Halichoeres trimaculatus	Halichoeres	Labridae	Labridae	Threespot Wrasse	0	338	False	False	False	ineligible	below_required_observation_threshold
102091	Halichoeres zeylonicus	Halichoeres	Labridae	Labridae	Goldstripe Wrasse	0	3	False	False	False	ineligible	below_required_observation_threshold
615611	Halichoeres zulu	Halichoeres	Labridae	Labridae	Kwa-Zulu Natal Wrasse	0	5	False	False	False	ineligible	below_required_observation_threshold
102579	Hemigymnus fasciatus	Hemigymnus	Labridae	Labridae	Barred Thicklip	0	169	False	False	False	ineligible	below_required_observation_threshold
187520	Hemigymnus sexfasciatus	Hemigymnus	Labridae	Labridae	Red Sea Thicklip Wrasse	0	18	False	False	False	ineligible	below_required_observation_threshold
187534	Heteroscarus acroptilus	Heteroscarus	Labridae	Labridae	Rainbow Cale	0	41	False	False	False	ineligible	below_required_observation_threshold
102860	Hipposcarus harid	Hipposcarus	Labridae	Labridae	Indian Longnose Parrotfish	0	128	False	False	False	ineligible	below_required_observation_threshold
102861	Hipposcarus longiceps	Hipposcarus	Labridae	Labridae	Pacific Longnose Parrotfish	0	71	False	False	False	ineligible	below_required_observation_threshold
102898	Hologymnosus annulatus	Hologymnosus	Labridae	Labridae	Ringed Slender Wrasse	0	51	False	False	False	ineligible	below_required_observation_threshold
102899	Hologymnosus doliatus	Hologymnosus	Labridae	Labridae	Pastel Ring Wrasse	0	30	False	False	False	ineligible	below_required_observation_threshold
103426	Iniistius aneitensis	Iniistius	Labridae	Labridae	Whitepatch Razorfish	0	6	False	False	False	ineligible	below_required_observation_threshold
103427	Iniistius auropunctatus	Iniistius	Labridae	Labridae	Insular Razorfish	0	1	False	False	False	ineligible	below_required_observation_threshold
1506247	Iniistius bakunawa	Iniistius	Labridae	Labridae	Eclipse-spot Razor Wrasse	0	1	False	False	False	ineligible	below_required_observation_threshold
187563	Iniistius bimaculatus	Iniistius	Labridae	Labridae	Twospot Razorfish	0	1	False	False	False	ineligible	below_required_observation_threshold
103429	Iniistius celebicus	Iniistius	Labridae	Labridae	Bronzespot Razorfish	0	1	False	False	False	ineligible	below_required_observation_threshold
103431	Iniistius dea	Iniistius	Labridae	Labridae	Leaf Wrasse	0	4	False	False	False	ineligible	below_required_observation_threshold
187564	Iniistius evides	Iniistius	Labridae	Labridae		0	2	False	False	False	ineligible	below_required_observation_threshold
103433	Iniistius griffithsi	Iniistius	Labridae	Labridae	Griffiths' razorfish	0	1	False	False	False	ineligible	below_required_observation_threshold
187565	Iniistius melanopus	Iniistius	Labridae	Labridae	Yellowpatch Razorfish	0	4	False	False	False	ineligible	below_required_observation_threshold
615613	Iniistius naevus	Iniistius	Labridae	Labridae	Orange-dot Razorfish	0	2	False	False	False	ineligible	below_required_observation_threshold
103436	Iniistius pavo	Iniistius	Labridae	Labridae	Peacock Razorfish	0	94	False	False	False	ineligible	below_required_observation_threshold
187566	Iniistius pentadactylus	Iniistius	Labridae	Labridae	Fivefinger Razorfish	0	16	False	False	False	ineligible	below_required_observation_threshold
103437	Iniistius trivittatus	Iniistius	Labridae	Labridae	Three-band Razorfish	0	1	False	False	False	ineligible	below_required_observation_threshold
187567	Iniistius twistii	Iniistius	Labridae	Labridae	Redblotch Razorfish	0	1	False	False	False	ineligible	below_required_observation_threshold
187568	Iniistius verrens	Iniistius	Labridae	Labridae		0	2	False	False	False	ineligible	below_required_observation_threshold
103891	Labrichthys unilineatus	Labrichthys	Labridae	Labridae	Tubelip Wrasse	0	110	False	False	False	ineligible	below_required_observation_threshold
103900	Labroides bicolor	Labroides	Labridae	Labridae	Bicolor Cleaner Wrasse	0	111	False	False	False	ineligible	below_required_observation_threshold
1684092	Labroides inopinatus	Labroides	Labridae	Labridae	Goldenrod Cleaner Wrasse	0	1	False	False	False	ineligible	below_required_observation_threshold
103902	Labroides pectoralis	Labroides	Labridae	Labridae	Breastspot Cleaner Wrasse	0	24	False	False	False	ineligible	below_required_observation_threshold
103903	Labroides phthirophagus	Labroides	Labridae	Labridae	Hawaiian Cleaner Wrasse	0	59	False	False	False	ineligible	below_required_observation_threshold
1684653	Labroides quadrilineatus	Labroides	Labridae	Labridae	Fourline Wrasse	0	56	False	False	False	ineligible	below_required_observation_threshold
103904	Labroides rubrolabiatus	Labroides	Labridae	Labridae	Redlip Cleaner Wrasse	0	21	False	False	False	ineligible	below_required_observation_threshold
103905	Labropsis alleni	Labropsis	Labridae	Labridae	Allen's Tubelip	0	4	False	False	False	ineligible	below_required_observation_threshold
103906	Labropsis australis	Labropsis	Labridae	Labridae	Southern Tubelip	0	26	False	False	False	ineligible	below_required_observation_threshold
103907	Labropsis manabei	Labropsis	Labridae	Labridae	Northern Tubelip	0	12	False	False	False	ineligible	below_required_observation_threshold
103908	Labropsis micronesica	Labropsis	Labridae	Labridae	Micronesian Tubelip	0	1	False	False	False	ineligible	below_required_observation_threshold
103910	Labropsis xanthonota	Labropsis	Labridae	Labridae	Yellowback Tubelip	0	15	False	False	False	ineligible	below_required_observation_threshold
103911	Labrus bergylta	Labrus	Labridae	Labridae	Ballan Wrasse	0	154	False	False	False	ineligible	below_required_observation_threshold
103912	Labrus merula	Labrus	Labridae	Labridae	Brown Wrasse	0	84	False	False	False	ineligible	below_required_observation_threshold
103913	Labrus mixtus	Labrus	Labridae	Labridae	Cuckoo Wrasse	0	40	False	False	False	ineligible	below_required_observation_threshold
103914	Labrus viridis	Labrus	Labridae	Labridae	Green Wrasse	0	22	False	False	False	ineligible	below_required_observation_threshold
49432	Lachnolaimus maximus	Lachnolaimus	Labridae	Labridae	Hogfish	0	116	False	False	False	ineligible	below_required_observation_threshold
104332	Leptojulis chrysotaenia	Leptojulis	Labridae	Labridae	ochreband wrasse	0	1	False	False	False	ineligible	below_required_observation_threshold
104333	Leptojulis cyanopleura	Leptojulis	Labridae	Labridae	Shoulderspot Wrasse	0	3	False	False	False	ineligible	below_required_observation_threshold
104344	Leptoscarus vaigiensis	Leptoscarus	Labridae	Labridae	Marbled Parrotfish	0	30	False	False	False	ineligible	below_required_observation_threshold
105059	Macropharyngodon bipartitus	Macropharyngodon	Labridae	Labridae	Vermiculate Wrasse	0	15	False	False	False	ineligible	below_required_observation_threshold
105060	Macropharyngodon choati	Macropharyngodon	Labridae	Labridae	Choat's Wrasse	0	1	False	False	False	ineligible	below_required_observation_threshold
105061	Macropharyngodon cyanoguttatus	Macropharyngodon	Labridae	Labridae	Bluespotted Wrasse	0	2	False	False	False	ineligible	below_required_observation_threshold
105062	Macropharyngodon geoffroy	Macropharyngodon	Labridae	Labridae	Shortnose Wrasse	0	8	False	False	False	ineligible	below_required_observation_threshold
615615	Macropharyngodon marisrubri	Macropharyngodon	Labridae	Labridae	Red Sea Vermiculate Wrasse	0	6	False	False	False	ineligible	below_required_observation_threshold
81498	Macropharyngodon meleagris	Macropharyngodon	Labridae	Labridae	Leopard Wrasse	0	84	False	False	False	ineligible	below_required_observation_threshold
105065	Macropharyngodon negrosensis	Macropharyngodon	Labridae	Labridae	Black Leopard Wrasse	0	33	False	False	False	ineligible	below_required_observation_threshold
105066	Macropharyngodon ornatus	Macropharyngodon	Labridae	Labridae	Ornate Leopard Wrasse	0	4	False	False	False	ineligible	below_required_observation_threshold
105067	Macropharyngodon vivienae	Macropharyngodon	Labridae	Labridae	Madagascar Wrasse	0	2	False	False	False	ineligible	below_required_observation_threshold
105144	Malapterus reticulatus	Malapterus	Labridae	Labridae	Juan Fernández Wrasse	0	1	False	False	False	ineligible	below_required_observation_threshold
68643	Neoodax balteatus	Neoodax	Labridae	Labridae	Little Weed Whiting	0	72	False	False	False	ineligible	below_required_observation_threshold
107024	Nicholsina denticulata	Nicholsina	Labridae	Labridae	Loosetooth Parrotfish	0	22	False	False	False	ineligible	below_required_observation_threshold
107025	Nicholsina usta	Nicholsina	Labridae	Labridae	Emerald Parrotfish	0	1	False	False	False	ineligible	below_required_observation_threshold
107180	Notolabrus celidotus	Notolabrus	Labridae	Labridae	Spotty	0	259	False	False	False	ineligible	below_required_observation_threshold
107182	Notolabrus fucicola	Notolabrus	Labridae	Labridae	Purple Wrasse	0	247	False	False	False	ineligible	below_required_observation_threshold
107183	Notolabrus gymnogenis	Notolabrus	Labridae	Labridae	Crimsonband Wrasse	0	123	False	False	False	ineligible	below_required_observation_threshold
107184	Notolabrus inscriptus	Notolabrus	Labridae	Labridae	Green Wrasse	0	77	False	False	False	ineligible	below_required_observation_threshold
107185	Notolabrus parilus	Notolabrus	Labridae	Labridae	Brownspotted Wrasse	0	122	False	False	False	ineligible	below_required_observation_threshold
107186	Notolabrus tetricus	Notolabrus	Labridae	Labridae	Bluethroat Wrasse	0	177	False	False	False	ineligible	below_required_observation_threshold
63597	Novaculichthys taeniourus	Novaculichthys	Labridae	Labridae	Rockmover Wrasse	0	290	False	False	False	ineligible	below_required_observation_threshold
107302	Novaculoides macrolepidotus	Novaculoides	Labridae	Labridae	Seagrass Wrasse	0	22	False	False	False	ineligible	below_required_observation_threshold
68645	Odax pullus	Odax	Labridae	Labridae	Green-boned Butterfish	0	42	False	False	False	ineligible	below_required_observation_threshold
180920	Olisthops cyanomelas	Olisthops	Labridae	Labridae	Herring Cale	0	74	False	False	False	ineligible	below_required_observation_threshold
107678	Ophthalmolepis lineolata	Ophthalmolepis	Labridae	Labridae	Southern Maori Wrasse	0	97	False	False	False	ineligible	below_required_observation_threshold
108075	Oxycheilinus celebicus	Oxycheilinus	Labridae	Labridae	Slender Maori Wrasse	0	26	False	False	False	ineligible	below_required_observation_threshold
108076	Oxycheilinus digramma	Oxycheilinus	Labridae	Labridae	Linedcheek Wrasse	0	246	False	False	False	ineligible	below_required_observation_threshold
108078	Oxycheilinus mentalis	Oxycheilinus	Labridae	Labridae	Mental Wrasse	0	4	False	False	False	ineligible	below_required_observation_threshold
108080	Oxycheilinus orientalis	Oxycheilinus	Labridae	Labridae	Oriental Wrasse	0	7	False	False	False	ineligible	below_required_observation_threshold
108081	Oxycheilinus unifasciatus	Oxycheilinus	Labridae	Labridae	Ringtail Maori Wrasse	0	29	False	False	False	ineligible	below_required_observation_threshold
1520860	Paracheilinus amanda	Paracheilinus	Labridae	Labridae	Amanda's Flasher Wrasse	0	2	False	False	False	ineligible	below_required_observation_threshold
108429	Paracheilinus carpenteri	Paracheilinus	Labridae	Labridae	Carpenter's Flasher Wrasse	0	1	False	False	False	ineligible	below_required_observation_threshold
108435	Paracheilinus mccoskeri	Paracheilinus	Labridae	Labridae	McCosker's Flasher Wrasse	0	1	False	False	False	ineligible	below_required_observation_threshold
108437	Paracheilinus octotaenia	Paracheilinus	Labridae	Labridae	Red Sea Flasher Wrasse	0	5	False	False	False	ineligible	below_required_observation_threshold
1008669	Paracheilinus paineorum	Paracheilinus	Labridae	Labridae	Paine's Flasher Wrasse	0	6	False	False	False	ineligible	below_required_observation_threshold
108439	Paracheilinus rubricaudalis	Paracheilinus	Labridae	Labridae	Redtail Flasher Wrasse	0	2	False	False	False	ineligible	below_required_observation_threshold
1314657	Paracheilinus xanthocirritus	Paracheilinus	Labridae	Labridae		0	1	False	False	False	ineligible	below_required_observation_threshold
108528	Parajulis poecilepterus	Parajulis	Labridae	Labridae	Multicolorfin Rainbowfish	0	20	False	False	False	ineligible	below_required_observation_threshold
109506	Pictilabrus laticlavius	Pictilabrus	Labridae	Labridae	Senator Wrasse	0	101	False	False	False	ineligible	below_required_observation_threshold
109507	Pictilabrus viridis	Pictilabrus	Labridae	Labridae	False Senator Wrasse	0	5	False	False	False	ineligible	below_required_observation_threshold
1474823	Polylepion gilmorei	Polylepion	Labridae	Labridae	Candystriped Wrasse	0	1	False	False	False	ineligible	below_required_observation_threshold
110971	Pseudocheilinus evanidus	Pseudocheilinus	Labridae	Labridae	Disappearing Wrasse	0	67	False	False	False	ineligible	below_required_observation_threshold
110972	Pseudocheilinus hexataenia	Pseudocheilinus	Labridae	Labridae	Sixline Wrasse	0	172	False	False	False	ineligible	below_required_observation_threshold
110973	Pseudocheilinus ocellatus	Pseudocheilinus	Labridae	Labridae	Mystery Wrasse	0	1	False	False	False	ineligible	below_required_observation_threshold
110974	Pseudocheilinus octotaenia	Pseudocheilinus	Labridae	Labridae	Eightline Wrasse	0	20	False	False	False	ineligible	below_required_observation_threshold
110975	Pseudocheilinus tetrataenia	Pseudocheilinus	Labridae	Labridae	Four-lined Wrasse	0	2	False	False	False	ineligible	below_required_observation_threshold
110990	Pseudocoris aurantiofasciata	Pseudocoris	Labridae	Labridae	Rust-banded Wrasse	0	1	False	False	False	ineligible	below_required_observation_threshold
871133	Pseudocoris occidentalis	Pseudocoris	Labridae	Labridae		0	1	False	False	False	ineligible	below_required_observation_threshold
110994	Pseudocoris yamashiroi	Pseudocoris	Labridae	Labridae	Redspot Wrasse	0	3	False	False	False	ineligible	below_required_observation_threshold
111000	Pseudodax moluccanus	Pseudodax	Labridae	Labridae	Chiseltooth Wrasse	0	86	False	False	False	ineligible	below_required_observation_threshold
111021	Pseudojuloides argyreogaster	Pseudojuloides	Labridae	Labridae		0	1	False	False	False	ineligible	below_required_observation_threshold
111023	Pseudojuloides cerasinus	Pseudojuloides	Labridae	Labridae	Smalltail Wrasse	0	10	False	False	False	ineligible	below_required_observation_threshold
111029	Pseudojuloides severnsi	Pseudojuloides	Labridae	Labridae	Royal Pencil Wrasse	0	1	False	False	False	ineligible	below_required_observation_threshold
823609	Pseudojuloides splendens	Pseudojuloides	Labridae	Labridae	Splendid Pencil Wrasse	0	6	False	False	False	ineligible	below_required_observation_threshold
111031	Pseudolabrus biserialis	Pseudolabrus	Labridae	Labridae	Redband Wrasse	0	10	False	False	False	ineligible	below_required_observation_threshold
111032	Pseudolabrus eoethinus	Pseudolabrus	Labridae	Labridae	Red Naped Wrasse	0	4	False	False	False	ineligible	below_required_observation_threshold
111035	Pseudolabrus guentheri	Pseudolabrus	Labridae	Labridae	Gunther's Wrasse	0	34	False	False	False	ineligible	below_required_observation_threshold
111036	Pseudolabrus luculentus	Pseudolabrus	Labridae	Labridae	Luculent Wrasse	0	84	False	False	False	ineligible	below_required_observation_threshold
51542	Pseudolabrus miles	Pseudolabrus	Labridae	Labridae	Scarlet Wrasse	0	16	False	False	False	ineligible	below_required_observation_threshold
111037	Pseudolabrus rubicundus	Pseudolabrus	Labridae	Labridae	Rosy Parrotfish	0	2	False	False	False	ineligible	below_required_observation_threshold
111039	Pseudolabrus sieboldi	Pseudolabrus	Labridae	Labridae	Bambooleaf Wrasse	0	24	False	False	False	ineligible	below_required_observation_threshold
111178	Pteragogus aurigarius	Pteragogus	Labridae	Labridae	Cocktail Wrasse	0	7	False	False	False	ineligible	below_required_observation_threshold
111180	Pteragogus enneacanthus	Pteragogus	Labridae	Labridae	Cockerel Wrasse	0	16	False	False	False	ineligible	below_required_observation_threshold
111181	Pteragogus flagellifer	Pteragogus	Labridae	Labridae	Cocktail Wrasse	0	1	False	False	False	ineligible	below_required_observation_threshold
111182	Pteragogus guttatus	Pteragogus	Labridae	Labridae	Sneaky Wrasse	0	1	False	False	False	ineligible	below_required_observation_threshold
111184	Pteragogus taeniops	Pteragogus	Labridae	Labridae	Cheekbar Wrasse	0	2	False	False	False	ineligible	below_required_observation_threshold
615630	Pteragogus trispilus	Pteragogus	Labridae	Labridae	Sideburn wrasse	0	8	False	False	False	ineligible	below_required_observation_threshold
1416197	Pteragogus turdus	Pteragogus	Labridae	Labridae	Thrush Sneaky Wrasse	0	31	False	False	False	ineligible	below_required_observation_threshold
615631	Pteragogus variabilis	Pteragogus	Labridae	Labridae	Cargados Wrasse	0	1	False	False	False	ineligible	below_required_observation_threshold
112130	Scarus altipinnis	Scarus	Labridae	Labridae	Filament-fin Parrotfish	0	109	False	False	False	ineligible	below_required_observation_threshold
112132	Scarus caudofasciatus	Scarus	Labridae	Labridae	Redbarred Parrotfish	0	1	False	False	False	ineligible	below_required_observation_threshold
112133	Scarus chameleon	Scarus	Labridae	Labridae	Chameleon Parrotfish	0	36	False	False	False	ineligible	below_required_observation_threshold
112135	Scarus coelestinus	Scarus	Labridae	Labridae	Midnight Parrotfish	0	49	False	False	False	ineligible	below_required_observation_threshold
112136	Scarus coeruleus	Scarus	Labridae	Labridae	Blue Parrotfish	0	49	False	False	False	ineligible	below_required_observation_threshold
83296	Scarus compressus	Scarus	Labridae	Labridae	Azure Parrotfish	0	27	False	False	False	ineligible	below_required_observation_threshold
112139	Scarus dubius	Scarus	Labridae	Labridae	Regal Parrotfish	0	1	False	False	False	ineligible	below_required_observation_threshold
112140	Scarus falcipinnis	Scarus	Labridae	Labridae	Sicklefin parrotfish	0	6	False	False	False	ineligible	below_required_observation_threshold
112141	Scarus ferrugineus	Scarus	Labridae	Labridae	Rusty Parrotfish	0	141	False	False	False	ineligible	below_required_observation_threshold
112142	Scarus festivus	Scarus	Labridae	Labridae	Festive Parrotfish	0	1	False	False	False	ineligible	below_required_observation_threshold
112143	Scarus flavipectoralis	Scarus	Labridae	Labridae	Yellowfin Parrotfish	0	44	False	False	False	ineligible	below_required_observation_threshold
112144	Scarus forsteni	Scarus	Labridae	Labridae	Bluepatch Parrotfish	0	62	False	False	False	ineligible	below_required_observation_threshold
112145	Scarus frenatus	Scarus	Labridae	Labridae	Sixband Parrotfish	0	322	False	False	False	ineligible	below_required_observation_threshold
112147	Scarus fuscopurpureus	Scarus	Labridae	Labridae	Purple-brown Parrotfish	0	24	False	False	False	ineligible	below_required_observation_threshold
68029	Scarus globiceps	Scarus	Labridae	Labridae	Violetline Parrotfish	0	29	False	False	False	ineligible	below_required_observation_threshold
112148	Scarus guacamaia	Scarus	Labridae	Labridae	Rainbow Parrotfish	0	186	False	False	False	ineligible	below_required_observation_threshold
112149	Scarus hoefleri	Scarus	Labridae	Labridae	Guinean Parrotfish	0	19	False	False	False	ineligible	below_required_observation_threshold
112150	Scarus hypselopterus	Scarus	Labridae	Labridae	East-Indies Parrotfish	0	47	False	False	False	ineligible	below_required_observation_threshold
112152	Scarus longipinnis	Scarus	Labridae	Labridae	Highfin Parrotfish	0	5	False	False	False	ineligible	below_required_observation_threshold
112155	Scarus oviceps	Scarus	Labridae	Labridae	Darkcap Parrotfish	0	124	False	False	False	ineligible	below_required_observation_threshold
112156	Scarus ovifrons	Scarus	Labridae	Labridae	Knobsnout Parrotfish	0	1	False	False	False	ineligible	below_required_observation_threshold
112157	Scarus perrico	Scarus	Labridae	Labridae	Bumphead Parrotfish	0	59	False	False	False	ineligible	below_required_observation_threshold
112158	Scarus persicus	Scarus	Labridae	Labridae	Persian Parrotfish	0	19	False	False	False	ineligible	below_required_observation_threshold
112159	Scarus prasiognathos	Scarus	Labridae	Labridae	Greencheek Parrotfish	0	103	False	False	False	ineligible	below_required_observation_threshold
112160	Scarus quoyi	Scarus	Labridae	Labridae	Greenblotch Parrotfish	0	109	False	False	False	ineligible	below_required_observation_threshold
112161	Scarus rivulatus	Scarus	Labridae	Labridae	Surf Parrotfish	0	239	False	False	False	ineligible	below_required_observation_threshold
112162	Scarus russelii	Scarus	Labridae	Labridae	Eclipse Parrotfish	0	12	False	False	False	ineligible	below_required_observation_threshold
112163	Scarus scaber	Scarus	Labridae	Labridae	Five-saddle Parrotfish	0	36	False	False	False	ineligible	below_required_observation_threshold
112164	Scarus schlegeli	Scarus	Labridae	Labridae	Yellowbar Parrotfish	0	185	False	False	False	ineligible	below_required_observation_threshold
112166	Scarus taeniopterus	Scarus	Labridae	Labridae	Princess Parrotfish	0	332	False	False	False	ineligible	below_required_observation_threshold
112168	Scarus trispinosus	Scarus	Labridae	Labridae	Greenback Parrotfish	0	2	False	False	False	ineligible	below_required_observation_threshold
112170	Scarus viridifucatus	Scarus	Labridae	Labridae	Green-snout Parrotfish	0	2	False	False	False	ineligible	below_required_observation_threshold
112171	Scarus xanthopleura	Scarus	Labridae	Labridae	Red Parrotfish	0	2	False	False	False	ineligible	below_required_observation_threshold
49691	Scarus zelindae	Scarus	Labridae	Labridae	Brazilian Striped Parrotfish	0	2	False	False	False	ineligible	below_required_observation_threshold
112704	Siphonognathus argyrophanes	Siphonognathus	Labridae	Labridae	Tubemouth	0	3	False	False	False	ineligible	below_required_observation_threshold
68648	Siphonognathus attenuatus	Siphonognathus	Labridae	Labridae	Slender Weed Whiting	0	1	False	False	False	ineligible	below_required_observation_threshold
112705	Siphonognathus beddomei	Siphonognathus	Labridae	Labridae	Pencil Weed Whiting	0	8	False	False	False	ineligible	below_required_observation_threshold
112707	Siphonognathus radiatus	Siphonognathus	Labridae	Labridae	Longray Weed Whiting	0	4	False	False	False	ineligible	below_required_observation_threshold
112856	Sparisoma amplum	Sparisoma	Labridae	Labridae	Reef Parrotfish	0	9	False	False	False	ineligible	below_required_observation_threshold
112857	Sparisoma atomarium	Sparisoma	Labridae	Labridae	Greenblotch Parrotfish	0	4	False	False	False	ineligible	below_required_observation_threshold
112859	Sparisoma axillare	Sparisoma	Labridae	Labridae	Redeye Parrotfish	0	11	False	False	False	ineligible	below_required_observation_threshold
564561	Sparisoma choati	Sparisoma	Labridae	Labridae	West-African Parrotfish	0	2	False	False	False	ineligible	below_required_observation_threshold
49929	Sparisoma chrysopterum	Sparisoma	Labridae	Labridae	Redtail Parrotfish	0	133	False	False	False	ineligible	below_required_observation_threshold
112861	Sparisoma frondosum	Sparisoma	Labridae	Labridae	Agassiz's Parrotfish	0	26	False	False	False	ineligible	below_required_observation_threshold
112863	Sparisoma radians	Sparisoma	Labridae	Labridae	Bucktooth Parrotfish	0	17	False	False	False	ineligible	below_required_observation_threshold
112864	Sparisoma rubripinne	Sparisoma	Labridae	Labridae	Yellowtail Parrotfish	0	300	False	False	False	ineligible	below_required_observation_threshold
112866	Sparisoma tuiupiranga	Sparisoma	Labridae	Labridae	Tuiupiranga Parrotfish	0	5	False	False	False	ineligible	below_required_observation_threshold
113200	Stethojulis albovittata	Stethojulis	Labridae	Labridae	Whiteline Wrasse	0	77	False	False	False	ineligible	below_required_observation_threshold
113201	Stethojulis balteata	Stethojulis	Labridae	Labridae	Belted Wrasse	0	59	False	False	False	ineligible	below_required_observation_threshold
113202	Stethojulis bandanensis	Stethojulis	Labridae	Labridae	Redshoulder Wrasse	0	226	False	False	False	ineligible	below_required_observation_threshold
113203	Stethojulis interrupta	Stethojulis	Labridae	Labridae	Cutribbon Wrasse	0	53	False	False	False	ineligible	below_required_observation_threshold
113206	Stethojulis notialis	Stethojulis	Labridae	Labridae	Southern Wrasse	0	13	False	False	False	ineligible	below_required_observation_threshold
113207	Stethojulis strigiventer	Stethojulis	Labridae	Labridae	Three-line Wrasse	0	33	False	False	False	ineligible	below_required_observation_threshold
113208	Stethojulis terina	Stethojulis	Labridae	Labridae	Cutribbon Wrasse	0	8	False	False	False	ineligible	below_required_observation_threshold
113209	Stethojulis trilineata	Stethojulis	Labridae	Labridae	Blue-ribbon Wrasse	0	82	False	False	False	ineligible	below_required_observation_threshold
113440	Suezichthys arquatus	Suezichthys	Labridae	Labridae	Painted Rainbow Wrasse	0	1	False	False	False	ineligible	below_required_observation_threshold
113444	Suezichthys cyanolaemus	Suezichthys	Labridae	Labridae	Bluethroat Rainbow Wrasse	0	10	False	False	False	ineligible	below_required_observation_threshold
113446	Suezichthys gracilis	Suezichthys	Labridae	Labridae	Slender Rainbow Wrasse	0	4	False	False	False	ineligible	below_required_observation_threshold
615634	Suezichthys ornatus	Suezichthys	Labridae	Labridae	Tristan da Cunha rainbow wrasse	0	1	False	False	False	ineligible	below_required_observation_threshold
113528	Symphodus bailloni	Symphodus	Labridae	Labridae	Baillon's Wrasse	0	14	False	False	False	ineligible	below_required_observation_threshold
564867	Symphodus caeruleus	Symphodus	Labridae	Labridae	Atlantic Wrasse	0	37	False	False	False	ineligible	below_required_observation_threshold
113529	Symphodus cinereus	Symphodus	Labridae	Labridae	Grey Wrasse	0	71	False	False	False	ineligible	below_required_observation_threshold
113530	Symphodus doderleini	Symphodus	Labridae	Labridae	Doderlein's Wrasse	0	9	False	False	False	ineligible	below_required_observation_threshold
113531	Symphodus mediterraneus	Symphodus	Labridae	Labridae	Axillary Wrasse	0	85	False	False	False	ineligible	below_required_observation_threshold
1316741	Symphodus melanocercus	Symphodus	Labridae	Labridae	Blacktailed Wrasse	0	30	False	False	False	ineligible	below_required_observation_threshold
113533	Symphodus melops	Symphodus	Labridae	Labridae	Corkwing Wrasse	0	164	False	False	False	ineligible	below_required_observation_threshold
113534	Symphodus ocellatus	Symphodus	Labridae	Labridae	Ocellated Wrasse	0	73	False	False	False	ineligible	below_required_observation_threshold
113535	Symphodus roissali	Symphodus	Labridae	Labridae	Five-spotted Wrasse	0	219	False	False	False	ineligible	below_required_observation_threshold
113536	Symphodus rostratus	Symphodus	Labridae	Labridae	Pointed-snout Wrasse	0	60	False	False	False	ineligible	below_required_observation_threshold
359902	Symphodus trutta	Symphodus	Labridae	Labridae	Emerald Wrasse	0	25	False	False	False	ineligible	below_required_observation_threshold
52547	Tautoga onitis	Tautoga	Labridae	Labridae	Tautog	0	95	False	False	False	ineligible	below_required_observation_threshold
51390	Tautogolabrus adspersus	Tautogolabrus	Labridae	Labridae	Cunner	0	142	False	False	False	ineligible	below_required_observation_threshold
1561489	Thalassoma amblycephalum	Thalassoma	Labridae	Labridae	Blue-headed Wrasse	0	331	False	False	False	ineligible	below_required_observation_threshold
113971	Thalassoma ballieui	Thalassoma	Labridae	Labridae	Blacktail Wrasse	0	2	False	False	False	ineligible	below_required_observation_threshold
113972	Thalassoma cupido	Thalassoma	Labridae	Labridae	Cupid Wrasse	0	15	False	False	False	ineligible	below_required_observation_threshold
113973	Thalassoma duperrey	Thalassoma	Labridae	Labridae	Saddle Wrasse	0	290	False	False	False	ineligible	below_required_observation_threshold
113974	Thalassoma genivittatum	Thalassoma	Labridae	Labridae	Red-cheek Wrasse	0	28	False	False	False	ineligible	below_required_observation_threshold
113975	Thalassoma grammaticum	Thalassoma	Labridae	Labridae	Sunset Wrasse	0	135	False	False	False	ineligible	below_required_observation_threshold
113976	Thalassoma hebraicum	Thalassoma	Labridae	Labridae	Goldbar Wrasse	0	56	False	False	False	ineligible	below_required_observation_threshold
113978	Thalassoma jansenii	Thalassoma	Labridae	Labridae	Jansen's Wrasse	0	65	False	False	False	ineligible	below_required_observation_threshold
113979	Thalassoma loxum	Thalassoma	Labridae	Labridae	Slantband Wrasse	0	1	False	False	False	ineligible	below_required_observation_threshold
113982	Thalassoma newtoni	Thalassoma	Labridae	Labridae	Newton's Wrasse	0	5	False	False	False	ineligible	below_required_observation_threshold
113983	Thalassoma nigrofasciatum	Thalassoma	Labridae	Labridae	Blackbarred Wrasse	0	118	False	False	False	ineligible	below_required_observation_threshold
113984	Thalassoma noronhanum	Thalassoma	Labridae	Labridae	Noronha Wrasse	0	36	False	False	False	ineligible	below_required_observation_threshold
113985	Thalassoma purpureum	Thalassoma	Labridae	Labridae	Surge Wrasse	0	262	False	False	False	ineligible	below_required_observation_threshold
58467	Thalassoma quinquevittatum	Thalassoma	Labridae	Labridae	Fivestripe Wrasse	0	96	False	False	False	ineligible	below_required_observation_threshold
113987	Thalassoma rueppellii	Thalassoma	Labridae	Labridae	Klunzinger's Wrasse	0	273	False	False	False	ineligible	below_required_observation_threshold
113988	Thalassoma sanctaehelenae	Thalassoma	Labridae	Labridae	St. Helena Wrasse	0	2	False	False	False	ineligible	below_required_observation_threshold
113989	Thalassoma septemfasciatum	Thalassoma	Labridae	Labridae	Sevenband Wrasse	0	29	False	False	False	ineligible	below_required_observation_threshold
113990	Thalassoma trilobatum	Thalassoma	Labridae	Labridae	Christmas Wrasse	0	201	False	False	False	ineligible	below_required_observation_threshold
113991	Thalassoma virens	Thalassoma	Labridae	Labridae	Emerald Wrasse	0	16	False	False	False	ineligible	below_required_observation_threshold
115025	Wetmorella nigropinnata	Wetmorella	Labridae	Labridae	Sharpnose wrasse	0	1	False	False	False	ineligible	below_required_observation_threshold
115185	Xyrichtys martinicensis	Xyrichtys	Labridae	Labridae	Rosy Razorfish	0	42	False	False	False	ineligible	below_required_observation_threshold
115187	Xyrichtys mundiceps	Xyrichtys	Labridae	Labridae	Cape Razorfish	0	2	False	False	False	ineligible	below_required_observation_threshold
115188	Xyrichtys novacula	Xyrichtys	Labridae	Labridae	Pearly Razorfish	0	136	False	False	False	ineligible	below_required_observation_threshold
115194	Xyrichtys splendens	Xyrichtys	Labridae	Labridae	Green Razorfish	0	64	False	False	False	ineligible	below_required_observation_threshold
115196	Xyrichtys victori	Xyrichtys	Labridae	Labridae	Galápagos Razorfish	0	1	False	False	False	ineligible	below_required_observation_threshold
81989	Lutjanus apodus	Lutjanus	Lutjanidae	Lutjanidae	Schoolmaster Snapper	0	803	True	False	True	broad_pretraining	global_licensed_abundance
49509	Lutjanus griseus	Lutjanus	Lutjanidae	Lutjanidae	Gray Snapper	0	586	True	False	True	broad_pretraining	global_licensed_abundance
47292	Ocyurus chrysurus	Ocyurus	Lutjanidae	Lutjanidae	Yellowtail Snapper	0	406	True	False	True	broad_pretraining	global_licensed_abundance
96400	Caesio caerulaurea	Caesio	Lutjanidae	Lutjanidae	Scissor-tailed Fusilier	0	178	False	True	False	rare_target_holdout	requested_target_below_abundance_thresholds
447971	Lutjanus bengalensis	Lutjanus	Lutjanidae	Lutjanidae	Bengal Snapper	0	16	False	True	False	rare_target_holdout	requested_target_below_abundance_thresholds
68030	Lutjanus bohar	Lutjanus	Lutjanidae	Lutjanidae	Two-spot Red Snapper	0	290	False	True	False	rare_target_holdout	requested_target_below_abundance_thresholds
104856	Lutjanus decussatus	Lutjanus	Lutjanidae	Lutjanidae	Checkered Snapper	0	161	False	True	False	rare_target_holdout	requested_target_below_abundance_thresholds
142704	Lutjanus gibbus	Lutjanus	Lutjanidae	Lutjanidae	Humpback Snapper	0	166	False	True	False	rare_target_holdout	requested_target_below_abundance_thresholds
121001	Lutjanus monostigma	Lutjanus	Lutjanidae	Lutjanidae	Onespot Snapper	0	122	False	True	False	rare_target_holdout	requested_target_below_abundance_thresholds
135281	Macolor macularis	Macolor	Lutjanidae	Lutjanidae	Midnight Snapper	0	195	False	True	False	rare_target_holdout	requested_target_below_abundance_thresholds
183187	Pterocaesio tile	Pterocaesio	Lutjanidae	Lutjanidae	Neon Fusilier	0	101	False	True	False	rare_target_holdout	requested_target_below_abundance_thresholds
130764	Aphareus furca	Aphareus	Lutjanidae	Lutjanidae	Smalltooth Jobfish	0	31	False	False	False	ineligible	below_required_observation_threshold
49508	Aprion virescens	Aprion	Lutjanidae	Lutjanidae	Green Jobfish	0	19	False	False	False	ineligible	below_required_observation_threshold
135225	Caesio cuning	Caesio	Lutjanidae	Lutjanidae	Yellowtail Fusilier	0	137	False	False	False	ineligible	below_required_observation_threshold
183186	Caesio lunaris	Caesio	Lutjanidae	Lutjanidae	Lunar Fusilier	0	112	False	False	False	ineligible	below_required_observation_threshold
371399	Caesio striata	Caesio	Lutjanidae	Lutjanidae	Striated Fusilier	0	53	False	False	False	ineligible	below_required_observation_threshold
354586	Caesio suevica	Caesio	Lutjanidae	Lutjanidae	Suez Fusilier	0	43	False	False	False	ineligible	below_required_observation_threshold
68021	Caesio teres	Caesio	Lutjanidae	Lutjanidae	Blue-and-yellow Fusilier	0	111	False	False	False	ineligible	below_required_observation_threshold
448078	Caesio varilineata	Caesio	Lutjanidae	Lutjanidae	Variable-lined Fusilier	0	23	False	False	False	ineligible	below_required_observation_threshold
355401	Caesio xanthalytos	Caesio	Lutjanidae	Lutjanidae	Goldsash Fusilier	0	19	False	False	False	ineligible	below_required_observation_threshold
208069	Caesio xanthonota	Caesio	Lutjanidae	Lutjanidae	Yellowback Fusilier	0	54	False	False	False	ineligible	below_required_observation_threshold
448083	Dipterygonotus balteatus	Dipterygonotus	Lutjanidae	Lutjanidae	Mottled Fusilier	0	1	False	False	False	ineligible	below_required_observation_threshold
410999	Etelis coruscans	Etelis	Lutjanidae	Lutjanidae	Flame Snapper	0	2	False	False	False	ineligible	below_required_observation_threshold
131532	Etelis oculatus	Etelis	Lutjanidae	Lutjanidae	Queen Snapper	0	1	False	False	False	ineligible	below_required_observation_threshold
183182	Gymnocaesio gymnoptera	Gymnocaesio	Lutjanidae	Lutjanidae	Slender Fusilier	0	4	False	False	False	ineligible	below_required_observation_threshold
102938	Hoplopagrus guentherii	Hoplopagrus	Lutjanidae	Lutjanidae	Barred Pargo	0	58	False	False	False	ineligible	below_required_observation_threshold
560557	Lutjanus alexandrei	Lutjanus	Lutjanidae	Lutjanidae	Brazilian Snapper	0	6	False	False	False	ineligible	below_required_observation_threshold
104853	Lutjanus analis	Lutjanus	Lutjanidae	Lutjanidae	Mutton Snapper	0	151	False	False	False	ineligible	below_required_observation_threshold
104854	Lutjanus aratus	Lutjanus	Lutjanidae	Lutjanidae	Mullet Snapper	0	7	False	False	False	ineligible	below_required_observation_threshold
125802	Lutjanus argentimaculatus	Lutjanus	Lutjanidae	Lutjanidae	Mangrove Red Snapper	0	106	False	False	False	ineligible	below_required_observation_threshold
47293	Lutjanus argentiventris	Lutjanus	Lutjanidae	Lutjanidae	Yellow Snapper	0	244	False	False	False	ineligible	below_required_observation_threshold
135223	Lutjanus biguttatus	Lutjanus	Lutjanidae	Lutjanidae	Twospot Snapper	0	131	False	False	False	ineligible	below_required_observation_threshold
131531	Lutjanus buccanella	Lutjanus	Lutjanidae	Lutjanidae	Blackfin Snapper	0	12	False	False	False	ineligible	below_required_observation_threshold
124316	Lutjanus campechanus	Lutjanus	Lutjanidae	Lutjanidae	Northern Red Snapper	0	18	False	False	False	ineligible	below_required_observation_threshold
50345	Lutjanus carponotatus	Lutjanus	Lutjanidae	Lutjanidae	Spanish Flag Snapper	0	102	False	False	False	ineligible	below_required_observation_threshold
450167	Lutjanus coeruleolineatus	Lutjanus	Lutjanidae	Lutjanidae	Blueline Snapper	0	1	False	False	False	ineligible	below_required_observation_threshold
104855	Lutjanus colorado	Lutjanus	Lutjanidae	Lutjanidae	Colorado Snapper	0	19	False	False	False	ineligible	below_required_observation_threshold
63418	Lutjanus cyanopterus	Lutjanus	Lutjanidae	Lutjanidae	Cubera Snapper	0	42	False	False	False	ineligible	below_required_observation_threshold
204570	Lutjanus ehrenbergii	Lutjanus	Lutjanidae	Lutjanidae	Ehrenberg's Snapper	0	66	False	False	False	ineligible	below_required_observation_threshold
616945	Lutjanus endecacanthus	Lutjanus	Lutjanidae	Lutjanidae	Guinea Snapper	0	1	False	False	False	ineligible	below_required_observation_threshold
204571	Lutjanus fulviflamma	Lutjanus	Lutjanidae	Lutjanidae	Blackspot Snapper	0	135	False	False	False	ineligible	below_required_observation_threshold
121459	Lutjanus fulvus	Lutjanus	Lutjanidae	Lutjanidae	Blacktail Snapper	0	230	False	False	False	ineligible	below_required_observation_threshold
337743	Lutjanus goreensis	Lutjanus	Lutjanidae	Lutjanidae	Gorean Snapper	0	2	False	False	False	ineligible	below_required_observation_threshold
104857	Lutjanus guttatus	Lutjanus	Lutjanidae	Lutjanidae	Spotted Rose Snapper	0	64	False	False	False	ineligible	below_required_observation_threshold
494741	Lutjanus indicus	Lutjanus	Lutjanidae	Lutjanidae	Indian Snapper	0	2	False	False	False	ineligible	below_required_observation_threshold
104858	Lutjanus inermis	Lutjanus	Lutjanidae	Lutjanidae	Golden Snapper	0	34	False	False	False	ineligible	below_required_observation_threshold
182608	Lutjanus jocu	Lutjanus	Lutjanidae	Lutjanidae	Dog Snapper	0	79	False	False	False	ineligible	below_required_observation_threshold
335690	Lutjanus johnii	Lutjanus	Lutjanidae	Lutjanidae	Golden Snapper	0	6	False	False	False	ineligible	below_required_observation_threshold
104859	Lutjanus jordani	Lutjanus	Lutjanidae	Lutjanidae	Jordan's Snapper	0	2	False	False	False	ineligible	below_required_observation_threshold
118574	Lutjanus kasmira	Lutjanus	Lutjanidae	Lutjanidae	Bluestriped Snapper	0	244	False	False	False	ineligible	below_required_observation_threshold
368623	Lutjanus lemniscatus	Lutjanus	Lutjanidae	Lutjanidae	Darktail Snapper	0	11	False	False	False	ineligible	below_required_observation_threshold
616950	Lutjanus lunulatus	Lutjanus	Lutjanidae	Lutjanidae	Crescent Snapper	0	1	False	False	False	ineligible	below_required_observation_threshold
311253	Lutjanus lutjanus	Lutjanus	Lutjanidae	Lutjanidae	Bigeye Snapper	0	65	False	False	False	ineligible	below_required_observation_threshold
359839	Lutjanus madras	Lutjanus	Lutjanidae	Lutjanidae	Indian Snapper	0	2	False	False	False	ineligible	below_required_observation_threshold
131387	Lutjanus mahogoni	Lutjanus	Lutjanidae	Lutjanidae	Mahogany Snapper	0	231	False	False	False	ineligible	below_required_observation_threshold
530235	Lutjanus malabaricus	Lutjanus	Lutjanidae	Lutjanidae	Saddletail Snapper	0	4	False	False	False	ineligible	below_required_observation_threshold
104860	Lutjanus notatus	Lutjanus	Lutjanidae	Lutjanidae	West Indian Bluestriped Snapper	0	2	False	False	False	ineligible	below_required_observation_threshold
51554	Lutjanus novemfasciatus	Lutjanus	Lutjanidae	Lutjanidae	Pacific Cubera Snapper	0	84	False	False	False	ineligible	below_required_observation_threshold
623922	Lutjanus octolineatus	Lutjanus	Lutjanidae	Lutjanidae	Whitebelly Snapper	0	1	False	False	False	ineligible	below_required_observation_threshold
104861	Lutjanus peru	Lutjanus	Lutjanidae	Lutjanidae	South Pacific Red Snapper	0	9	False	False	False	ineligible	below_required_observation_threshold
142736	Lutjanus quinquelineatus	Lutjanus	Lutjanidae	Lutjanidae	Fiveline Snapper	0	42	False	False	False	ineligible	below_required_observation_threshold
154723	Lutjanus rivulatus	Lutjanus	Lutjanidae	Lutjanidae	Speckled Snapper	0	29	False	False	False	ineligible	below_required_observation_threshold
359398	Lutjanus rufolineatus	Lutjanus	Lutjanidae	Lutjanidae	Yellowlined Snapper	0	2	False	False	False	ineligible	below_required_observation_threshold
84539	Lutjanus russellii	Lutjanus	Lutjanidae	Lutjanidae	Moses' Snapper	0	53	False	False	False	ineligible	below_required_observation_threshold
616954	Lutjanus sanguineus	Lutjanus	Lutjanidae	Lutjanidae	Humphead Snapper	0	1	False	False	False	ineligible	below_required_observation_threshold
132380	Lutjanus sebae	Lutjanus	Lutjanidae	Lutjanidae	Red Emperor Snapper	0	18	False	False	False	ineligible	below_required_observation_threshold
186847	Lutjanus semicinctus	Lutjanus	Lutjanidae	Lutjanidae	Blackbanded Snapper	0	67	False	False	False	ineligible	below_required_observation_threshold
616955	Lutjanus stellatus	Lutjanus	Lutjanidae	Lutjanidae	White-spotted Snapper	0	3	False	False	False	ineligible	below_required_observation_threshold
131530	Lutjanus synagris	Lutjanus	Lutjanidae	Lutjanidae	Lane Snapper	0	140	False	False	False	ineligible	below_required_observation_threshold
104862	Lutjanus viridis	Lutjanus	Lutjanidae	Lutjanidae	Blue-and-gold Snapper	0	157	False	False	False	ineligible	below_required_observation_threshold
132381	Lutjanus vitta	Lutjanus	Lutjanidae	Lutjanidae	Brownstripe Snapper	0	32	False	False	False	ineligible	below_required_observation_threshold
131528	Lutjanus vivanus	Lutjanus	Lutjanidae	Lutjanidae	Silk Snapper	0	2	False	False	False	ineligible	below_required_observation_threshold
135280	Macolor niger	Macolor	Lutjanidae	Lutjanidae	Black-and-white Snapper	0	131	False	False	False	ineligible	below_required_observation_threshold
448025	Paracaesio sordida	Paracaesio	Lutjanidae	Lutjanidae	Fusilier Snapper	0	3	False	False	False	ineligible	below_required_observation_threshold
208070	Paracaesio xanthurus	Paracaesio	Lutjanidae	Lutjanidae	Yellowtail False Fusilier	0	5	False	False	False	ineligible	below_required_observation_threshold
199309	Pinjalo lewisi	Pinjalo	Lutjanidae	Lutjanidae	Red Pinjalo	0	1	False	False	False	ineligible	below_required_observation_threshold
530240	Pinjalo pinjalo	Pinjalo	Lutjanidae	Lutjanidae	Pinjalo	0	1	False	False	False	ineligible	below_required_observation_threshold
131527	Pristipomoides aquilonaris	Pristipomoides	Lutjanidae	Lutjanidae	Wenchman	0	1	False	False	False	ineligible	below_required_observation_threshold
122914	Pristipomoides filamentosus	Pristipomoides	Lutjanidae	Lutjanidae	Rosy Snapper	0	1	False	False	False	ineligible	below_required_observation_threshold
346229	Pterocaesio chrysozona	Pterocaesio	Lutjanidae	Lutjanidae	Yellowband Fusilier	0	21	False	False	False	ineligible	below_required_observation_threshold
347375	Pterocaesio digramma	Pterocaesio	Lutjanidae	Lutjanidae	Doubleline Fusilier	0	37	False	False	False	ineligible	below_required_observation_threshold
208071	Pterocaesio lativittata	Pterocaesio	Lutjanidae	Lutjanidae	Wide-band Fusilier	0	5	False	False	False	ineligible	below_required_observation_threshold
132406	Pterocaesio marri	Pterocaesio	Lutjanidae	Lutjanidae	Twinstripe Fusilier	0	5	False	False	False	ineligible	below_required_observation_threshold
183185	Pterocaesio pisang	Pterocaesio	Lutjanidae	Lutjanidae	Ruddy Fusilier	0	71	False	False	False	ineligible	below_required_observation_threshold
359875	Pterocaesio randalli	Pterocaesio	Lutjanidae	Lutjanidae	Randall's fusilier	0	5	False	False	False	ineligible	below_required_observation_threshold
136467	Pterocaesio tessellata	Pterocaesio	Lutjanidae	Lutjanidae	One-stripe fusilier	0	27	False	False	False	ineligible	below_required_observation_threshold
334962	Pterocaesio trilineata	Pterocaesio	Lutjanidae	Lutjanidae	Threestripe Fusilier	0	58	False	False	False	ineligible	below_required_observation_threshold
126872	Rhomboplites aurorubens	Rhomboplites	Lutjanidae	Lutjanidae	Vermilion Snapper	0	8	False	False	False	ineligible	below_required_observation_threshold
186848	Symphorichthys spilurus	Symphorichthys	Lutjanidae	Lutjanidae	Sailfin Snapper	0	4	False	False	False	ineligible	below_required_observation_threshold
132383	Symphorus nematophorus	Symphorus	Lutjanidae	Lutjanidae	Thread-finned Sea Perch	0	8	False	False	False	ineligible	below_required_observation_threshold
623965	Mobula alfredi	Mobula	Mobulidae	Mobulidae	Reef Manta Ray	0	178	False	True	False	rare_target_holdout	requested_target_below_abundance_thresholds
623966	Mobula birostris	Mobula	Mobulidae	Mobulidae	Oceanic Manta Ray	0	71	False	False	False	ineligible	below_required_observation_threshold
49694	Mobula hypostoma	Mobula	Mobulidae	Mobulidae	Atlantic Pygmy Devil Ray	0	2	False	False	False	ineligible	below_required_observation_threshold
105922	Mobula kuhlii	Mobula	Mobulidae	Mobulidae	Shorthorned Pygmy Devil Ray	0	12	False	False	False	ineligible	below_required_observation_threshold
105923	Mobula mobular	Mobula	Mobulidae	Mobulidae	Spinetail Devil Ray	0	20	False	False	False	ineligible	below_required_observation_threshold
105924	Mobula munkiana	Mobula	Mobulidae	Mobulidae	Munk's Pygmy Devil Ray	0	42	False	False	False	ineligible	below_required_observation_threshold
105926	Mobula tarapacana	Mobula	Mobulidae	Mobulidae	Sicklefin Devil Ray	0	24	False	False	False	ineligible	below_required_observation_threshold
105927	Mobula thurstoni	Mobula	Mobulidae	Mobulidae	Bentfin Devil Ray	0	11	False	False	False	ineligible	below_required_observation_threshold
1635826	Mobula yarae	Mobula	Mobulidae	Mobulidae	Atlantic manta ray	0	16	False	False	False	ineligible	below_required_observation_threshold
123346	Mulloidichthys flavolineatus	Mulloidichthys	Mullidae	Mullidae	Yellowstripe Goatfish	0	553	True	True	True	common_target_pretraining	requested_target_meets_licensed_abundance_threshold
131234	Parupeneus multifasciatus	Parupeneus	Mullidae	Mullidae	Manybar Goatfish	0	420	True	True	True	common_target_pretraining	requested_target_meets_licensed_abundance_threshold
128172	Mulloidichthys martinicus	Mulloidichthys	Mullidae	Mullidae	Yellow Goatfish	0	425	True	False	True	broad_pretraining	global_licensed_abundance
118619	Mullus surmuletus	Mullus	Mullidae	Mullidae	Striped Red Mullet	0	414	True	False	True	broad_pretraining	global_licensed_abundance
122682	Mulloidichthys vanicolensis	Mulloidichthys	Mullidae	Mullidae	Yellowfin Goatfish	0	251	False	True	False	rare_target_holdout	requested_target_below_abundance_thresholds
196838	Parupeneus barberinus	Parupeneus	Mullidae	Mullidae	Dot-and-dash Goatfish	0	262	False	True	False	rare_target_holdout	requested_target_below_abundance_thresholds
272556	Parupeneus heptacantha	Parupeneus	Mullidae	Mullidae	Cinnabar Goatfish	0	18	False	True	False	rare_target_holdout	requested_target_below_abundance_thresholds
196837	Parupeneus macronemus	Parupeneus	Mullidae	Mullidae	Longbarbel Goatfish	0	121	False	True	False	rare_target_holdout	requested_target_below_abundance_thresholds
119432	Upeneus tragula	Upeneus	Mullidae	Mullidae	Freckled Goatfish	0	95	False	True	False	rare_target_holdout	requested_target_below_abundance_thresholds
617592	Mulloidichthys ayliffe	Mulloidichthys	Mullidae	Mullidae	Bluestriped Goatfish	0	5	False	False	False	ineligible	below_required_observation_threshold
187709	Mulloidichthys dentatus	Mulloidichthys	Mullidae	Mullidae	Mexican Goatfish	0	254	False	False	False	ineligible	below_required_observation_threshold
1314603	Mulloidichthys flavicaudus	Mulloidichthys	Mullidae	Mullidae		0	1	False	False	False	ineligible	below_required_observation_threshold
119421	Mulloidichthys mimicus	Mulloidichthys	Mullidae	Mullidae	Mimic Goatfish	0	1	False	False	False	ineligible	below_required_observation_threshold
317228	Mullus auratus	Mullus	Mullidae	Mullidae	Red Goatfish	0	5	False	False	False	ineligible	below_required_observation_threshold
118618	Mullus barbatus	Mullus	Mullidae	Mullidae	Red Mullet	0	96	False	False	False	ineligible	below_required_observation_threshold
132375	Parupeneus barberinoides	Parupeneus	Mullidae	Mullidae	Bicolour Goatfish	0	58	False	False	False	ineligible	below_required_observation_threshold
547438	Parupeneus biaculeatus	Parupeneus	Mullidae	Mullidae	Pointed Goatfish	0	3	False	False	False	ineligible	below_required_observation_threshold
519572	Parupeneus chrysopleuron	Parupeneus	Mullidae	Mullidae	Rosy Goatfish	0	2	False	False	False	ineligible	below_required_observation_threshold
123343	Parupeneus ciliatus	Parupeneus	Mullidae	Mullidae	Cardinal Goatfish	0	65	False	False	False	ineligible	below_required_observation_threshold
188052	Parupeneus crassilabris	Parupeneus	Mullidae	Mullidae	Doublebar Goatfish	0	125	False	False	False	ineligible	below_required_observation_threshold
122514	Parupeneus cyclostomus	Parupeneus	Mullidae	Mullidae	Goldsaddle Goatfish	0	182	False	False	False	ineligible	below_required_observation_threshold
359362	Parupeneus forsskali	Parupeneus	Mullidae	Mullidae	Red Sea Goatfish	0	186	False	False	False	ineligible	below_required_observation_threshold
180170	Parupeneus indicus	Parupeneus	Mullidae	Mullidae	Yellowspot Goatfish	0	95	False	False	False	ineligible	below_required_observation_threshold
196836	Parupeneus insularis	Parupeneus	Mullidae	Mullidae	Island Goatfish	0	47	False	False	False	ineligible	below_required_observation_threshold
494911	Parupeneus margaritatus	Parupeneus	Mullidae	Mullidae	Pearly Goatfish	0	4	False	False	False	ineligible	below_required_observation_threshold
121673	Parupeneus pleurostigma	Parupeneus	Mullidae	Mullidae	Sidespot Goatfish	0	37	False	False	False	ineligible	below_required_observation_threshold
123344	Parupeneus porphyreus	Parupeneus	Mullidae	Mullidae	Whitesaddle Goatfish	0	8	False	False	False	ineligible	below_required_observation_threshold
132376	Parupeneus rubescens	Parupeneus	Mullidae	Mullidae	Rosy Goatfish	0	16	False	False	False	ineligible	below_required_observation_threshold
132377	Parupeneus spilurus	Parupeneus	Mullidae	Mullidae	Blacksaddle Goatfish	0	150	False	False	False	ineligible	below_required_observation_threshold
196835	Parupeneus trifasciatus	Parupeneus	Mullidae	Mullidae	Indian Doublebar Goatfish	0	53	False	False	False	ineligible	below_required_observation_threshold
188160	Pseudupeneus grandisquamis	Pseudupeneus	Mullidae	Mullidae	Bigscale Goatfish	0	24	False	False	False	ineligible	below_required_observation_threshold
131385	Pseudupeneus maculatus	Pseudupeneus	Mullidae	Mullidae	Spotted Goatfish	0	198	False	False	False	ineligible	below_required_observation_threshold
491023	Pseudupeneus prayensis	Pseudupeneus	Mullidae	Mullidae	West African Goatfish	0	23	False	False	False	ineligible	below_required_observation_threshold
410544	Upeneichthys lineatus	Upeneichthys	Mullidae	Mullidae	Bluestriped Goatfish	0	65	False	False	False	ineligible	below_required_observation_threshold
1316675	Upeneichthys porosus	Upeneichthys	Mullidae	Mullidae	Goatfish	0	102	False	False	False	ineligible	below_required_observation_threshold
416588	Upeneichthys vlamingii	Upeneichthys	Mullidae	Mullidae	Bluespotted Goatfish	0	81	False	False	False	ineligible	below_required_observation_threshold
512734	Upeneus australiae	Upeneus	Mullidae	Mullidae	Australian Goatfish	0	8	False	False	False	ineligible	below_required_observation_threshold
617609	Upeneus francisi	Upeneus	Mullidae	Mullidae	Bar-tailed goatfish	0	15	False	False	False	ineligible	below_required_observation_threshold
530408	Upeneus guttatus	Upeneus	Mullidae	Mullidae	Twotone Goatfish	0	1	False	False	False	ineligible	below_required_observation_threshold
617610	Upeneus heemstra	Upeneus	Mullidae	Mullidae	Heemstra goatfish	0	2	False	False	False	ineligible	below_required_observation_threshold
617611	Upeneus indicus	Upeneus	Mullidae	Mullidae		0	1	False	False	False	ineligible	below_required_observation_threshold
617614	Upeneus margarethae	Upeneus	Mullidae	Mullidae	Margaretha's goatfish	0	1	False	False	False	ineligible	below_required_observation_threshold
530410	Upeneus moluccensis	Upeneus	Mullidae	Mullidae	Goldband Goatfish	0	5	False	False	False	ineligible	below_required_observation_threshold
617619	Upeneus oligospilus	Upeneus	Mullidae	Mullidae		0	1	False	False	False	ineligible	below_required_observation_threshold
617620	Upeneus pori	Upeneus	Mullidae	Mullidae	Por's Goatfish	0	4	False	False	False	ineligible	below_required_observation_threshold
347936	Upeneus sulphureus	Upeneus	Mullidae	Mullidae	Sunrise Goatfish	0	1	False	False	False	ineligible	below_required_observation_threshold
617628	Upeneus supravittatus	Upeneus	Mullidae	Mullidae	Long-fin Goatfish	0	1	False	False	False	ineligible	below_required_observation_threshold
123121	Upeneus taeniopterus	Upeneus	Mullidae	Mullidae	Finstripe Goatfish	0	8	False	False	False	ineligible	below_required_observation_threshold
121000	Gymnothorax javanicus	Gymnothorax	Muraenidae	Muraenidae	Giant Moray	0	443	True	True	True	common_target_pretraining	requested_target_meets_licensed_abundance_threshold
54441	Echidna nebulosa	Echidna	Muraenidae	Muraenidae	Snowflake Moray	0	400	True	False	True	broad_pretraining	global_licensed_abundance
94030	Anarchias galapagensis	Anarchias	Muraenidae	Muraenidae	Hardtail Moray	0	2	False	False	False	ineligible	below_required_observation_threshold
153471	Echidna catenata	Echidna	Muraenidae	Muraenidae	Chain Moray	0	104	False	False	False	ineligible	below_required_observation_threshold
49980	Echidna nocturna	Echidna	Muraenidae	Muraenidae	Palenose Moray	0	38	False	False	False	ineligible	below_required_observation_threshold
617657	Echidna peli	Echidna	Muraenidae	Muraenidae	Pebbletooth Moray	0	3	False	False	False	ineligible	below_required_observation_threshold
142970	Echidna polyzona	Echidna	Muraenidae	Muraenidae	Barred Moray	0	34	False	False	False	ineligible	below_required_observation_threshold
489477	Echidna xanthospilos	Echidna	Muraenidae	Muraenidae	New Guinea Moray	0	1	False	False	False	ineligible	below_required_observation_threshold
243643	Enchelycore anatina	Enchelycore	Muraenidae	Muraenidae	Fangtooth Moray	0	30	False	False	False	ineligible	below_required_observation_threshold
131393	Enchelycore carychroa	Enchelycore	Muraenidae	Muraenidae	Chestnut Moray	0	1	False	False	False	ineligible	below_required_observation_threshold
194819	Enchelycore lichenosa	Enchelycore	Muraenidae	Muraenidae	Reticulated Hookjaw Moray	0	1	False	False	False	ineligible	below_required_observation_threshold
131395	Enchelycore nigricans	Enchelycore	Muraenidae	Muraenidae	Viper Moray	0	12	False	False	False	ineligible	below_required_observation_threshold
99934	Enchelycore octaviana	Enchelycore	Muraenidae	Muraenidae	Slenderjaw Moray	0	4	False	False	False	ineligible	below_required_observation_threshold
120940	Enchelycore pardalis	Enchelycore	Muraenidae	Muraenidae	Dragon Moray	0	4	False	False	False	ineligible	below_required_observation_threshold
410543	Enchelycore ramosa	Enchelycore	Muraenidae	Muraenidae	Mosaic Moray	0	9	False	False	False	ineligible	below_required_observation_threshold
99935	Enchelycore schismatorhynchus	Enchelycore	Muraenidae	Muraenidae	White-margined Moray	0	1	False	False	False	ineligible	below_required_observation_threshold
121167	Enchelynassa canina	Enchelynassa	Muraenidae	Muraenidae	Longfang Moray	0	4	False	False	False	ineligible	below_required_observation_threshold
49979	Gymnomuraena zebra	Gymnomuraena	Muraenidae	Muraenidae	Zebra Moray	0	129	False	False	False	ineligible	below_required_observation_threshold
123524	Gymnothorax albimarginatus	Gymnothorax	Muraenidae	Muraenidae	Whitemargin Moray	0	1	False	False	False	ineligible	below_required_observation_threshold
617664	Gymnothorax angusticauda	Gymnothorax	Muraenidae	Muraenidae	Narrowtail Moray	0	6	False	False	False	ineligible	below_required_observation_threshold
411099	Gymnothorax annasona	Gymnothorax	Muraenidae	Muraenidae	Lord Howe Moray	0	50	False	False	False	ineligible	below_required_observation_threshold
500653	Gymnothorax bacalladoi	Gymnothorax	Muraenidae	Muraenidae	Canary Moray	0	1	False	False	False	ineligible	below_required_observation_threshold
617672	Gymnothorax berndti	Gymnothorax	Muraenidae	Muraenidae	Y-patterned Moray	0	1	False	False	False	ineligible	below_required_observation_threshold
205007	Gymnothorax breedeni	Gymnothorax	Muraenidae	Muraenidae	Masked Moray	0	13	False	False	False	ineligible	below_required_observation_threshold
116737	Gymnothorax buroensis	Gymnothorax	Muraenidae	Muraenidae	Latticetail Moray	0	7	False	False	False	ineligible	below_required_observation_threshold
85113	Gymnothorax castaneus	Gymnothorax	Muraenidae	Muraenidae	Chestnut Moray	0	102	False	False	False	ineligible	below_required_observation_threshold
617673	Gymnothorax castlei	Gymnothorax	Muraenidae	Muraenidae	Castle's moray	0	1	False	False	False	ineligible	below_required_observation_threshold
474557	Gymnothorax chilospilus	Gymnothorax	Muraenidae	Muraenidae	Whitelip Moray	0	13	False	False	False	ineligible	below_required_observation_threshold
617675	Gymnothorax chlamydatus	Gymnothorax	Muraenidae	Muraenidae	Banded Mud Moray	0	2	False	False	False	ineligible	below_required_observation_threshold
1315737	Gymnothorax cinerascens	Gymnothorax	Muraenidae	Muraenidae	Plain Moray	0	8	False	False	False	ineligible	below_required_observation_threshold
516901	Gymnothorax cribroris	Gymnothorax	Muraenidae	Muraenidae	Sieve-patterned Moray	0	3	False	False	False	ineligible	below_required_observation_threshold
101897	Gymnothorax dovii	Gymnothorax	Muraenidae	Muraenidae	Fine-spotted Moray	0	22	False	False	False	ineligible	below_required_observation_threshold
1313616	Gymnothorax elaineheemstrae	Gymnothorax	Muraenidae	Muraenidae	Natal Moray	0	6	False	False	False	ineligible	below_required_observation_threshold
617678	Gymnothorax elegans	Gymnothorax	Muraenidae	Muraenidae	Elegant Moray	0	2	False	False	False	ineligible	below_required_observation_threshold
488848	Gymnothorax enigmaticus	Gymnothorax	Muraenidae	Muraenidae	Enigmatic Moray	0	7	False	False	False	ineligible	below_required_observation_threshold
101898	Gymnothorax equatorialis	Gymnothorax	Muraenidae	Muraenidae	Spottail Moray	0	1	False	False	False	ineligible	below_required_observation_threshold
121598	Gymnothorax eurostus	Gymnothorax	Muraenidae	Muraenidae	Abbott's Moray	0	131	False	False	False	ineligible	below_required_observation_threshold
51028	Gymnothorax favagineus	Gymnothorax	Muraenidae	Muraenidae	Laced Moray	0	71	False	False	False	ineligible	below_required_observation_threshold
120979	Gymnothorax fimbriatus	Gymnothorax	Muraenidae	Muraenidae	Fimbriated Moray	0	61	False	False	False	ineligible	below_required_observation_threshold
121740	Gymnothorax flavimarginatus	Gymnothorax	Muraenidae	Muraenidae	Yellowmargin Moray	0	179	False	False	False	ineligible	below_required_observation_threshold
617681	Gymnothorax formosus	Gymnothorax	Muraenidae	Muraenidae	Palenose Moray	0	3	False	False	False	ineligible	below_required_observation_threshold
120125	Gymnothorax funebris	Gymnothorax	Muraenidae	Muraenidae	Green Moray	0	154	False	False	False	ineligible	below_required_observation_threshold
617683	Gymnothorax gracilicauda	Gymnothorax	Muraenidae	Muraenidae	Slendertail Moray	0	12	False	False	False	ineligible	below_required_observation_threshold
127538	Gymnothorax griseus	Gymnothorax	Muraenidae	Muraenidae	Geometric Moray	0	85	False	False	False	ineligible	below_required_observation_threshold
361257	Gymnothorax isingteena	Gymnothorax	Muraenidae	Muraenidae	Spotted Moray	0	18	False	False	False	ineligible	below_required_observation_threshold
123526	Gymnothorax kidako	Gymnothorax	Muraenidae	Muraenidae	Kidako Moray	0	10	False	False	False	ineligible	below_required_observation_threshold
179581	Gymnothorax kolpos	Gymnothorax	Muraenidae	Muraenidae	Blacktail Moray	0	1	False	False	False	ineligible	below_required_observation_threshold
1020200	Gymnothorax longinaris	Gymnothorax	Muraenidae	Muraenidae	Nasal-flap moray	0	1	False	False	False	ineligible	below_required_observation_threshold
617689	Gymnothorax longinquus	Gymnothorax	Muraenidae	Muraenidae	Long Brown Moray	0	1	False	False	False	ineligible	below_required_observation_threshold
617690	Gymnothorax margaritophorus	Gymnothorax	Muraenidae	Muraenidae	Blotch-necked Moray	0	1	False	False	False	ineligible	below_required_observation_threshold
123522	Gymnothorax melatremus	Gymnothorax	Muraenidae	Muraenidae	Dwarf Moray	0	8	False	False	False	ineligible	below_required_observation_threshold
116736	Gymnothorax meleagris	Gymnothorax	Muraenidae	Muraenidae	Whitemouth Moray	0	208	False	False	False	ineligible	below_required_observation_threshold
49256	Gymnothorax miliaris	Gymnothorax	Muraenidae	Muraenidae	Goldentail Moray	0	154	False	False	False	ineligible	below_required_observation_threshold
617697	Gymnothorax monochrous	Gymnothorax	Muraenidae	Muraenidae	Drab Moray	0	2	False	False	False	ineligible	below_required_observation_threshold
317127	Gymnothorax mordax	Gymnothorax	Muraenidae	Muraenidae	California Moray	0	27	False	False	False	ineligible	below_required_observation_threshold
128105	Gymnothorax moringa	Gymnothorax	Muraenidae	Muraenidae	Spotted Moray	0	341	False	False	False	ineligible	below_required_observation_threshold
617700	Gymnothorax neglectus	Gymnothorax	Muraenidae	Muraenidae		0	1	False	False	False	ineligible	below_required_observation_threshold
179575	Gymnothorax nigromarginatus	Gymnothorax	Muraenidae	Muraenidae	Blackedge Moray	0	3	False	False	False	ineligible	below_required_observation_threshold
617701	Gymnothorax niphostigmus	Gymnothorax	Muraenidae	Muraenidae	Snowflake-patched Moray	0	4	False	False	False	ineligible	below_required_observation_threshold
410542	Gymnothorax nubilus	Gymnothorax	Muraenidae	Muraenidae	Grey Moray	0	48	False	False	False	ineligible	below_required_observation_threshold
123521	Gymnothorax nudivomer	Gymnothorax	Muraenidae	Muraenidae	Yellowmouth Moray	0	46	False	False	False	ineligible	below_required_observation_threshold
101900	Gymnothorax panamensis	Gymnothorax	Muraenidae	Muraenidae	Panamic Moray	0	4	False	False	False	ineligible	below_required_observation_threshold
1180262	Gymnothorax paucivertebralis	Gymnothorax	Muraenidae	Muraenidae	Flores Reef Moray	0	1	False	False	False	ineligible	below_required_observation_threshold
617704	Gymnothorax phasmatodes	Gymnothorax	Muraenidae	Muraenidae	Ghost Moray	0	9	False	False	False	ineligible	below_required_observation_threshold
123525	Gymnothorax pictus	Gymnothorax	Muraenidae	Muraenidae	Peppered Moray	0	137	False	False	False	ineligible	below_required_observation_threshold
187468	Gymnothorax polyuranodon	Gymnothorax	Muraenidae	Muraenidae	Freshwater Moray	0	1	False	False	False	ineligible	below_required_observation_threshold
101902	Gymnothorax porphyreus	Gymnothorax	Muraenidae	Muraenidae	Lowfin Moray	0	2	False	False	False	ineligible	below_required_observation_threshold
372278	Gymnothorax prasinus	Gymnothorax	Muraenidae	Muraenidae	Australian Green Moray	0	61	False	False	False	ineligible	below_required_observation_threshold
513965	Gymnothorax prionodon	Gymnothorax	Muraenidae	Muraenidae	Australian Mottled Moray	0	3	False	False	False	ineligible	below_required_observation_threshold
474661	Gymnothorax pseudothyrsoideus	Gymnothorax	Muraenidae	Muraenidae	Highfin Moray	0	34	False	False	False	ineligible	below_required_observation_threshold
556049	Gymnothorax reevesii	Gymnothorax	Muraenidae	Muraenidae	Reeves's Moray	0	9	False	False	False	ineligible	below_required_observation_threshold
49364	Gymnothorax richardsonii	Gymnothorax	Muraenidae	Muraenidae	Richardson's Moray	0	23	False	False	False	ineligible	below_required_observation_threshold
617715	Gymnothorax rueppelliae	Gymnothorax	Muraenidae	Muraenidae	Yellow-headed Moray	0	42	False	False	False	ineligible	below_required_observation_threshold
317128	Gymnothorax saxicola	Gymnothorax	Muraenidae	Muraenidae	Ocellated Moray	0	1	False	False	False	ineligible	below_required_observation_threshold
617718	Gymnothorax shaoi	Gymnothorax	Muraenidae	Muraenidae	Shao's Moray	0	2	False	False	False	ineligible	below_required_observation_threshold
617720	Gymnothorax taiwanensis	Gymnothorax	Muraenidae	Muraenidae	Taiwanese Moray	0	1	False	False	False	ineligible	below_required_observation_threshold
119390	Gymnothorax thyrsoideus	Gymnothorax	Muraenidae	Muraenidae	White-eyed Moray	0	125	False	False	False	ineligible	below_required_observation_threshold
549805	Gymnothorax tile	Gymnothorax	Muraenidae	Muraenidae	Indian Mud Moray	0	4	False	False	False	ineligible	below_required_observation_threshold
52399	Gymnothorax undulatus	Gymnothorax	Muraenidae	Muraenidae	Undulated Moray	0	108	False	False	False	ineligible	below_required_observation_threshold
118591	Gymnothorax unicolor	Gymnothorax	Muraenidae	Muraenidae	Brown Moray	0	32	False	False	False	ineligible	below_required_observation_threshold
127142	Gymnothorax vicinus	Gymnothorax	Muraenidae	Muraenidae	Purplemouth Moray	0	31	False	False	False	ineligible	below_required_observation_threshold
488948	Gymnothorax ypsilon	Gymnothorax	Muraenidae	Muraenidae	Y-bar Moray	0	1	False	False	False	ineligible	below_required_observation_threshold
142750	Gymnothorax zonipectis	Gymnothorax	Muraenidae	Muraenidae	Barred-fin Moray	0	19	False	False	False	ineligible	below_required_observation_threshold
85114	Muraena argus	Muraena	Muraenidae	Muraenidae	Argus Moray	0	15	False	False	False	ineligible	below_required_observation_threshold
342089	Muraena augusti	Muraena	Muraenidae	Muraenidae	Black Moray	0	88	False	False	False	ineligible	below_required_observation_threshold
106237	Muraena clepsydra	Muraena	Muraenidae	Muraenidae	Hourglass Moray	0	10	False	False	False	ineligible	below_required_observation_threshold
118590	Muraena helena	Muraena	Muraenidae	Muraenidae	Mediterranean Moray	0	206	False	False	False	ineligible	below_required_observation_threshold
85111	Muraena lentiginosa	Muraena	Muraenidae	Muraenidae	Jewel Moray	0	192	False	False	False	ineligible	below_required_observation_threshold
47303	Muraena melanotis	Muraena	Muraenidae	Muraenidae	Honeycomb Moray	0	17	False	False	False	ineligible	below_required_observation_threshold
489510	Muraena pavonina	Muraena	Muraenidae	Muraenidae	Birdeye Moray	0	2	False	False	False	ineligible	below_required_observation_threshold
317229	Muraena retifera	Muraena	Muraenidae	Muraenidae	Reticulated Moray	0	1	False	False	False	ineligible	below_required_observation_threshold
47304	Muraena robusta	Muraena	Muraenidae	Muraenidae	Robust Moray	0	1	False	False	False	ineligible	below_required_observation_threshold
486613	Pseudechidna brummeri	Pseudechidna	Muraenidae	Muraenidae	White Ribbon Eel	0	6	False	False	False	ineligible	below_required_observation_threshold
111716	Rhinomuraena quaesita	Rhinomuraena	Muraenidae	Muraenidae	Ribbon Eel	0	81	False	False	False	ineligible	below_required_observation_threshold
121500	Scuticaria tigrina	Scuticaria	Muraenidae	Muraenidae	Tiger Snakemoray	0	24	False	False	False	ineligible	below_required_observation_threshold
418134	Strophidon sathete	Strophidon	Muraenidae	Muraenidae	Gangetic Moray	0	7	False	False	False	ineligible	below_required_observation_threshold
317436	Uropterygius macrocephalus	Uropterygius	Muraenidae	Muraenidae	Needle-tooth Moray	0	3	False	False	False	ineligible	below_required_observation_threshold
617729	Uropterygius marmoratus	Uropterygius	Muraenidae	Muraenidae	Marbled Snakemoray	0	2	False	False	False	ineligible	below_required_observation_threshold
486615	Uropterygius micropterus	Uropterygius	Muraenidae	Muraenidae	Tidepool Snakemoray	0	18	False	False	False	ineligible	below_required_observation_threshold
569856	Uropterygius polyspilus	Uropterygius	Muraenidae	Muraenidae	Large-spotted Snakemoray	0	3	False	False	False	ineligible	below_required_observation_threshold
114819	Uropterygius versutus	Uropterygius	Muraenidae	Muraenidae	Crafty Snakemoray	0	14	False	False	False	ineligible	below_required_observation_threshold
111389	Pygoplites diacanthus	Pygoplites	Pomacanthidae	Pomacanthidae	Regal Angelfish	0	484	True	True	True	common_target_pretraining	requested_target_meets_licensed_abundance_threshold
56797	Holacanthus passer	Holacanthus	Pomacanthidae	Pomacanthidae	King Angelfish	0	530	True	False	True	broad_pretraining	global_licensed_abundance
49257	Pomacanthus paru	Pomacanthus	Pomacanthidae	Pomacanthidae	French Angelfish	0	571	True	False	True	broad_pretraining	global_licensed_abundance
94416	Apolemichthys trimaculatus	Apolemichthys	Pomacanthidae	Pomacanthidae	Threespot Angelfish	0	101	False	True	False	rare_target_holdout	requested_target_below_abundance_thresholds
96939	Centropyge bicolor	Centropyge	Pomacanthidae	Pomacanthidae	Bicolor Angelfish	0	218	False	True	False	rare_target_holdout	requested_target_below_abundance_thresholds
96944	Centropyge eibli	Centropyge	Pomacanthidae	Pomacanthidae	Eibl's Angelfish	0	22	False	True	False	rare_target_holdout	requested_target_below_abundance_thresholds
96964	Centropyge tibicen	Centropyge	Pomacanthidae	Pomacanthidae	Keyhole Angelfish	0	68	False	True	False	rare_target_holdout	requested_target_below_abundance_thresholds
96966	Centropyge vrolikii	Centropyge	Pomacanthidae	Pomacanthidae	Pearlscale Angelfish	0	108	False	True	False	rare_target_holdout	requested_target_below_abundance_thresholds
101333	Genicanthus lamarck	Genicanthus	Pomacanthidae	Pomacanthidae	Lamarck's Angelfish	0	39	False	True	False	rare_target_holdout	requested_target_below_abundance_thresholds
84181	Pomacanthus imperator	Pomacanthus	Pomacanthidae	Pomacanthidae	Emperor Angelfish	0	318	False	True	False	rare_target_holdout	requested_target_below_abundance_thresholds
110017	Pomacanthus navarchus	Pomacanthus	Pomacanthidae	Pomacanthidae	Bluegirdle Angelfish	0	83	False	True	False	rare_target_holdout	requested_target_below_abundance_thresholds
110019	Pomacanthus semicirculatus	Pomacanthus	Pomacanthidae	Pomacanthidae	Semicircle Angelfish	0	178	False	True	False	rare_target_holdout	requested_target_below_abundance_thresholds
94412	Apolemichthys arcuatus	Apolemichthys	Pomacanthidae	Pomacanthidae	Bandit Angelfish	0	4	False	False	False	ineligible	below_required_observation_threshold
94413	Apolemichthys griffisi	Apolemichthys	Pomacanthidae	Pomacanthidae	Griffis' Angelfish	0	1	False	False	False	ineligible	below_required_observation_threshold
94415	Apolemichthys kingi	Apolemichthys	Pomacanthidae	Pomacanthidae	Tiger Angelfish	0	6	False	False	False	ineligible	below_required_observation_threshold
94417	Apolemichthys xanthopunctatus	Apolemichthys	Pomacanthidae	Pomacanthidae	Goldflake Angelfish	0	3	False	False	False	ineligible	below_required_observation_threshold
94418	Apolemichthys xanthotis	Apolemichthys	Pomacanthidae	Pomacanthidae	Yellow-ear Angelfish	0	4	False	False	False	ineligible	below_required_observation_threshold
94419	Apolemichthys xanthurus	Apolemichthys	Pomacanthidae	Pomacanthidae	Yellowtail Angelfish	0	6	False	False	False	ineligible	below_required_observation_threshold
96935	Centropyge acanthops	Centropyge	Pomacanthidae	Pomacanthidae	Orangeback Angelfish	0	8	False	False	False	ineligible	below_required_observation_threshold
96936	Centropyge argi	Centropyge	Pomacanthidae	Pomacanthidae	Cherubfish	0	5	False	False	False	ineligible	below_required_observation_threshold
96940	Centropyge bispinosa	Centropyge	Pomacanthidae	Pomacanthidae	Two-spined Angelfish	0	107	False	False	False	ineligible	below_required_observation_threshold
491543	Centropyge deborae	Centropyge	Pomacanthidae	Pomacanthidae	Blue Velvet Angelfish	0	11	False	False	False	ineligible	below_required_observation_threshold
96946	Centropyge fisheri	Centropyge	Pomacanthidae	Pomacanthidae	Fisher's Angelfish	0	2	False	False	False	ineligible	below_required_observation_threshold
96947	Centropyge flavipectoralis	Centropyge	Pomacanthidae	Pomacanthidae	Yellowfin Angelfish	0	1	False	False	False	ineligible	below_required_observation_threshold
96948	Centropyge flavissima	Centropyge	Pomacanthidae	Pomacanthidae	Lemonpeel Angelfish	0	144	False	False	False	ineligible	below_required_observation_threshold
96949	Centropyge heraldi	Centropyge	Pomacanthidae	Pomacanthidae	Herald's Angelfish	0	7	False	False	False	ineligible	below_required_observation_threshold
358414	Centropyge loriculus	Centropyge	Pomacanthidae	Pomacanthidae	Flame Angelfish	0	27	False	False	False	ineligible	below_required_observation_threshold
96954	Centropyge multicolor	Centropyge	Pomacanthidae	Pomacanthidae	Pearlback Angelfish	0	1	False	False	False	ineligible	below_required_observation_threshold
1315950	Centropyge multifasciata	Centropyge	Pomacanthidae	Pomacanthidae	Barred Angelfish	0	9	False	False	False	ineligible	below_required_observation_threshold
96956	Centropyge multispinis	Centropyge	Pomacanthidae	Pomacanthidae	Brown Pygmy Angelfish	0	53	False	False	False	ineligible	below_required_observation_threshold
96960	Centropyge nox	Centropyge	Pomacanthidae	Pomacanthidae	Midnight Angelfish	0	1	False	False	False	ineligible	below_required_observation_threshold
96961	Centropyge potteri	Centropyge	Pomacanthidae	Pomacanthidae	Potter's Angelfish	0	17	False	False	False	ineligible	below_required_observation_threshold
96963	Centropyge shepardi	Centropyge	Pomacanthidae	Pomacanthidae	Shepard's Angelfish	0	1	False	False	False	ineligible	below_required_observation_threshold
183184	Centropyge woodheadi	Centropyge	Pomacanthidae	Pomacanthidae	Woodhead's Angelfish	0	4	False	False	False	ineligible	below_required_observation_threshold
97215	Chaetodontoplus caeruleopunctatus	Chaetodontoplus	Pomacanthidae	Pomacanthidae	Bluespotted Angelfish	0	1	False	False	False	ineligible	below_required_observation_threshold
619599	Chaetodontoplus cephalareticulatus	Chaetodontoplus	Pomacanthidae	Pomacanthidae	Maze Angelfish	0	1	False	False	False	ineligible	below_required_observation_threshold
97217	Chaetodontoplus conspicillatus	Chaetodontoplus	Pomacanthidae	Pomacanthidae	Conspicuous Angelfish	0	1	False	False	False	ineligible	below_required_observation_threshold
97218	Chaetodontoplus dimidiatus	Chaetodontoplus	Pomacanthidae	Pomacanthidae	Pewter Angelfish	0	1	False	False	False	ineligible	below_required_observation_threshold
97219	Chaetodontoplus duboulayi	Chaetodontoplus	Pomacanthidae	Pomacanthidae	Scribbled Angelfish	0	9	False	False	False	ineligible	below_required_observation_threshold
97220	Chaetodontoplus melanosoma	Chaetodontoplus	Pomacanthidae	Pomacanthidae	Black Velvet Angelfish	0	1	False	False	False	ineligible	below_required_observation_threshold
97221	Chaetodontoplus meredithi	Chaetodontoplus	Pomacanthidae	Pomacanthidae	Queensland Yellowtail Angelfish	0	4	False	False	False	ineligible	below_required_observation_threshold
97222	Chaetodontoplus mesoleucus	Chaetodontoplus	Pomacanthidae	Pomacanthidae	Vermiculate Angelfish	0	126	False	False	False	ineligible	below_required_observation_threshold
97225	Chaetodontoplus poliourus	Chaetodontoplus	Pomacanthidae	Pomacanthidae	Greytail Angelfish	0	7	False	False	False	ineligible	below_required_observation_threshold
97226	Chaetodontoplus septentrionalis	Chaetodontoplus	Pomacanthidae	Pomacanthidae	Bluestriped Angelfish	0	10	False	False	False	ineligible	below_required_observation_threshold
101332	Genicanthus caudovittatus	Genicanthus	Pomacanthidae	Pomacanthidae	Zebra Angelfish	0	35	False	False	False	ineligible	below_required_observation_threshold
101334	Genicanthus melanospilos	Genicanthus	Pomacanthidae	Pomacanthidae	Black-spot Angelfish	0	55	False	False	False	ineligible	below_required_observation_threshold
101335	Genicanthus personatus	Genicanthus	Pomacanthidae	Pomacanthidae	Masked Angelfish	0	1	False	False	False	ineligible	below_required_observation_threshold
101336	Genicanthus semicinctus	Genicanthus	Pomacanthidae	Pomacanthidae	Halfbanded Angelfish	0	1	False	False	False	ineligible	below_required_observation_threshold
101340	Genicanthus watanabei	Genicanthus	Pomacanthidae	Pomacanthidae	Pinstriped Angelfish	0	1	False	False	False	ineligible	below_required_observation_threshold
102895	Holacanthus africanus	Holacanthus	Pomacanthidae	Pomacanthidae	Guinean Angelfish	0	4	False	False	False	ineligible	below_required_observation_threshold
49632	Holacanthus bermudensis	Holacanthus	Pomacanthidae	Pomacanthidae	Blue Angelfish	0	80	False	False	False	ineligible	below_required_observation_threshold
47235	Holacanthus ciliaris	Holacanthus	Pomacanthidae	Pomacanthidae	Queen Angelfish	0	345	False	False	False	ineligible	below_required_observation_threshold
102896	Holacanthus clarionensis	Holacanthus	Pomacanthidae	Pomacanthidae	Clarión Angelfish	0	39	False	False	False	ineligible	below_required_observation_threshold
49495	Holacanthus tricolor	Holacanthus	Pomacanthidae	Pomacanthidae	Rock Beauty	0	259	False	False	False	ineligible	below_required_observation_threshold
110013	Pomacanthus annularis	Pomacanthus	Pomacanthidae	Pomacanthidae	Bluering Angelfish	0	59	False	False	False	ineligible	below_required_observation_threshold
49427	Pomacanthus arcuatus	Pomacanthus	Pomacanthidae	Pomacanthidae	Grey Angelfish	0	314	False	False	False	ineligible	below_required_observation_threshold
110014	Pomacanthus asfur	Pomacanthus	Pomacanthidae	Pomacanthidae	Arabian Angelfish	0	8	False	False	False	ineligible	below_required_observation_threshold
110015	Pomacanthus chrysurus	Pomacanthus	Pomacanthidae	Pomacanthidae	Goldtail Angelfish	0	3	False	False	False	ineligible	below_required_observation_threshold
110016	Pomacanthus maculosus	Pomacanthus	Pomacanthidae	Pomacanthidae	Halfmoon Angelfish	0	81	False	False	False	ineligible	below_required_observation_threshold
110018	Pomacanthus rhomboides	Pomacanthus	Pomacanthidae	Pomacanthidae	Old Woman Angelfish	0	22	False	False	False	ineligible	below_required_observation_threshold
110020	Pomacanthus sexstriatus	Pomacanthus	Pomacanthidae	Pomacanthidae	Sixband Angelfish	0	229	False	False	False	ineligible	below_required_observation_threshold
110021	Pomacanthus xanthometopon	Pomacanthus	Pomacanthidae	Pomacanthidae	Blueface Angelfish	0	69	False	False	False	ineligible	below_required_observation_threshold
110022	Pomacanthus zonipectus	Pomacanthus	Pomacanthidae	Pomacanthidae	Cortez Angelfish	0	201	False	False	False	ineligible	below_required_observation_threshold
49403	Abudefduf vaigiensis	Abudefduf	Pomacentridae	Pomacentridae	Indo-Pacific Sergeant Major	0	898	True	True	True	common_target_pretraining	requested_target_meets_licensed_abundance_threshold
136345	Amphiprion clarkii	Amphiprion	Pomacentridae	Pomacentridae	Clark's Anemonefish	0	453	True	True	True	common_target_pretraining	requested_target_meets_licensed_abundance_threshold
179872	Dascyllus reticulatus	Dascyllus	Pomacentridae	Pomacentridae	Reticulated Damselfish	0	359	True	True	True	common_target_pretraining	requested_target_meets_licensed_abundance_threshold
49303	Dascyllus trimaculatus	Dascyllus	Pomacentridae	Pomacentridae	Three-spot Dascyllus	0	752	True	True	True	common_target_pretraining	requested_target_meets_licensed_abundance_threshold
181028	Pomacentrus moluccensis	Pomacentrus	Pomacentridae	Pomacentridae	Lemon Damsel	0	360	True	True	True	common_target_pretraining	requested_target_meets_licensed_abundance_threshold
49402	Abudefduf saxatilis	Abudefduf	Pomacentridae	Pomacentridae	Atlantic Sergeant Major	0	1312	True	False	True	broad_pretraining	global_licensed_abundance
49401	Abudefduf sexfasciatus	Abudefduf	Pomacentridae	Pomacentridae	Scissortail Sergeant	0	750	True	False	True	broad_pretraining	global_licensed_abundance
92989	Abudefduf troschelii	Abudefduf	Pomacentridae	Pomacentridae	Panamic Sergeant Major	0	688	True	False	True	broad_pretraining	global_licensed_abundance
1315935	Azurina cyanea	Azurina	Pomacentridae	Pomacentridae	Blue Chromis	0	374	True	False	True	broad_pretraining	global_licensed_abundance
1315932	Azurina multilineata	Azurina	Pomacentridae	Pomacentridae	Brown Chromis	0	421	True	False	True	broad_pretraining	global_licensed_abundance
105832	Microspathodon dorsalis	Microspathodon	Pomacentridae	Pomacentridae	Giant Damselfish	0	532	True	False	True	broad_pretraining	global_licensed_abundance
113101	Stegastes acapulcoensis	Stegastes	Pomacentridae	Pomacentridae	Acapulco Major	0	468	True	False	True	broad_pretraining	global_licensed_abundance
128183	Stegastes partitus	Stegastes	Pomacentridae	Pomacentridae	Bicolor Damselfish	0	446	True	False	True	broad_pretraining	global_licensed_abundance
118682	Chromis chromis	Chromis	Pomacentridae	Pomacentridae	Mediterranean Damselfish	0	588	True	False	True	novel_evaluation	held_out_for_unseen_species_evaluation
49753	Microspathodon chrysurus	Microspathodon	Pomacentridae	Pomacentridae	Yellowtail Damselfish	0	468	True	False	True	novel_evaluation	held_out_for_unseen_species_evaluation
134155	Amblyglyphidodon aureus	Amblyglyphidodon	Pomacentridae	Pomacentridae	Golden Damselfish	0	216	False	True	False	rare_target_holdout	requested_target_below_abundance_thresholds
119391	Amphiprion percula	Amphiprion	Pomacentridae	Pomacentridae	Percula Anemonefish	0	33	False	True	False	rare_target_holdout	requested_target_below_abundance_thresholds
134156	Amphiprion perideraion	Amphiprion	Pomacentridae	Pomacentridae	Pink Skunk Anemonefish	0	308	False	True	False	rare_target_holdout	requested_target_below_abundance_thresholds
119430	Amphiprion polymnus	Amphiprion	Pomacentridae	Pomacentridae	Saddleback Anemonefish	0	55	False	True	False	rare_target_holdout	requested_target_below_abundance_thresholds
132371	Pomacentrus coelestis	Pomacentrus	Pomacentridae	Pomacentridae	Neon Damselfish	0	216	False	True	False	rare_target_holdout	requested_target_below_abundance_thresholds
123922	Abudefduf sordidus	Abudefduf	Pomacentridae	Pomacentridae	Blackspot Sergeant	0	510	True	False	False	eligible_not_selected	genus_quota_reached
179880	Chromis viridis	Chromis	Pomacentridae	Pomacentridae	Blue-green Chromis	0	371	True	False	False	eligible_not_selected	scientist_family_quota_reached
952775	Dascyllus aruanus	Dascyllus	Pomacentridae	Pomacentridae	Humbug Dascyllus	0	365	True	False	False	eligible_not_selected	scientist_family_quota_reached
49304	Stegastes planifrons	Stegastes	Pomacentridae	Pomacentridae	Threespot Damselfish	0	358	True	False	False	eligible_not_selected	scientist_family_quota_reached
49400	Abudefduf abdominalis	Abudefduf	Pomacentridae	Pomacentridae	Hawaiian Sergeant Major	0	88	False	False	False	ineligible	below_required_observation_threshold
337754	Abudefduf bengalensis	Abudefduf	Pomacentridae	Pomacentridae	Bengal Sergeant	0	211	False	False	False	ineligible	below_required_observation_threshold
871277	Abudefduf caudobimaculatus	Abudefduf	Pomacentridae	Pomacentridae	Okinawa Sergeant	0	1	False	False	False	ineligible	below_required_observation_threshold
92987	Abudefduf concolor	Abudefduf	Pomacentridae	Pomacentridae	Dusky Sergeant	0	81	False	False	False	ineligible	below_required_observation_threshold
92988	Abudefduf declivifrons	Abudefduf	Pomacentridae	Pomacentridae	Mexican Nightsergeant	0	91	False	False	False	ineligible	below_required_observation_threshold
122102	Abudefduf hoefleri	Abudefduf	Pomacentridae	Pomacentridae	African Sergeant	0	5	False	False	False	ineligible	below_required_observation_threshold
181014	Abudefduf lorenzi	Abudefduf	Pomacentridae	Pomacentridae	Black-tail Sergeant	0	40	False	False	False	ineligible	below_required_observation_threshold
559948	Abudefduf natalensis	Abudefduf	Pomacentridae	Pomacentridae	Natal Sergeant	0	22	False	False	False	ineligible	below_required_observation_threshold
345719	Abudefduf notatus	Abudefduf	Pomacentridae	Pomacentridae	Yellowtail Sergeant	0	22	False	False	False	ineligible	below_required_observation_threshold
337753	Abudefduf septemfasciatus	Abudefduf	Pomacentridae	Pomacentridae	Banded Sergeant	0	198	False	False	False	ineligible	below_required_observation_threshold
474803	Abudefduf sparoides	Abudefduf	Pomacentridae	Pomacentridae	False-eye Sergeant	0	31	False	False	False	ineligible	below_required_observation_threshold
57338	Abudefduf taurus	Abudefduf	Pomacentridae	Pomacentridae	Night Sergeant	0	90	False	False	False	ineligible	below_required_observation_threshold
481478	Abudefduf whitleyi	Abudefduf	Pomacentridae	Pomacentridae	Whitley's Sergeant	0	98	False	False	False	ineligible	below_required_observation_threshold
319335	Acanthochromis polyacanthus	Acanthochromis	Pomacentridae	Pomacentridae	Spiny Chromis	0	120	False	False	False	ineligible	below_required_observation_threshold
606226	Altrichthys alelia	Altrichthys	Pomacentridae	Pomacentridae	Alelia's Damselfish	0	5	False	False	False	ineligible	below_required_observation_threshold
606222	Altrichthys azurelineatus	Altrichthys	Pomacentridae	Pomacentridae	Azure Damsel	0	1	False	False	False	ineligible	below_required_observation_threshold
1315251	Amblyglyphidodon batunaorum	Amblyglyphidodon	Pomacentridae	Pomacentridae	Batuna Damsel	0	26	False	False	False	ineligible	below_required_observation_threshold
119053	Amblyglyphidodon curacao	Amblyglyphidodon	Pomacentridae	Pomacentridae	Staghorn Damsel	0	298	False	False	False	ineligible	below_required_observation_threshold
371763	Amblyglyphidodon flavilatus	Amblyglyphidodon	Pomacentridae	Pomacentridae	Yellow-side Damselfish	0	25	False	False	False	ineligible	below_required_observation_threshold
311609	Amblyglyphidodon indicus	Amblyglyphidodon	Pomacentridae	Pomacentridae	Green Damselfish	0	150	False	False	False	ineligible	below_required_observation_threshold
181015	Amblyglyphidodon leucogaster	Amblyglyphidodon	Pomacentridae	Pomacentridae	Whitebelly Damsel	0	147	False	False	False	ineligible	below_required_observation_threshold
619602	Amblyglyphidodon melanopterus	Amblyglyphidodon	Pomacentridae	Pomacentridae	Blackfin Damselfish	0	1	False	False	False	ineligible	below_required_observation_threshold
483889	Amblyglyphidodon orbicularis	Amblyglyphidodon	Pomacentridae	Pomacentridae	Orbicular Damselfish	0	51	False	False	False	ineligible	below_required_observation_threshold
619603	Amblyglyphidodon silolona	Amblyglyphidodon	Pomacentridae	Pomacentridae	Silolona Damselfish	0	1	False	False	False	ineligible	below_required_observation_threshold
1315921	Amblypomacentrus annulatus	Amblypomacentrus	Pomacentridae	Pomacentridae	Blackbarred Demoiselle	0	7	False	False	False	ineligible	below_required_observation_threshold
181016	Amblypomacentrus breviceps	Amblypomacentrus	Pomacentridae	Pomacentridae	Blackbanded Damsel	0	35	False	False	False	ineligible	below_required_observation_threshold
619605	Amblypomacentrus clarus	Amblypomacentrus	Pomacentridae	Pomacentridae	Banggai damselfish	0	2	False	False	False	ineligible	below_required_observation_threshold
1316560	Amblypomacentrus tricinctus	Amblypomacentrus	Pomacentridae	Pomacentridae	Threeband Demoiselle	0	1	False	False	False	ineligible	below_required_observation_threshold
154702	Amphiprion akallopisos	Amphiprion	Pomacentridae	Pomacentridae	Skunk Anemonefish	0	58	False	False	False	ineligible	below_required_observation_threshold
338421	Amphiprion akindynos	Amphiprion	Pomacentridae	Pomacentridae	Barrier Reef Anemonefish	0	67	False	False	False	ineligible	below_required_observation_threshold
180787	Amphiprion allardi	Amphiprion	Pomacentridae	Pomacentridae	Allard's Anemonefish	0	51	False	False	False	ineligible	below_required_observation_threshold
1579630	Amphiprion annamensis	Amphiprion	Pomacentridae	Pomacentridae	Northern Saddleback Anemonefish	0	29	False	False	False	ineligible	below_required_observation_threshold
179871	Amphiprion barberi	Amphiprion	Pomacentridae	Pomacentridae	Fiji Tomato Anemonefish	0	162	False	False	False	ineligible	below_required_observation_threshold
1277790	Amphiprion biaculeatus	Amphiprion	Pomacentridae	Pomacentridae	Spine-cheek Clownfish	0	147	False	False	False	ineligible	below_required_observation_threshold
343249	Amphiprion bicinctus	Amphiprion	Pomacentridae	Pomacentridae	Red Sea Anemonefish	0	220	False	False	False	ineligible	below_required_observation_threshold
484800	Amphiprion chrysogaster	Amphiprion	Pomacentridae	Pomacentridae	Mauritian Anemonefish	0	2	False	False	False	ineligible	below_required_observation_threshold
180381	Amphiprion chrysopterus	Amphiprion	Pomacentridae	Pomacentridae	Orangefin Anemonefish	0	143	False	False	False	ineligible	below_required_observation_threshold
57754	Amphiprion ephippium	Amphiprion	Pomacentridae	Pomacentridae	Red Saddleback Anemonefish	0	15	False	False	False	ineligible	below_required_observation_threshold
57740	Amphiprion frenatus	Amphiprion	Pomacentridae	Pomacentridae	Tomato Clownfish	0	104	False	False	False	ineligible	below_required_observation_threshold
517591	Amphiprion latezonatus	Amphiprion	Pomacentridae	Pomacentridae	Wideband Anemonefish	0	6	False	False	False	ineligible	below_required_observation_threshold
516038	Amphiprion latifasciatus	Amphiprion	Pomacentridae	Pomacentridae	Madagascar Anemonefish	0	5	False	False	False	ineligible	below_required_observation_threshold
424221	Amphiprion leucokranos	Amphiprion	Pomacentridae	Pomacentridae	White-bonnet Anemonefish	0	1	False	False	False	ineligible	below_required_observation_threshold
1639672	Amphiprion maohiensis	Amphiprion	Pomacentridae	Pomacentridae	Polynesian anemonefish	0	22	False	False	False	ineligible	below_required_observation_threshold
516265	Amphiprion mccullochi	Amphiprion	Pomacentridae	Pomacentridae	McCulloch's Anemonefish	0	17	False	False	False	ineligible	below_required_observation_threshold
57741	Amphiprion melanopus	Amphiprion	Pomacentridae	Pomacentridae	Blackback Anemonefish	0	147	False	False	False	ineligible	below_required_observation_threshold
180380	Amphiprion nigripes	Amphiprion	Pomacentridae	Pomacentridae	Blackfin Anemonefish	0	33	False	False	False	ineligible	below_required_observation_threshold
132688	Amphiprion ocellaris	Amphiprion	Pomacentridae	Pomacentridae	Ocellaris Anemonefish	0	313	False	False	False	ineligible	below_required_observation_threshold
619610	Amphiprion pacificus	Amphiprion	Pomacentridae	Pomacentridae	Pacific Anemonefish	0	1	False	False	False	ineligible	below_required_observation_threshold
117751	Amphiprion rubrocinctus	Amphiprion	Pomacentridae	Pomacentridae	Australian Anemonefish	0	6	False	False	False	ineligible	below_required_observation_threshold
93956	Amphiprion sandaracinos	Amphiprion	Pomacentridae	Pomacentridae	Orange Skunk Anemonefish	0	65	False	False	False	ineligible	below_required_observation_threshold
180382	Amphiprion sebae	Amphiprion	Pomacentridae	Pomacentridae	Sebae Anemonefish	0	1	False	False	False	ineligible	below_required_observation_threshold
57756	Amphiprion tricinctus	Amphiprion	Pomacentridae	Pomacentridae	Three-band Anemonefish	0	1	False	False	False	ineligible	below_required_observation_threshold
1315937	Azurina atrilobata	Azurina	Pomacentridae	Pomacentridae	Scissortail Chromis	0	287	False	False	False	ineligible	below_required_observation_threshold
1316760	Azurina elerae	Azurina	Pomacentridae	Pomacentridae	Twinspot chromis	0	6	False	False	False	ineligible	below_required_observation_threshold
95019	Azurina hirundo	Azurina	Pomacentridae	Pomacentridae	Swallow Damsel	0	4	False	False	False	ineligible	below_required_observation_threshold
1316758	Azurina intercrusma	Azurina	Pomacentridae	Pomacentridae	Peruvian Chromis	0	2	False	False	False	ineligible	below_required_observation_threshold
1316757	Azurina lepidolepis	Azurina	Pomacentridae	Pomacentridae	Scaly Puller	0	45	False	False	False	ineligible	below_required_observation_threshold
424709	Cheiloprion labiatus	Cheiloprion	Pomacentridae	Pomacentridae	Biglip Damsel	0	8	False	False	False	ineligible	below_required_observation_threshold
358107	Chromis albicauda	Chromis	Pomacentridae	Pomacentridae	White-tailed Chromis	0	4	False	False	False	ineligible	below_required_observation_threshold
97750	Chromis alpha	Chromis	Pomacentridae	Pomacentridae	Yellow-speckled Chromis	0	26	False	False	False	ineligible	below_required_observation_threshold
97751	Chromis alta	Chromis	Pomacentridae	Pomacentridae	Silverstripe Chromis	0	3	False	False	False	ineligible	below_required_observation_threshold
182177	Chromis analis	Chromis	Pomacentridae	Pomacentridae	Yellow Chromis	0	37	False	False	False	ineligible	below_required_observation_threshold
181020	Chromis atripectoralis	Chromis	Pomacentridae	Pomacentridae	Black-axil Chromis	0	145	False	False	False	ineligible	below_required_observation_threshold
204606	Chromis chrysura	Chromis	Pomacentridae	Pomacentridae	Stout-body Chromis	0	17	False	False	False	ineligible	below_required_observation_threshold
519432	Chromis cinerascens	Chromis	Pomacentridae	Pomacentridae	Green Chromis	0	15	False	False	False	ineligible	below_required_observation_threshold
97753	Chromis crusma	Chromis	Pomacentridae	Pomacentridae	Valparaiso Chromis	0	1	False	False	False	ineligible	below_required_observation_threshold
415204	Chromis dasygenys	Chromis	Pomacentridae	Pomacentridae	Bluespotted Chromis	0	5	False	False	False	ineligible	below_required_observation_threshold
451337	Chromis dispila	Chromis	Pomacentridae	Pomacentridae	New Zealand Demoiselle	0	62	False	False	False	ineligible	below_required_observation_threshold
1316759	Chromis enchrysurus	Chromis	Pomacentridae	Pomacentridae	Yellowtail Chromis	0	1	False	False	False	ineligible	below_required_observation_threshold
372160	Chromis flavaxilla	Chromis	Pomacentridae	Pomacentridae	Arabian Chromis	0	36	False	False	False	ineligible	below_required_observation_threshold
357802	Chromis fumea	Chromis	Pomacentridae	Pomacentridae	Smoky Puller	0	1	False	False	False	ineligible	below_required_observation_threshold
447875	Chromis hypsilepis	Chromis	Pomacentridae	Pomacentridae	Onespot Puller	0	27	False	False	False	ineligible	below_required_observation_threshold
147106	Chromis insolata	Chromis	Pomacentridae	Pomacentridae	Sunshinefish	0	7	False	False	False	ineligible	below_required_observation_threshold
619628	Chromis kennensis	Chromis	Pomacentridae	Pomacentridae	Yellowspot Puller	0	4	False	False	False	ineligible	below_required_observation_threshold
522685	Chromis klunzingeri	Chromis	Pomacentridae	Pomacentridae	Blackhead Puller	0	22	False	False	False	ineligible	below_required_observation_threshold
342041	Chromis limbata	Chromis	Pomacentridae	Pomacentridae	Atlantic Damselfish	0	78	False	False	False	ineligible	below_required_observation_threshold
97757	Chromis limbaughi	Chromis	Pomacentridae	Pomacentridae	Limbaugh's Chromis	0	3	False	False	False	ineligible	below_required_observation_threshold
347663	Chromis lubbocki	Chromis	Pomacentridae	Pomacentridae	Lubbock's chromis	0	10	False	False	False	ineligible	below_required_observation_threshold
358156	Chromis nitida	Chromis	Pomacentridae	Pomacentridae	Barrier Reef Chromis	0	11	False	False	False	ineligible	below_required_observation_threshold
1305905	Chromis norfolkensis	Chromis	Pomacentridae	Pomacentridae	Norfolk Chromis	0	42	False	False	False	ineligible	below_required_observation_threshold
469793	Chromis notata	Chromis	Pomacentridae	Pomacentridae	Pearl-spot Chromis	0	9	False	False	False	ineligible	below_required_observation_threshold
447714	Chromis opercularis	Chromis	Pomacentridae	Pomacentridae	Doublebar Chromis	0	10	False	False	False	ineligible	below_required_observation_threshold
123318	Chromis ovalis	Chromis	Pomacentridae	Pomacentridae	Oval Chromis	0	6	False	False	False	ineligible	below_required_observation_threshold
97758	Chromis pembae	Chromis	Pomacentridae	Pomacentridae	Yellow-edge Chromis	0	4	False	False	False	ineligible	below_required_observation_threshold
97759	Chromis punctipinnis	Chromis	Pomacentridae	Pomacentridae	Blacksmith Chromis	0	64	False	False	False	ineligible	below_required_observation_threshold
199182	Chromis scotochiloptera	Chromis	Pomacentridae	Pomacentridae	Philippine Chromis	0	22	False	False	False	ineligible	below_required_observation_threshold
147107	Chromis scotti	Chromis	Pomacentridae	Pomacentridae	Purple Reeffish	0	1	False	False	False	ineligible	below_required_observation_threshold
181019	Chromis ternatensis	Chromis	Pomacentridae	Pomacentridae	Ternate Chromis	0	125	False	False	False	ineligible	below_required_observation_threshold
128267	Chromis verater	Chromis	Pomacentridae	Pomacentridae	Three-spot Chromis	0	7	False	False	False	ineligible	below_required_observation_threshold
334629	Chromis weberi	Chromis	Pomacentridae	Pomacentridae	Weber's Puller	0	73	False	False	False	ineligible	below_required_observation_threshold
530717	Chromis westaustralis	Chromis	Pomacentridae	Pomacentridae	West Australian Puller	0	3	False	False	False	ineligible	below_required_observation_threshold
118577	Chromis xanthochira	Chromis	Pomacentridae	Pomacentridae	Yellow-axil chromis	0	1	False	False	False	ineligible	below_required_observation_threshold
619641	Chromis xanthopterygia	Chromis	Pomacentridae	Pomacentridae	Yellowfin chromis	0	5	False	False	False	ineligible	below_required_observation_threshold
334719	Chromis xanthura	Chromis	Pomacentridae	Pomacentridae	Pale-tail Chromis	0	66	False	False	False	ineligible	below_required_observation_threshold
341387	Chrysiptera biocellata	Chrysiptera	Pomacentridae	Pomacentridae	Twospot Demoiselle	0	75	False	False	False	ineligible	below_required_observation_threshold
357900	Chrysiptera bleekeri	Chrysiptera	Pomacentridae	Pomacentridae	Bleeker's Damselfish	0	1	False	False	False	ineligible	below_required_observation_threshold
57339	Chrysiptera brownriggii	Chrysiptera	Pomacentridae	Pomacentridae	Indian Surge Demoiselle	0	34	False	False	False	ineligible	below_required_observation_threshold
179869	Chrysiptera caeruleolineata	Chrysiptera	Pomacentridae	Pomacentridae	Blueline Demoiselle	0	3	False	False	False	ineligible	below_required_observation_threshold
516358	Chrysiptera caesifrons	Chrysiptera	Pomacentridae	Pomacentridae	Greyback Damselfish	0	16	False	False	False	ineligible	below_required_observation_threshold
179849	Chrysiptera cyanea	Chrysiptera	Pomacentridae	Pomacentridae	Blue Demoiselle	0	74	False	False	False	ineligible	below_required_observation_threshold
502788	Chrysiptera galba	Chrysiptera	Pomacentridae	Pomacentridae	Canary demoiselle	0	1	False	False	False	ineligible	below_required_observation_threshold
204591	Chrysiptera glauca	Chrysiptera	Pomacentridae	Pomacentridae	Grey Demoiselle	0	77	False	False	False	ineligible	below_required_observation_threshold
470653	Chrysiptera hemicyanea	Chrysiptera	Pomacentridae	Pomacentridae	Azure Demoiselle	0	1	False	False	False	ineligible	below_required_observation_threshold
1224641	Chrysiptera leucopoma	Chrysiptera	Pomacentridae	Pomacentridae	Pacific Surge Damselfish	0	90	False	False	False	ineligible	below_required_observation_threshold
491938	Chrysiptera notialis	Chrysiptera	Pomacentridae	Pomacentridae	Southern Demoiselle	0	29	False	False	False	ineligible	below_required_observation_threshold
344016	Chrysiptera oxycephala	Chrysiptera	Pomacentridae	Pomacentridae	Bluespot Damselfish	0	8	False	False	False	ineligible	below_required_observation_threshold
338158	Chrysiptera parasema	Chrysiptera	Pomacentridae	Pomacentridae	Goldtail Demoiselle	0	12	False	False	False	ineligible	below_required_observation_threshold
344375	Chrysiptera rex	Chrysiptera	Pomacentridae	Pomacentridae	Pink Demoiselle	0	6	False	False	False	ineligible	below_required_observation_threshold
145525	Chrysiptera rollandi	Chrysiptera	Pomacentridae	Pomacentridae	Bluehead Demoiselle	0	50	False	False	False	ineligible	below_required_observation_threshold
135192	Chrysiptera springeri	Chrysiptera	Pomacentridae	Pomacentridae	Springer's Demoiselle	0	15	False	False	False	ineligible	below_required_observation_threshold
468752	Chrysiptera starcki	Chrysiptera	Pomacentridae	Pomacentridae	Starck's Demoiselle	0	2	False	False	False	ineligible	below_required_observation_threshold
271308	Chrysiptera talboti	Chrysiptera	Pomacentridae	Pomacentridae	Talbot's Demoiselle	0	103	False	False	False	ineligible	below_required_observation_threshold
181017	Chrysiptera taupou	Chrysiptera	Pomacentridae	Pomacentridae	South Seas Demoiselle	0	121	False	False	False	ineligible	below_required_observation_threshold
619652	Chrysiptera traceyi	Chrysiptera	Pomacentridae	Pomacentridae	Tracey's Damselfish	0	3	False	False	False	ineligible	below_required_observation_threshold
338073	Chrysiptera unimaculata	Chrysiptera	Pomacentridae	Pomacentridae	Onespot Demoiselle	0	140	False	False	False	ineligible	below_required_observation_threshold
914304	Dascyllus abudafur	Dascyllus	Pomacentridae	Pomacentridae	Indian Ocean Humbug	0	190	False	False	False	ineligible	below_required_observation_threshold
121392	Dascyllus albisella	Dascyllus	Pomacentridae	Pomacentridae	Hawaiian Dascyllus	0	116	False	False	False	ineligible	below_required_observation_threshold
179873	Dascyllus carneus	Dascyllus	Pomacentridae	Pomacentridae	Indian Dascyllus	0	64	False	False	False	ineligible	below_required_observation_threshold
1654980	Dascyllus emamo	Dascyllus	Pomacentridae	Pomacentridae	Polynesian Humbug Dascyllus	0	42	False	False	False	ineligible	below_required_observation_threshold
619653	Dascyllus flavicaudus	Dascyllus	Pomacentridae	Pomacentridae	yellowtail dascyllus	0	39	False	False	False	ineligible	below_required_observation_threshold
362168	Dascyllus marginatus	Dascyllus	Pomacentridae	Pomacentridae	Red Sea Dascyllus	0	44	False	False	False	ineligible	below_required_observation_threshold
359798	Dascyllus melanurus	Dascyllus	Pomacentridae	Pomacentridae	Blacktail Humbug	0	78	False	False	False	ineligible	below_required_observation_threshold
619654	Dascyllus strasburgi	Dascyllus	Pomacentridae	Pomacentridae	Strasburg's dascyllus	0	1	False	False	False	ineligible	below_required_observation_threshold
346146	Dischistodus chrysopoecilus	Dischistodus	Pomacentridae	Pomacentridae	Whitepatch Damsel	0	46	False	False	False	ineligible	below_required_observation_threshold
565923	Dischistodus fasciatus	Dischistodus	Pomacentridae	Pomacentridae	Banded Damselfish	0	26	False	False	False	ineligible	below_required_observation_threshold
318321	Dischistodus melanotus	Dischistodus	Pomacentridae	Pomacentridae	Blackvent Damsel	0	127	False	False	False	ineligible	below_required_observation_threshold
123458	Dischistodus perspicillatus	Dischistodus	Pomacentridae	Pomacentridae	White Damsel	0	147	False	False	False	ineligible	below_required_observation_threshold
326585	Dischistodus prosopotaenia	Dischistodus	Pomacentridae	Pomacentridae	Honeyhead Damsel	0	45	False	False	False	ineligible	below_required_observation_threshold
84799	Dischistodus pseudochrysopoecilus	Dischistodus	Pomacentridae	Pomacentridae	Monarch Damsel	0	25	False	False	False	ineligible	below_required_observation_threshold
345864	Hemiglyphidodon plagiometopon	Hemiglyphidodon	Pomacentridae	Pomacentridae	Lagoon Damsel	0	45	False	False	False	ineligible	below_required_observation_threshold
53693	Hypsypops rubicundus	Hypsypops	Pomacentridae	Pomacentridae	Garibaldi	0	234	False	False	False	ineligible	below_required_observation_threshold
181024	Lepidozygus tapeinosoma	Lepidozygus	Pomacentridae	Pomacentridae	Fusilier Damsel	0	13	False	False	False	ineligible	below_required_observation_threshold
513053	Mecaenichthys immaculatus	Mecaenichthys	Pomacentridae	Pomacentridae	Immaculate Damsel	0	13	False	False	False	ineligible	below_required_observation_threshold
105831	Microspathodon bairdii	Microspathodon	Pomacentridae	Pomacentridae	Bumphead Damselfish	0	91	False	False	False	ineligible	below_required_observation_threshold
619655	Microspathodon frontatus	Microspathodon	Pomacentridae	Pomacentridae	Guinean Damselfish	0	3	False	False	False	ineligible	below_required_observation_threshold
495187	Neoglyphidodon carlsoni	Neoglyphidodon	Pomacentridae	Pomacentridae	Carlson's Damselfish	0	16	False	False	False	ineligible	below_required_observation_threshold
272537	Neoglyphidodon crossi	Neoglyphidodon	Pomacentridae	Pomacentridae	Cross's Damselfish	0	2	False	False	False	ineligible	below_required_observation_threshold
132370	Neoglyphidodon melas	Neoglyphidodon	Pomacentridae	Pomacentridae	Black Damsel	0	137	False	False	False	ineligible	below_required_observation_threshold
135284	Neoglyphidodon nigroris	Neoglyphidodon	Pomacentridae	Pomacentridae	Indo-Pacific Yellowtail Damsel	0	155	False	False	False	ineligible	below_required_observation_threshold
325534	Neoglyphidodon oxyodon	Neoglyphidodon	Pomacentridae	Pomacentridae	Javanese Damselfish	0	16	False	False	False	ineligible	below_required_observation_threshold
424819	Neoglyphidodon polyacanthus	Neoglyphidodon	Pomacentridae	Pomacentridae	Multispine Damsel	0	44	False	False	False	ineligible	below_required_observation_threshold
153273	Neoglyphidodon thoracotaeniatus	Neoglyphidodon	Pomacentridae	Pomacentridae	Barhead Damsel	0	10	False	False	False	ineligible	below_required_observation_threshold
57335	Neopomacentrus anabatoides	Neopomacentrus	Pomacentridae	Pomacentridae	Silver Demoiselle	0	15	False	False	False	ineligible	below_required_observation_threshold
154433	Neopomacentrus azysron	Neopomacentrus	Pomacentridae	Pomacentridae	Yellowtail Demoiselle	0	33	False	False	False	ineligible	below_required_observation_threshold
106835	Neopomacentrus bankieri	Neopomacentrus	Pomacentridae	Pomacentridae	Chinese Demoiselle	0	13	False	False	False	ineligible	below_required_observation_threshold
358376	Neopomacentrus cyanomos	Neopomacentrus	Pomacentridae	Pomacentridae	Regal Demoiselle	0	66	False	False	False	ineligible	below_required_observation_threshold
1313195	Neopomacentrus flavicauda	Neopomacentrus	Pomacentridae	Pomacentridae	Red Sea Demoiselle	0	3	False	False	False	ineligible	below_required_observation_threshold
410716	Neopomacentrus metallicus	Neopomacentrus	Pomacentridae	Pomacentridae	Metallic Demoiselle	0	6	False	False	False	ineligible	below_required_observation_threshold
458009	Neopomacentrus miryae	Neopomacentrus	Pomacentridae	Pomacentridae	Miry's Demoiselle	0	8	False	False	False	ineligible	below_required_observation_threshold
346145	Neopomacentrus nemurus	Neopomacentrus	Pomacentridae	Pomacentridae	Coral Demoiselle	0	6	False	False	False	ineligible	below_required_observation_threshold
619661	Neopomacentrus sororius	Neopomacentrus	Pomacentridae	Pomacentridae	Twin Demoiselle	0	10	False	False	False	ineligible	below_required_observation_threshold
325502	Neopomacentrus violascens	Neopomacentrus	Pomacentridae	Pomacentridae	Violet Demoiselle	0	7	False	False	False	ineligible	below_required_observation_threshold
107021	Nexilosus latifrons	Nexilosus	Pomacentridae	Pomacentridae	Coquito Sergeant	0	6	False	False	False	ineligible	below_required_observation_threshold
410546	Parma alboscapularis	Parma	Pomacentridae	Pomacentridae	New Zealand Black Angelfish	0	45	False	False	False	ineligible	below_required_observation_threshold
516676	Parma mccullochi	Parma	Pomacentridae	Pomacentridae	McCulloch’s Scalyfin	0	45	False	False	False	ineligible	below_required_observation_threshold
511647	Parma microlepis	Parma	Pomacentridae	Pomacentridae	White-ear	0	88	False	False	False	ineligible	below_required_observation_threshold
525079	Parma occidentalis	Parma	Pomacentridae	Pomacentridae	Western Scalyfin	0	86	False	False	False	ineligible	below_required_observation_threshold
518184	Parma oligolepis	Parma	Pomacentridae	Pomacentridae	Bigscale Scalyfin	0	4	False	False	False	ineligible	below_required_observation_threshold
493746	Parma polylepis	Parma	Pomacentridae	Pomacentridae	Banded Scalyfin	0	107	False	False	False	ineligible	below_required_observation_threshold
509791	Parma unifasciata	Parma	Pomacentridae	Pomacentridae	Girdled Scalyfin	0	41	False	False	False	ineligible	below_required_observation_threshold
108788	Parma victoriae	Parma	Pomacentridae	Pomacentridae	Scalyfin	0	65	False	False	False	ineligible	below_required_observation_threshold
1325091	Plectroglyphidodon apicalis	Plectroglyphidodon	Pomacentridae	Pomacentridae	Australian Gregory	0	15	False	False	False	ineligible	below_required_observation_threshold
204597	Plectroglyphidodon dickii	Plectroglyphidodon	Pomacentridae	Pomacentridae	Blackbar Damselfish	0	192	False	False	False	ineligible	below_required_observation_threshold
1325094	Plectroglyphidodon fasciolatus	Plectroglyphidodon	Pomacentridae	Pomacentridae	Pacific Gregory	0	35	False	False	False	ineligible	below_required_observation_threshold
1325089	Plectroglyphidodon gascoynei	Plectroglyphidodon	Pomacentridae	Pomacentridae	Coral Sea Gregory	0	25	False	False	False	ineligible	below_required_observation_threshold
203922	Plectroglyphidodon imparipennis	Plectroglyphidodon	Pomacentridae	Pomacentridae	Brighteye Damselfish	0	91	False	False	False	ineligible	below_required_observation_threshold
196591	Plectroglyphidodon johnstonianus	Plectroglyphidodon	Pomacentridae	Pomacentridae	Blue-eye Damsel	0	74	False	False	False	ineligible	below_required_observation_threshold
57337	Plectroglyphidodon leucozona	Plectroglyphidodon	Pomacentridae	Pomacentridae	Whiteband Damsel	0	40	False	False	False	ineligible	below_required_observation_threshold
1325098	Plectroglyphidodon luteobrunneus	Plectroglyphidodon	Pomacentridae	Pomacentridae	Aldabra Gregory	0	4	False	False	False	ineligible	below_required_observation_threshold
1325096	Plectroglyphidodon marginatus	Plectroglyphidodon	Pomacentridae	Pomacentridae	Hawaiian Gregory	0	65	False	False	False	ineligible	below_required_observation_threshold
1325097	Plectroglyphidodon obreptus	Plectroglyphidodon	Pomacentridae	Pomacentridae	Western Gregory	0	14	False	False	False	ineligible	below_required_observation_threshold
57334	Plectroglyphidodon phoenixensis	Plectroglyphidodon	Pomacentridae	Pomacentridae	Phoenix Damsel	0	2	False	False	False	ineligible	below_required_observation_threshold
464065	Plectroglyphidodon sindonis	Plectroglyphidodon	Pomacentridae	Pomacentridae	Hawaiian Rock Damsel	0	2	False	False	False	ineligible	below_required_observation_threshold
338575	Pomacentrus adelus	Pomacentrus	Pomacentridae	Pomacentridae	Obscure Damsel	0	5	False	False	False	ineligible	below_required_observation_threshold
619665	Pomacentrus agassizii	Pomacentrus	Pomacentridae	Pomacentridae	Agassiz's Damselfish	0	1	False	False	False	ineligible	below_required_observation_threshold
359124	Pomacentrus alexanderae	Pomacentrus	Pomacentridae	Pomacentridae	Alexander's Damsel	0	34	False	False	False	ineligible	below_required_observation_threshold
486019	Pomacentrus alleni	Pomacentrus	Pomacentridae	Pomacentridae	Andaman Damselfish	0	4	False	False	False	ineligible	below_required_observation_threshold
325535	Pomacentrus amboinensis	Pomacentrus	Pomacentridae	Pomacentridae	Ambon Damsel	0	89	False	False	False	ineligible	below_required_observation_threshold
1313385	Pomacentrus andamanensis	Pomacentrus	Pomacentridae	Pomacentridae	Eyespot Damselfish	0	18	False	False	False	ineligible	below_required_observation_threshold
458019	Pomacentrus aquilus	Pomacentrus	Pomacentridae	Pomacentridae	Dark Damsel	0	4	False	False	False	ineligible	below_required_observation_threshold
619667	Pomacentrus arabicus	Pomacentrus	Pomacentridae	Pomacentridae	Arabian damsel	0	4	False	False	False	ineligible	below_required_observation_threshold
424708	Pomacentrus aurifrons	Pomacentrus	Pomacentridae	Pomacentridae	Goldhead Damselfish	0	3	False	False	False	ineligible	below_required_observation_threshold
143044	Pomacentrus auriventris	Pomacentrus	Pomacentridae	Pomacentridae	Goldbelly Damsel	0	45	False	False	False	ineligible	below_required_observation_threshold
508476	Pomacentrus australis	Pomacentrus	Pomacentridae	Pomacentridae	Australian Damsel	0	2	False	False	False	ineligible	below_required_observation_threshold
619670	Pomacentrus azuremaculatus	Pomacentrus	Pomacentridae	Pomacentridae	Bluespotted Damselfish	0	1	False	False	False	ineligible	below_required_observation_threshold
619671	Pomacentrus baenschi	Pomacentrus	Pomacentridae	Pomacentridae	Baensch's Damsel	0	6	False	False	False	ineligible	below_required_observation_threshold
181026	Pomacentrus bankanensis	Pomacentrus	Pomacentridae	Pomacentridae	Speckled Damsel	0	89	False	False	False	ineligible	below_required_observation_threshold
619672	Pomacentrus bintanensis	Pomacentrus	Pomacentridae	Pomacentridae	Bintan damselfish	0	1	False	False	False	ineligible	below_required_observation_threshold
619673	Pomacentrus bipunctatus	Pomacentrus	Pomacentridae	Pomacentridae	Pacific Cocoa Damselfish	0	7	False	False	False	ineligible	below_required_observation_threshold
334964	Pomacentrus brachialis	Pomacentrus	Pomacentridae	Pomacentridae	Charcoal Damsel	0	12	False	False	False	ineligible	below_required_observation_threshold
346141	Pomacentrus burroughi	Pomacentrus	Pomacentridae	Pomacentridae	Burrough's Damselfish	0	1	False	False	False	ineligible	below_required_observation_threshold
341863	Pomacentrus caeruleus	Pomacentrus	Pomacentridae	Pomacentridae	Caerulean Damsel	0	39	False	False	False	ineligible	below_required_observation_threshold
110023	Pomacentrus callainus	Pomacentrus	Pomacentridae	Pomacentridae	Blue-green Damsel	0	81	False	False	False	ineligible	below_required_observation_threshold
447759	Pomacentrus chrysurus	Pomacentrus	Pomacentridae	Pomacentridae	Whitetail Damsel	0	89	False	False	False	ineligible	below_required_observation_threshold
319354	Pomacentrus cuneatus	Pomacentrus	Pomacentridae	Pomacentridae	Wedgespot Damsel	0	12	False	False	False	ineligible	below_required_observation_threshold
1015406	Pomacentrus flavioculus	Pomacentrus	Pomacentridae	Pomacentridae	Yelloweye Damselfish	0	65	False	False	False	ineligible	below_required_observation_threshold
318933	Pomacentrus grammorhynchus	Pomacentrus	Pomacentridae	Pomacentridae	Bluespot damsel	0	6	False	False	False	ineligible	below_required_observation_threshold
448412	Pomacentrus imitator	Pomacentrus	Pomacentridae	Pomacentridae	Imitator Damsel	0	1	False	False	False	ineligible	below_required_observation_threshold
447758	Pomacentrus indicus	Pomacentrus	Pomacentridae	Pomacentridae	Indian Damsel	0	34	False	False	False	ineligible	below_required_observation_threshold
311360	Pomacentrus lepidogenys	Pomacentrus	Pomacentridae	Pomacentridae	Scaly Damsel	0	29	False	False	False	ineligible	below_required_observation_threshold
429982	Pomacentrus leptus	Pomacentrus	Pomacentridae	Pomacentridae	Slender Damsel	0	10	False	False	False	ineligible	below_required_observation_threshold
495189	Pomacentrus maafu	Pomacentrus	Pomacentridae	Pomacentridae	Coral Damselfish	0	73	False	False	False	ineligible	below_required_observation_threshold
537726	Pomacentrus magniseptus	Pomacentrus	Pomacentridae	Pomacentridae	Blackfin damselfish	0	2	False	False	False	ineligible	below_required_observation_threshold
568871	Pomacentrus micronesicus	Pomacentrus	Pomacentridae	Pomacentridae	Micronesian Damselfish	0	9	False	False	False	ineligible	below_required_observation_threshold
491542	Pomacentrus microspilus	Pomacentrus	Pomacentridae	Pomacentridae	Fiji Damselfish	0	28	False	False	False	ineligible	below_required_observation_threshold
110024	Pomacentrus milleri	Pomacentrus	Pomacentridae	Pomacentridae	Miller's Damsel	0	7	False	False	False	ineligible	below_required_observation_threshold
358838	Pomacentrus nagasakiensis	Pomacentrus	Pomacentridae	Pomacentridae	Blue-scribbled Damsel	0	17	False	False	False	ineligible	below_required_observation_threshold
786393	Pomacentrus nigriradiatus	Pomacentrus	Pomacentridae	Pomacentridae	Blackray Damselfish	0	26	False	False	False	ineligible	below_required_observation_threshold
332372	Pomacentrus nigromanus	Pomacentrus	Pomacentridae	Pomacentridae	Goldback Damsel	0	15	False	False	False	ineligible	below_required_observation_threshold
181027	Pomacentrus nigromarginatus	Pomacentrus	Pomacentridae	Pomacentridae	Blackmargin Damsel	0	48	False	False	False	ineligible	below_required_observation_threshold
1376769	Pomacentrus novaeguineae	Pomacentrus	Pomacentridae	Pomacentridae	New Guinea Damselfish	0	1	False	False	False	ineligible	below_required_observation_threshold
119717	Pomacentrus pavo	Pomacentrus	Pomacentridae	Pomacentridae	Peacock Damsel	0	187	False	False	False	ineligible	below_required_observation_threshold
424314	Pomacentrus philippinus	Pomacentrus	Pomacentridae	Pomacentridae	Philippine Damsel	0	8	False	False	False	ineligible	below_required_observation_threshold
619683	Pomacentrus polyspinus	Pomacentrus	Pomacentridae	Pomacentridae	Thai damsel	0	6	False	False	False	ineligible	below_required_observation_threshold
619684	Pomacentrus proteus	Pomacentrus	Pomacentridae	Pomacentridae	Colombo Damsel	0	1	False	False	False	ineligible	below_required_observation_threshold
181025	Pomacentrus reidi	Pomacentrus	Pomacentridae	Pomacentridae	Grey Damsel	0	16	False	False	False	ineligible	below_required_observation_threshold
325673	Pomacentrus similis	Pomacentrus	Pomacentridae	Pomacentridae	Similar Damsel	0	4	False	False	False	ineligible	below_required_observation_threshold
181029	Pomacentrus simsiang	Pomacentrus	Pomacentridae	Pomacentridae	Blueback Damselfish	0	37	False	False	False	ineligible	below_required_observation_threshold
495525	Pomacentrus spilotoceps	Pomacentrus	Pomacentridae	Pomacentridae	Spotted-cheek Damselfish	0	52	False	False	False	ineligible	below_required_observation_threshold
619687	Pomacentrus stigma	Pomacentrus	Pomacentridae	Pomacentridae	Blackspot Damsel	0	18	False	False	False	ineligible	below_required_observation_threshold
119310	Pomacentrus sulfureus	Pomacentrus	Pomacentridae	Pomacentridae	Sulfur Damsel	0	172	False	False	False	ineligible	below_required_observation_threshold
354587	Pomacentrus trichrourus	Pomacentrus	Pomacentridae	Pomacentridae	Paletail Damsel	0	31	False	False	False	ineligible	below_required_observation_threshold
458011	Pomacentrus trilineatus	Pomacentrus	Pomacentridae	Pomacentridae	Threeline Damsel	0	4	False	False	False	ineligible	below_required_observation_threshold
55185	Pomacentrus tripunctatus	Pomacentrus	Pomacentridae	Pomacentridae	Threespot Damsel	0	27	False	False	False	ineligible	below_required_observation_threshold
1416250	Pomacentrus umbratilus	Pomacentrus	Pomacentridae	Pomacentridae	Shade damselfish	0	7	False	False	False	ineligible	below_required_observation_threshold
135270	Pomacentrus vaiuli	Pomacentrus	Pomacentridae	Pomacentridae	Princess Damsel	0	162	False	False	False	ineligible	below_required_observation_threshold
110026	Pomacentrus wardi	Pomacentrus	Pomacentridae	Pomacentridae	Ward's Damsel	0	9	False	False	False	ineligible	below_required_observation_threshold
1376771	Pomacentrus xanthocercus	Pomacentrus	Pomacentridae	Pomacentridae	Atoll Demoiselle	0	4	False	False	False	ineligible	below_required_observation_threshold
619689	Pomacentrus xanthosternus	Pomacentrus	Pomacentridae	Pomacentridae	Yellowbreasted Damselfish	0	1	False	False	False	ineligible	below_required_observation_threshold
619690	Pomacentrus yoshii	Pomacentrus	Pomacentridae	Pomacentridae	Golden Demoiselle	0	7	False	False	False	ineligible	below_required_observation_threshold
619691	Pomachromis exilis	Pomachromis	Pomacentridae	Pomacentridae	Slender reef-damsel	0	2	False	False	False	ineligible	below_required_observation_threshold
619692	Pomachromis fuscidorsalis	Pomachromis	Pomacentridae	Pomacentridae	Tahitian Reef-damsel	0	2	False	False	False	ineligible	below_required_observation_threshold
334965	Pomachromis richardsoni	Pomachromis	Pomacentridae	Pomacentridae	Richardson's Damsel	0	1	False	False	False	ineligible	below_required_observation_threshold
458021	Pristotis cyanostigma	Pristotis	Pomacentridae	Pomacentridae	Bluedotted Damsel	0	2	False	False	False	ineligible	below_required_observation_threshold
1315113	Pycnochromis abruptus	Pycnochromis	Pomacentridae	Pomacentridae	Marquesan white-tail chromis	0	1	False	False	False	ineligible	below_required_observation_threshold
1316559	Pycnochromis acares	Pycnochromis	Pomacentridae	Pomacentridae	Midget Chromis	0	11	False	False	False	ineligible	below_required_observation_threshold
1316764	Pycnochromis agilis	Pycnochromis	Pomacentridae	Pomacentridae	Reef Puller	0	5	False	False	False	ineligible	below_required_observation_threshold
1315945	Pycnochromis amboinensis	Pycnochromis	Pomacentridae	Pomacentridae	Ambon Puller	0	60	False	False	False	ineligible	below_required_observation_threshold
1316763	Pycnochromis atripes	Pycnochromis	Pomacentridae	Pomacentridae	Dark-fin Chromis	0	47	False	False	False	ineligible	below_required_observation_threshold
1315395	Pycnochromis caudalis	Pycnochromis	Pomacentridae	Pomacentridae	Blue-axil Chromis	0	9	False	False	False	ineligible	below_required_observation_threshold
1315394	Pycnochromis delta	Pycnochromis	Pomacentridae	Pomacentridae	Deep Reef Chromis	0	5	False	False	False	ineligible	below_required_observation_threshold
1316762	Pycnochromis dimidiatus	Pycnochromis	Pomacentridae	Pomacentridae	Red Sea Half-and-half Chromis	0	87	False	False	False	ineligible	below_required_observation_threshold
1314828	Pycnochromis fieldi	Pycnochromis	Pomacentridae	Pomacentridae	Indian Half-and-half Chromis	0	57	False	False	False	ineligible	below_required_observation_threshold
1316129	Pycnochromis flavipectoralis	Pycnochromis	Pomacentridae	Pomacentridae	Malayan Chromis	0	2	False	False	False	ineligible	below_required_observation_threshold
1316558	Pycnochromis hanui	Pycnochromis	Pomacentridae	Pomacentridae	Chocolate-dip Chromis	0	5	False	False	False	ineligible	below_required_observation_threshold
1316139	Pycnochromis iomelas	Pycnochromis	Pomacentridae	Pomacentridae	Pacific Half-and-half Chromis	0	32	False	False	False	ineligible	below_required_observation_threshold
1315503	Pycnochromis lineatus	Pycnochromis	Pomacentridae	Pomacentridae	Lined Puller	0	8	False	False	False	ineligible	below_required_observation_threshold
1316755	Pycnochromis margaritifer	Pycnochromis	Pomacentridae	Pomacentridae	Bicolor Chromis	0	123	False	False	False	ineligible	below_required_observation_threshold
1316754	Pycnochromis nigrurus	Pycnochromis	Pomacentridae	Pomacentridae	Blacktail Chromis	0	25	False	False	False	ineligible	below_required_observation_threshold
1316753	Pycnochromis ovatiformis	Pycnochromis	Pomacentridae	Pomacentridae	Ovate Chromis	0	4	False	False	False	ineligible	below_required_observation_threshold
1313512	Pycnochromis pacifica	Pycnochromis	Pomacentridae	Pomacentridae	Pacific Bronze Chromis	0	38	False	False	False	ineligible	below_required_observation_threshold
1316752	Pycnochromis retrofasciatus	Pycnochromis	Pomacentridae	Pomacentridae	Blackbar Chromis	0	80	False	False	False	ineligible	below_required_observation_threshold
1316596	Pycnochromis vanderbilti	Pycnochromis	Pomacentridae	Pomacentridae	Blackfin Chromis	0	55	False	False	False	ineligible	below_required_observation_threshold
347662	Similiparma hermani	Similiparma	Pomacentridae	Pomacentridae	Cape Damsel	0	4	False	False	False	ineligible	below_required_observation_threshold
1256672	Similiparma lurida	Similiparma	Pomacentridae	Pomacentridae	Canary Damsel	0	145	False	False	False	ineligible	below_required_observation_threshold
49923	Stegastes adustus	Stegastes	Pomacentridae	Pomacentridae	Dusky Damselfish	0	89	False	False	False	ineligible	below_required_observation_threshold
447830	Stegastes albifasciatus	Stegastes	Pomacentridae	Pomacentridae	Whitebar Gregory	0	21	False	False	False	ineligible	below_required_observation_threshold
57343	Stegastes arcifrons	Stegastes	Pomacentridae	Pomacentridae	Galápagos Gregory	0	142	False	False	False	ineligible	below_required_observation_threshold
113103	Stegastes beebei	Stegastes	Pomacentridae	Pomacentridae	Galápagos Ringtail Damselfish	0	100	False	False	False	ineligible	below_required_observation_threshold
128185	Stegastes diencaeus	Stegastes	Pomacentridae	Pomacentridae	Longfin Damselfish	0	213	False	False	False	ineligible	below_required_observation_threshold
113104	Stegastes flavilatus	Stegastes	Pomacentridae	Pomacentridae	Beaubrummel	0	234	False	False	False	ineligible	below_required_observation_threshold
49924	Stegastes fuscus	Stegastes	Pomacentridae	Pomacentridae	Brazilian damselfish	0	40	False	False	False	ineligible	below_required_observation_threshold
63414	Stegastes imbricatus	Stegastes	Pomacentridae	Pomacentridae	Cape Verde Gregory	0	28	False	False	False	ineligible	below_required_observation_threshold
1325088	Stegastes lacrymatus	Stegastes	Pomacentridae	Pomacentridae	Jewel Damsel	0	247	False	False	False	ineligible	below_required_observation_threshold
113106	Stegastes leucorus	Stegastes	Pomacentridae	Pomacentridae	Whitetail Major	0	12	False	False	False	ineligible	below_required_observation_threshold
180708	Stegastes leucostictus	Stegastes	Pomacentridae	Pomacentridae	Beaugregory	0	194	False	False	False	ineligible	below_required_observation_threshold
485286	Stegastes limbatus	Stegastes	Pomacentridae	Pomacentridae	Ebony Gregory	0	10	False	False	False	ineligible	below_required_observation_threshold
49922	Stegastes nigricans	Stegastes	Pomacentridae	Pomacentridae	Dusky Gregory	0	178	False	False	False	ineligible	below_required_observation_threshold
619696	Stegastes otophorus	Stegastes	Pomacentridae	Pomacentridae	Freshwater gregory	0	3	False	False	False	ineligible	below_required_observation_threshold
485011	Stegastes pelicieri	Stegastes	Pomacentridae	Pomacentridae	Mauritian Gregory	0	3	False	False	False	ineligible	below_required_observation_threshold
619697	Stegastes pictus	Stegastes	Pomacentridae	Pomacentridae	yellowtip damselfish	0	6	False	False	False	ineligible	below_required_observation_threshold
484792	Stegastes punctatus	Stegastes	Pomacentridae	Pomacentridae	Bluntsnout Gregory	0	35	False	False	False	ineligible	below_required_observation_threshold
113107	Stegastes rectifraenum	Stegastes	Pomacentridae	Pomacentridae	Cortez Damselfish	0	33	False	False	False	ineligible	below_required_observation_threshold
113108	Stegastes redemptus	Stegastes	Pomacentridae	Pomacentridae	Clarión Major	0	22	False	False	False	ineligible	below_required_observation_threshold
619698	Stegastes rocasensis	Stegastes	Pomacentridae	Pomacentridae	Rocas Gregory	0	26	False	False	False	ineligible	below_required_observation_threshold
1023724	Stegastes variabilis	Stegastes	Pomacentridae	Pomacentridae	Brazilian Cocoa Damselfish	0	26	False	False	False	ineligible	below_required_observation_threshold
619700	Stegastes xanthurus	Stegastes	Pomacentridae	Pomacentridae	Caribbean Cocoa Damselfish	0	100	False	False	False	ineligible	below_required_observation_threshold
113829	Teixeirichthys jordani	Teixeirichthys	Pomacentridae	Pomacentridae	Jordan's Damsel	0	1	False	False	False	ineligible	below_required_observation_threshold
52456	Cephalopholis argus	Cephalopholis	Serranidae	Epinephelidae	Peacock Grouper	0	491	True	True	True	common_target_pretraining	requested_target_meets_licensed_abundance_threshold
96991	Cephalopholis cruentata	Cephalopholis	Serranidae	Epinephelidae	Graysby	0	422	True	False	True	broad_pretraining	global_licensed_abundance
100119	Epinephelus marginatus	Epinephelus	Serranidae	Epinephelidae	Dusky Grouper	0	353	True	False	True	broad_pretraining	global_licensed_abundance
118674	Serranus scriba	Serranus	Serranidae	Serranidae	Painted Comber	0	593	True	False	True	broad_pretraining	global_licensed_abundance
93453	Aethaloperca rogaa	Aethaloperca	Serranidae	Epinephelidae	Redmouth Grouper	0	68	False	True	False	rare_target_holdout	requested_target_below_abundance_thresholds
96992	Cephalopholis cyanostigma	Cephalopholis	Serranidae	Epinephelidae	Bluespotted Grouper	0	132	False	True	False	rare_target_holdout	requested_target_below_abundance_thresholds
49639	Cephalopholis miniata	Cephalopholis	Serranidae	Epinephelidae	Coral Grouper	0	315	False	True	False	rare_target_holdout	requested_target_below_abundance_thresholds
97004	Cephalopholis sonnerati	Cephalopholis	Serranidae	Epinephelidae	Tomato Grouper	0	20	False	True	False	rare_target_holdout	requested_target_below_abundance_thresholds
97007	Cephalopholis urodeta	Cephalopholis	Serranidae	Epinephelidae	Flagtail Grouper	0	128	False	True	False	rare_target_holdout	requested_target_below_abundance_thresholds
100077	Epinephelus areolatus	Epinephelus	Serranidae	Epinephelidae	Areolate Grouper	0	17	False	True	False	rare_target_holdout	requested_target_below_abundance_thresholds
100099	Epinephelus fasciatus	Epinephelus	Serranidae	Epinephelidae	Blacktip Grouper	0	263	False	True	False	rare_target_holdout	requested_target_below_abundance_thresholds
100121	Epinephelus merra	Epinephelus	Serranidae	Epinephelidae	Honeycomb Grouper	0	331	False	True	False	rare_target_holdout	requested_target_below_abundance_thresholds
114929	Variola albimarginata	Variola	Serranidae	Epinephelidae	White-edged Lyretail	0	31	False	True	False	rare_target_holdout	requested_target_below_abundance_thresholds
93714	Alphestes immaculatus	Alphestes	Serranidae	Epinephelidae	Pacific Mutton Hamlet	0	54	False	False	False	ineligible	below_required_observation_threshold
93715	Alphestes multiguttatus	Alphestes	Serranidae	Epinephelidae	Rivulated Mutton Hamlet	0	6	False	False	False	ineligible	below_required_observation_threshold
94231	Anyperodon leucogrammicus	Anyperodon	Serranidae	Epinephelidae	Slender Grouper	0	123	False	False	False	ineligible	below_required_observation_threshold
179641	Centropristis ocyurus	Centropristis	Serranidae	Serranidae	Bank Sea Bass	0	2	False	False	False	ineligible	below_required_observation_threshold
179639	Centropristis philadelphica	Centropristis	Serranidae	Serranidae	Rock Sea Bass	0	2	False	False	False	ineligible	below_required_observation_threshold
83439	Centropristis striata	Centropristis	Serranidae	Serranidae	Black Sea Bass	0	129	False	False	False	ineligible	below_required_observation_threshold
96989	Cephalopholis aurantia	Cephalopholis	Serranidae	Epinephelidae	Golden Hind	0	1	False	False	False	ineligible	below_required_observation_threshold
96990	Cephalopholis boenak	Cephalopholis	Serranidae	Epinephelidae	Chocolate Grouper	0	102	False	False	False	ineligible	below_required_observation_threshold
1439800	Cephalopholis colonus	Cephalopholis	Serranidae	Epinephelidae	Pacific Creolefish	0	152	False	False	False	ineligible	below_required_observation_threshold
54941	Cephalopholis formosa	Cephalopholis	Serranidae	Epinephelidae	Bluelined Rockcod	0	79	False	False	False	ineligible	below_required_observation_threshold
96993	Cephalopholis fulva	Cephalopholis	Serranidae	Epinephelidae	Coney	0	255	False	False	False	ineligible	below_required_observation_threshold
96994	Cephalopholis hemistiktos	Cephalopholis	Serranidae	Epinephelidae	Yellowfin Hind	0	83	False	False	False	ineligible	below_required_observation_threshold
96996	Cephalopholis leopardus	Cephalopholis	Serranidae	Epinephelidae	Leopard Grouper	0	55	False	False	False	ineligible	below_required_observation_threshold
96997	Cephalopholis microprion	Cephalopholis	Serranidae	Epinephelidae	Freckled Grouper	0	23	False	False	False	ineligible	below_required_observation_threshold
96998	Cephalopholis nigri	Cephalopholis	Serranidae	Epinephelidae	Niger Hind	0	3	False	False	False	ineligible	below_required_observation_threshold
187213	Cephalopholis nigripinnis	Cephalopholis	Serranidae	Epinephelidae	Darkfin Hind	0	14	False	False	False	ineligible	below_required_observation_threshold
96999	Cephalopholis oligosticta	Cephalopholis	Serranidae	Epinephelidae	Vermilion Hind	0	1	False	False	False	ineligible	below_required_observation_threshold
97000	Cephalopholis panamensis	Cephalopholis	Serranidae	Epinephelidae	Pacific Graysby	0	206	False	False	False	ineligible	below_required_observation_threshold
97001	Cephalopholis polleni	Cephalopholis	Serranidae	Epinephelidae	Harlequin Hind	0	1	False	False	False	ineligible	below_required_observation_threshold
97002	Cephalopholis polyspila	Cephalopholis	Serranidae	Epinephelidae	Andaman Hind	0	8	False	False	False	ineligible	below_required_observation_threshold
97003	Cephalopholis sexmaculata	Cephalopholis	Serranidae	Epinephelidae	Saddle Grouper	0	36	False	False	False	ineligible	below_required_observation_threshold
97005	Cephalopholis spiloparaea	Cephalopholis	Serranidae	Epinephelidae	Strawberry Grouper	0	25	False	False	False	ineligible	below_required_observation_threshold
97006	Cephalopholis taeniops	Cephalopholis	Serranidae	Epinephelidae	African Hind	0	29	False	False	False	ineligible	below_required_observation_threshold
1316661	Chromileptes altivelis	Chromileptes	Serranidae	Epinephelidae	Humpback Grouper	0	53	False	False	False	ineligible	below_required_observation_threshold
98625	Cratinus agassizii	Cratinus	Serranidae	Serranidae		0	1	False	False	False	ineligible	below_required_observation_threshold
83293	Dermatolepis dermatolepis	Dermatolepis	Serranidae	Epinephelidae	Leather Bass	0	35	False	False	False	ineligible	below_required_observation_threshold
82505	Dermatolepis inermis	Dermatolepis	Serranidae	Epinephelidae	Marbled Grouper	0	1	False	False	False	ineligible	below_required_observation_threshold
99207	Dermatolepis striolata	Dermatolepis	Serranidae	Epinephelidae	Smooth Grouper	0	7	False	False	False	ineligible	below_required_observation_threshold
131458	Diplectrum bivittatum	Diplectrum	Serranidae	Serranidae	Dwarf Sand Perch	0	6	False	False	False	ineligible	below_required_observation_threshold
99333	Diplectrum euryplectrum	Diplectrum	Serranidae	Serranidae	Bighead Sand Perch	0	1	False	False	False	ineligible	below_required_observation_threshold
49421	Diplectrum formosum	Diplectrum	Serranidae	Serranidae	Sand Perch	0	58	False	False	False	ineligible	below_required_observation_threshold
620578	Diplectrum radiale	Diplectrum	Serranidae	Serranidae	Pond Perch	0	2	False	False	False	ineligible	below_required_observation_threshold
49496	Epinephelus adscensionis	Epinephelus	Serranidae	Epinephelidae	Rock Hind	0	14	False	False	False	ineligible	below_required_observation_threshold
68118	Epinephelus aeneus	Epinephelus	Serranidae	Epinephelidae	White Grouper	0	8	False	False	False	ineligible	below_required_observation_threshold
49638	Epinephelus akaara	Epinephelus	Serranidae	Epinephelidae	Hong Kong Grouper	0	9	False	False	False	ineligible	below_required_observation_threshold
100075	Epinephelus analogus	Epinephelus	Serranidae	Epinephelidae	Spotted Grouper	0	5	False	False	False	ineligible	below_required_observation_threshold
100076	Epinephelus andersoni	Epinephelus	Serranidae	Epinephelidae	Catface Grouper	0	3	False	False	False	ineligible	below_required_observation_threshold
100078	Epinephelus awoara	Epinephelus	Serranidae	Epinephelidae	Yellow Grouper	0	3	False	False	False	ineligible	below_required_observation_threshold
100079	Epinephelus bilobatus	Epinephelus	Serranidae	Epinephelidae	Twinspot Grouper	0	2	False	False	False	ineligible	below_required_observation_threshold
100080	Epinephelus bleekeri	Epinephelus	Serranidae	Epinephelidae	Duskytail Grouper	0	1	False	False	False	ineligible	below_required_observation_threshold
100081	Epinephelus bontoides	Epinephelus	Serranidae	Epinephelidae	Palemargin Grouper	0	1	False	False	False	ineligible	below_required_observation_threshold
52556	Epinephelus chlorostigma	Epinephelus	Serranidae	Epinephelidae	Brownspotted Grouper	0	1	False	False	False	ineligible	below_required_observation_threshold
100087	Epinephelus clippertonensis	Epinephelus	Serranidae	Epinephelidae	Clipperton Grouper	0	11	False	False	False	ineligible	below_required_observation_threshold
100088	Epinephelus coeruleopunctatus	Epinephelus	Serranidae	Epinephelidae	Whitespotted Grouper	0	45	False	False	False	ineligible	below_required_observation_threshold
100089	Epinephelus coioides	Epinephelus	Serranidae	Epinephelidae	Goldspotted Rockcod	0	54	False	False	False	ineligible	below_required_observation_threshold
100090	Epinephelus corallicola	Epinephelus	Serranidae	Epinephelidae	Coral Grouper	0	20	False	False	False	ineligible	below_required_observation_threshold
100091	Epinephelus costae	Epinephelus	Serranidae	Epinephelidae	Gold Blotch Grouper	0	67	False	False	False	ineligible	below_required_observation_threshold
100092	Epinephelus cyanopodus	Epinephelus	Serranidae	Epinephelidae	Purple Rockcod	0	6	False	False	False	ineligible	below_required_observation_threshold
100093	Epinephelus daemelii	Epinephelus	Serranidae	Epinephelidae	Black Rockcod	0	8	False	False	False	ineligible	below_required_observation_threshold
100094	Epinephelus diacanthus	Epinephelus	Serranidae	Epinephelidae	Spinycheek Grouper	0	8	False	False	False	ineligible	below_required_observation_threshold
100097	Epinephelus erythrurus	Epinephelus	Serranidae	Epinephelidae	Cloudy Grouper	0	7	False	False	False	ineligible	below_required_observation_threshold
100098	Epinephelus fasciatomaculosus	Epinephelus	Serranidae	Epinephelidae	Rock Grouper	0	1	False	False	False	ineligible	below_required_observation_threshold
100100	Epinephelus faveatus	Epinephelus	Serranidae	Epinephelidae	Barred-chest Grouper	0	4	False	False	False	ineligible	below_required_observation_threshold
100101	Epinephelus flavocaeruleus	Epinephelus	Serranidae	Epinephelidae	Blue-and-yellow Grouper	0	12	False	False	False	ineligible	below_required_observation_threshold
56559	Epinephelus fuscoguttatus	Epinephelus	Serranidae	Epinephelidae	Flowery Rockcod	0	69	False	False	False	ineligible	below_required_observation_threshold
1090924	Epinephelus geoffroyi	Epinephelus	Serranidae	Epinephelidae	Red Sea Spotted Grouper	0	4	False	False	False	ineligible	below_required_observation_threshold
100104	Epinephelus guttatus	Epinephelus	Serranidae	Epinephelidae	Red Hind	0	79	False	False	False	ineligible	below_required_observation_threshold
100106	Epinephelus hexagonatus	Epinephelus	Serranidae	Epinephelidae	Wirenet Rockcod	0	22	False	False	False	ineligible	below_required_observation_threshold
100107	Epinephelus howlandi	Epinephelus	Serranidae	Epinephelidae	Blacksaddle Rockcod	0	7	False	False	False	ineligible	below_required_observation_threshold
100110	Epinephelus itajara	Epinephelus	Serranidae	Epinephelidae	Atlantic Goliath Grouper	0	21	False	False	False	ineligible	below_required_observation_threshold
67529	Epinephelus labriformis	Epinephelus	Serranidae	Epinephelidae	Starry Grouper	0	269	False	False	False	ineligible	below_required_observation_threshold
100111	Epinephelus lanceolatus	Epinephelus	Serranidae	Epinephelidae	Giant Grouper	0	23	False	False	False	ineligible	below_required_observation_threshold
100112	Epinephelus latifasciatus	Epinephelus	Serranidae	Epinephelidae	Striped Grouper	0	1	False	False	False	ineligible	below_required_observation_threshold
100114	Epinephelus longispinis	Epinephelus	Serranidae	Epinephelidae	Longspine Grouper	0	9	False	False	False	ineligible	below_required_observation_threshold
100115	Epinephelus macrospilos	Epinephelus	Serranidae	Epinephelidae	Snubnose Grouper	0	24	False	False	False	ineligible	below_required_observation_threshold
100116	Epinephelus maculatus	Epinephelus	Serranidae	Epinephelidae	Highfin Grouper	0	26	False	False	False	ineligible	below_required_observation_threshold
100118	Epinephelus malabaricus	Epinephelus	Serranidae	Epinephelidae	Malabar Grouper	0	18	False	False	False	ineligible	below_required_observation_threshold
100120	Epinephelus melanostigma	Epinephelus	Serranidae	Epinephelidae	Oneblotch Grouper	0	1	False	False	False	ineligible	below_required_observation_threshold
49637	Epinephelus morio	Epinephelus	Serranidae	Epinephelidae	Red Grouper	0	19	False	False	False	ineligible	below_required_observation_threshold
100123	Epinephelus multinotatus	Epinephelus	Serranidae	Epinephelidae	Rankin Cod	0	8	False	False	False	ineligible	below_required_observation_threshold
100124	Epinephelus ongus	Epinephelus	Serranidae	Epinephelidae	Specklefin Grouper	0	60	False	False	False	ineligible	below_required_observation_threshold
100127	Epinephelus polyphekadion	Epinephelus	Serranidae	Epinephelidae	Camouflage Grouper	0	57	False	False	False	ineligible	below_required_observation_threshold
100129	Epinephelus posteli	Epinephelus	Serranidae	Epinephelidae	Stripedfin Grouper	0	12	False	False	False	ineligible	below_required_observation_threshold
187370	Epinephelus quinquefasciatus	Epinephelus	Serranidae	Epinephelidae	Pacific Goliath Grouper	0	9	False	False	False	ineligible	below_required_observation_threshold
100130	Epinephelus quoyanus	Epinephelus	Serranidae	Epinephelidae	Longfin Rockcod	0	100	False	False	False	ineligible	below_required_observation_threshold
100133	Epinephelus rivulatus	Epinephelus	Serranidae	Epinephelidae	Halfmoon Grouper	0	50	False	False	False	ineligible	below_required_observation_threshold
100134	Epinephelus sexfasciatus	Epinephelus	Serranidae	Epinephelidae	Sixbar Grouper	0	3	False	False	False	ineligible	below_required_observation_threshold
100136	Epinephelus spilotoceps	Epinephelus	Serranidae	Epinephelidae	Foursaddle Grouper	0	35	False	False	False	ineligible	below_required_observation_threshold
100138	Epinephelus stoliczkae	Epinephelus	Serranidae	Epinephelidae	Epaulette Grouper	0	5	False	False	False	ineligible	below_required_observation_threshold
49746	Epinephelus striatus	Epinephelus	Serranidae	Epinephelidae	Nassau Grouper	0	140	False	False	False	ineligible	below_required_observation_threshold
100140	Epinephelus summana	Epinephelus	Serranidae	Epinephelidae	Summan Grouper	0	13	False	False	False	ineligible	below_required_observation_threshold
100141	Epinephelus tauvina	Epinephelus	Serranidae	Epinephelidae	Greasy Rockcod	0	49	False	False	False	ineligible	below_required_observation_threshold
53857	Epinephelus tukula	Epinephelus	Serranidae	Epinephelidae	Potato Rockcod	0	29	False	False	False	ineligible	below_required_observation_threshold
100146	Epinephelus undulosus	Epinephelus	Serranidae	Epinephelidae	Wavy-lined Grouper	0	1	False	False	False	ineligible	below_required_observation_threshold
50346	Gonioplectrus hispanus	Gonioplectrus	Serranidae	Epinephelidae	Spanish Flag	0	1	False	False	False	ineligible	below_required_observation_threshold
101780	Gracila albomarginata	Gracila	Serranidae	Epinephelidae	Masked Grouper	0	38	False	False	False	ineligible	below_required_observation_threshold
317161	Hypoplectrus aberrans	Hypoplectrus	Serranidae	Serranidae	Yellowbelly Hamlet	0	15	False	False	False	ineligible	below_required_observation_threshold
1360073	Hypoplectrus affinis	Hypoplectrus	Serranidae	Serranidae	Bluelip Hamlet	0	11	False	False	False	ineligible	below_required_observation_threshold
131476	Hypoplectrus chlorurus	Hypoplectrus	Serranidae	Serranidae	Yellowtail Hamlet	0	100	False	False	False	ineligible	below_required_observation_threshold
620588	Hypoplectrus floridae	Hypoplectrus	Serranidae	Serranidae	Florida Hamlet	0	1	False	False	False	ineligible	below_required_observation_threshold
49685	Hypoplectrus gemma	Hypoplectrus	Serranidae	Serranidae	Blue Hamlet	0	1	False	False	False	ineligible	below_required_observation_threshold
180711	Hypoplectrus gummigutta	Hypoplectrus	Serranidae	Serranidae	Golden Hamlet	0	1	False	False	False	ineligible	below_required_observation_threshold
180710	Hypoplectrus guttavarius	Hypoplectrus	Serranidae	Serranidae	Shy Hamlet	0	10	False	False	False	ineligible	below_required_observation_threshold
180709	Hypoplectrus indigo	Hypoplectrus	Serranidae	Serranidae	Indigo Hamlet	0	56	False	False	False	ineligible	below_required_observation_threshold
131475	Hypoplectrus nigricans	Hypoplectrus	Serranidae	Serranidae	Black Hamlet	0	19	False	False	False	ineligible	below_required_observation_threshold
103146	Hypoplectrus providencianus	Hypoplectrus	Serranidae	Serranidae	Masked Hamlet	0	14	False	False	False	ineligible	below_required_observation_threshold
130051	Hypoplectrus puella	Hypoplectrus	Serranidae	Serranidae	Barred Hamlet	0	156	False	False	False	ineligible	below_required_observation_threshold
620590	Hypoplectrus randallorum	Hypoplectrus	Serranidae	Serranidae	Tan Hamlet	0	6	False	False	False	ineligible	below_required_observation_threshold
130052	Hypoplectrus unicolor	Hypoplectrus	Serranidae	Serranidae	Butter Hamlet	0	116	False	False	False	ineligible	below_required_observation_threshold
103154	Hyporthodus acanthistius	Hyporthodus	Serranidae	Epinephelidae	Rooster Hind	0	3	False	False	False	ineligible	below_required_observation_threshold
103158	Hyporthodus flavolimbatus	Hyporthodus	Serranidae	Epinephelidae	Yellow-edge Grouper	0	1	False	False	False	ineligible	below_required_observation_threshold
103161	Hyporthodus nigritus	Hyporthodus	Serranidae	Epinephelidae	Warsaw Grouper	0	1	False	False	False	ineligible	below_required_observation_threshold
103162	Hyporthodus niphobles	Hyporthodus	Serranidae	Epinephelidae	Starstudded Grouper	0	1	False	False	False	ineligible	below_required_observation_threshold
103163	Hyporthodus niveatus	Hyporthodus	Serranidae	Epinephelidae	Snowy Grouper	0	15	False	False	False	ineligible	below_required_observation_threshold
106304	Mycteroperca acutirostris	Mycteroperca	Serranidae	Epinephelidae	Comb Grouper	0	7	False	False	False	ineligible	below_required_observation_threshold
47761	Mycteroperca bonaci	Mycteroperca	Serranidae	Epinephelidae	Black Grouper	0	77	False	False	False	ineligible	below_required_observation_threshold
106306	Mycteroperca fusca	Mycteroperca	Serranidae	Epinephelidae	Island Grouper	0	279	False	False	False	ineligible	below_required_observation_threshold
64466	Mycteroperca interstitialis	Mycteroperca	Serranidae	Epinephelidae	Yellowmouth Grouper	0	13	False	False	False	ineligible	below_required_observation_threshold
106307	Mycteroperca jordani	Mycteroperca	Serranidae	Epinephelidae	Gulf Grouper	0	3	False	False	False	ineligible	below_required_observation_threshold
106308	Mycteroperca microlepis	Mycteroperca	Serranidae	Epinephelidae	Gag Grouper	0	14	False	False	False	ineligible	below_required_observation_threshold
106309	Mycteroperca olfax	Mycteroperca	Serranidae	Epinephelidae	Sailfin Grouper	0	15	False	False	False	ineligible	below_required_observation_threshold
106310	Mycteroperca phenax	Mycteroperca	Serranidae	Epinephelidae	Scamp Grouper	0	7	False	False	False	ineligible	below_required_observation_threshold
106312	Mycteroperca rosacea	Mycteroperca	Serranidae	Epinephelidae	Leopard Grouper	0	34	False	False	False	ineligible	below_required_observation_threshold
64452	Mycteroperca rubra	Mycteroperca	Serranidae	Epinephelidae	Mottled Grouper	0	20	False	False	False	ineligible	below_required_observation_threshold
64470	Mycteroperca tigris	Mycteroperca	Serranidae	Epinephelidae	Tiger Grouper	0	54	False	False	False	ineligible	below_required_observation_threshold
64476	Mycteroperca venenosa	Mycteroperca	Serranidae	Epinephelidae	Yellowfin Grouper	0	18	False	False	False	ineligible	below_required_observation_threshold
106313	Mycteroperca xenarcha	Mycteroperca	Serranidae	Epinephelidae	Broomtail Grouper	0	2	False	False	False	ineligible	below_required_observation_threshold
108546	Paralabrax callaensis	Paralabrax	Serranidae	Serranidae		0	1	False	False	False	ineligible	below_required_observation_threshold
108547	Paralabrax clathratus	Paralabrax	Serranidae	Serranidae	Kelp Bass	0	147	False	False	False	ineligible	below_required_observation_threshold
108551	Paralabrax maculatofasciatus	Paralabrax	Serranidae	Serranidae	Spotted Sand Bass	0	26	False	False	False	ineligible	below_required_observation_threshold
108552	Paralabrax nebulifer	Paralabrax	Serranidae	Serranidae	Barred Sand Bass	0	23	False	False	False	ineligible	below_required_observation_threshold
108614	Paranthias furcifer	Paranthias	Serranidae	Epinephelidae	Atlantic Creolefish	0	71	False	False	False	ineligible	below_required_observation_threshold
109741	Plectropomus areolatus	Plectropomus	Serranidae	Epinephelidae	Squaretail Coralgrouper	0	41	False	False	False	ineligible	below_required_observation_threshold
109742	Plectropomus laevis	Plectropomus	Serranidae	Epinephelidae	Blacksaddle Coralgrouper	0	98	False	False	False	ineligible	below_required_observation_threshold
109743	Plectropomus leopardus	Plectropomus	Serranidae	Epinephelidae	Leopard Coralgrouper	0	208	False	False	False	ineligible	below_required_observation_threshold
109744	Plectropomus maculatus	Plectropomus	Serranidae	Epinephelidae	Spotted Coral Grouper	0	33	False	False	False	ineligible	below_required_observation_threshold
1315284	Plectropomus marisrubri	Plectropomus	Serranidae	Epinephelidae	Red Sea Leopard Grouper	0	12	False	False	False	ineligible	below_required_observation_threshold
109745	Plectropomus oligacanthus	Plectropomus	Serranidae	Epinephelidae	Highfin Coralgrouper	0	31	False	False	False	ineligible	below_required_observation_threshold
109747	Plectropomus punctatus	Plectropomus	Serranidae	Epinephelidae	Marbled Coralgrouper	0	15	False	False	False	ineligible	below_required_observation_threshold
131482	Schultzea beta	Schultzea	Serranidae	Serranidae	School Bass	0	1	False	False	False	ineligible	below_required_observation_threshold
317377	Serraniculus pumilio	Serraniculus	Serranidae	Serranidae	Pygmy Sea Bass	0	7	False	False	False	ineligible	below_required_observation_threshold
147143	Serranus annularis	Serranus	Serranidae	Serranidae	Orangeback Bass	0	1	False	False	False	ineligible	below_required_observation_threshold
112497	Serranus atricauda	Serranus	Serranidae	Serranidae	Blacktail Comber	0	105	False	False	False	ineligible	below_required_observation_threshold
131389	Serranus baldwini	Serranus	Serranidae	Serranidae	Lantern Bass	0	44	False	False	False	ineligible	below_required_observation_threshold
118675	Serranus cabrilla	Serranus	Serranidae	Serranidae	Comber	0	187	False	False	False	ineligible	below_required_observation_threshold
620719	Serranus flaviventris	Serranus	Serranidae	Serranidae	Twinspot Bass	0	1	False	False	False	ineligible	below_required_observation_threshold
118673	Serranus hepatus	Serranus	Serranidae	Serranidae	Brown Comber	0	39	False	False	False	ineligible	below_required_observation_threshold
620722	Serranus novemcinctus	Serranus	Serranidae	Serranidae	Barred Rockcod	0	1	False	False	False	ineligible	below_required_observation_threshold
1316085	Serranus papilionaceus	Serranus	Serranidae	Serranidae	Butterfly-winged Comber	0	59	False	False	False	ineligible	below_required_observation_threshold
179460	Serranus phoebe	Serranus	Serranidae	Serranidae	Phoebe	0	2	False	False	False	ineligible	below_required_observation_threshold
112499	Serranus psittacinus	Serranus	Serranidae	Serranidae	Barred Serrano	0	71	False	False	False	ineligible	below_required_observation_threshold
179459	Serranus subligarius	Serranus	Serranidae	Serranidae	Belted Sandfish	0	17	False	False	False	ineligible	below_required_observation_threshold
131484	Serranus tabacarius	Serranus	Serranidae	Serranidae	Tobaccofish	0	48	False	False	False	ineligible	below_required_observation_threshold
49747	Serranus tigrinus	Serranus	Serranidae	Serranidae	Harlequin Bass	0	203	False	False	False	ineligible	below_required_observation_threshold
131483	Serranus tortugarum	Serranus	Serranidae	Serranidae	Chalk Bass	0	22	False	False	False	ineligible	below_required_observation_threshold
114930	Variola louti	Variola	Serranidae	Epinephelidae	Yellow-edged Lyretail	0	118	False	False	False	ineligible	below_required_observation_threshold
180402	Siganus guttatus	Siganus	Siganidae	Siganidae	Golden Rabbitfish	0	118	False	True	False	rare_target_holdout	requested_target_below_abundance_thresholds
135218	Siganus puellus	Siganus	Siganidae	Siganidae	Masked Rabbitfish	0	110	False	True	False	rare_target_holdout	requested_target_below_abundance_thresholds
180395	Siganus virgatus	Siganus	Siganidae	Siganidae	Doublebar Rabbitfish	0	181	False	True	False	rare_target_holdout	requested_target_below_abundance_thresholds
318323	Siganus vulpinus	Siganus	Siganidae	Siganidae	Foxface	0	145	False	True	False	rare_target_holdout	requested_target_below_abundance_thresholds
84095	Siganus argenteus	Siganus	Siganidae	Siganidae	Forktail Rabbitfish	0	61	False	False	False	ineligible	below_required_observation_threshold
123229	Siganus canaliculatus	Siganus	Siganidae	Siganidae	White-spotted Rabbitfish	0	8	False	False	False	ineligible	below_required_observation_threshold
180397	Siganus corallinus	Siganus	Siganidae	Siganidae	Coral Rabbitfish	0	152	False	False	False	ineligible	below_required_observation_threshold
180396	Siganus doliatus	Siganus	Siganidae	Siganidae	Barred Rabbitfish	0	191	False	False	False	ineligible	below_required_observation_threshold
132412	Siganus fuscescens	Siganus	Siganidae	Siganidae	Dusky Rabbitfish	0	118	False	False	False	ineligible	below_required_observation_threshold
620791	Siganus insomnis	Siganus	Siganidae	Siganidae	bronze-lined spinefoot	0	6	False	False	False	ineligible	below_required_observation_threshold
123228	Siganus javus	Siganus	Siganidae	Siganidae	Java Rabbitfish	0	125	False	False	False	ineligible	below_required_observation_threshold
1315541	Siganus laqueus	Siganus	Siganidae	Siganidae	Brown Spotted Rabbitfish	0	18	False	False	False	ineligible	below_required_observation_threshold
123227	Siganus lineatus	Siganus	Siganidae	Siganidae	Goldlined Rabbitfish	0	64	False	False	False	ineligible	below_required_observation_threshold
120634	Siganus luridus	Siganus	Siganidae	Siganidae	Dusky Spinefoot	0	156	False	False	False	ineligible	below_required_observation_threshold
112567	Siganus magnificus	Siganus	Siganidae	Siganidae	Magnificent Rabbitfish	0	11	False	False	False	ineligible	below_required_observation_threshold
180401	Siganus puelloides	Siganus	Siganidae	Siganidae	Blackeye Rabbitfish	0	8	False	False	False	ineligible	below_required_observation_threshold
424291	Siganus punctatissimus	Siganus	Siganidae	Siganidae	Finespotted Rabbitfish	0	6	False	False	False	ineligible	below_required_observation_threshold
180399	Siganus punctatus	Siganus	Siganidae	Siganidae	Spotted Rabbitfish	0	54	False	False	False	ineligible	below_required_observation_threshold
112568	Siganus rivulatus	Siganus	Siganidae	Siganidae	Rivulated Rabbitfish	0	167	False	False	False	ineligible	below_required_observation_threshold
132413	Siganus spinus	Siganus	Siganidae	Siganidae	Scribbled Rabbitfish	0	102	False	False	False	ineligible	below_required_observation_threshold
180400	Siganus stellatus	Siganus	Siganidae	Siganidae	Honeycomb Rabbitfish	0	25	False	False	False	ineligible	below_required_observation_threshold
471653	Siganus sutor	Siganus	Siganidae	Siganidae	Whitespotted Rabbitfish	0	26	False	False	False	ineligible	below_required_observation_threshold
524130	Siganus trispilos	Siganus	Siganidae	Siganidae	Threespot Rabbitfish	0	7	False	False	False	ineligible	below_required_observation_threshold
318322	Siganus unimaculatus	Siganus	Siganidae	Siganidae	Blackblotch Foxface	0	5	False	False	False	ineligible	below_required_observation_threshold
180398	Siganus uspi	Siganus	Siganidae	Siganidae	Bicolor Rabbitfish	0	26	False	False	False	ineligible	below_required_observation_threshold
188399	Siganus vermiculatus	Siganus	Siganidae	Siganidae	Maze Rabbitfish	0	12	False	False	False	ineligible	below_required_observation_threshold
144017	Arothron hispidus	Arothron	Tetraodontidae	Tetraodontidae	White-spotted Puffer	0	466	True	True	True	common_target_pretraining	requested_target_meets_licensed_abundance_threshold
119385	Arothron nigropunctatus	Arothron	Tetraodontidae	Tetraodontidae	Blackspotted Puffer	0	519	True	True	True	common_target_pretraining	requested_target_meets_licensed_abundance_threshold
83318	Arothron meleagris	Arothron	Tetraodontidae	Tetraodontidae	Guineafowl Puffer	0	688	True	False	True	broad_pretraining	global_licensed_abundance
128857	Canthigaster rostrata	Canthigaster	Tetraodontidae	Tetraodontidae	Caribbean Sharpnose Puffer	0	391	True	False	True	broad_pretraining	global_licensed_abundance
153278	Arothron caeruleopunctatus	Arothron	Tetraodontidae	Tetraodontidae	Bluespotted Puffer	0	40	False	True	False	rare_target_holdout	requested_target_below_abundance_thresholds
196935	Arothron manilensis	Arothron	Tetraodontidae	Tetraodontidae	Narrowlined Puffer	0	122	False	True	False	rare_target_holdout	requested_target_below_abundance_thresholds
196933	Canthigaster bennetti	Canthigaster	Tetraodontidae	Tetraodontidae	Whitebelly Toby	0	66	False	True	False	rare_target_holdout	requested_target_below_abundance_thresholds
196943	Canthigaster compressa	Canthigaster	Tetraodontidae	Tetraodontidae	Fingerprint Toby	0	48	False	True	False	rare_target_holdout	requested_target_below_abundance_thresholds
196932	Canthigaster papua	Canthigaster	Tetraodontidae	Tetraodontidae	Papuan Toby	0	69	False	True	False	rare_target_holdout	requested_target_below_abundance_thresholds
129549	Canthigaster valentini	Canthigaster	Tetraodontidae	Tetraodontidae	Blacksaddle Toby	0	298	False	True	False	rare_target_holdout	requested_target_below_abundance_thresholds
1316529	Amblyrhynchote honckenii	Amblyrhynchote	Tetraodontidae	Tetraodontidae	Evileye Blaasop	0	66	False	False	False	ineligible	below_required_observation_threshold
335075	Arothron diadematus	Arothron	Tetraodontidae	Tetraodontidae	Masked Puffer	0	192	False	False	False	ineligible	below_required_observation_threshold
445671	Arothron firmamentum	Arothron	Tetraodontidae	Tetraodontidae	Starry Toadfish	0	9	False	False	False	ineligible	below_required_observation_threshold
415123	Arothron immaculatus	Arothron	Tetraodontidae	Tetraodontidae	Yellow-eyed Puffer	0	35	False	False	False	ineligible	below_required_observation_threshold
445672	Arothron inconditus	Arothron	Tetraodontidae	Tetraodontidae	Belly-striped Puffer	0	10	False	False	False	ineligible	below_required_observation_threshold
124906	Arothron mappa	Arothron	Tetraodontidae	Tetraodontidae	Map Puffer	0	121	False	False	False	ineligible	below_required_observation_threshold
621534	Arothron multilineatus	Arothron	Tetraodontidae	Tetraodontidae	Multilined Puffer	0	2	False	False	False	ineligible	below_required_observation_threshold
445674	Arothron reticularis	Arothron	Tetraodontidae	Tetraodontidae	Reticulated Puffer	0	8	False	False	False	ineligible	below_required_observation_threshold
196936	Arothron stellatus	Arothron	Tetraodontidae	Tetraodontidae	Starry Puffer	0	166	False	False	False	ineligible	below_required_observation_threshold
82169	Canthigaster amboinensis	Canthigaster	Tetraodontidae	Tetraodontidae	Ambon Toby	0	73	False	False	False	ineligible	below_required_observation_threshold
445720	Canthigaster axiologus	Canthigaster	Tetraodontidae	Tetraodontidae	Pacific Crown Toby	0	5	False	False	False	ineligible	below_required_observation_threshold
445721	Canthigaster callisterna	Canthigaster	Tetraodontidae	Tetraodontidae	Clown Toby	0	26	False	False	False	ineligible	below_required_observation_threshold
128858	Canthigaster capistrata	Canthigaster	Tetraodontidae	Tetraodontidae	Macaronesian Toby	0	91	False	False	False	ineligible	below_required_observation_threshold
122031	Canthigaster coronata	Canthigaster	Tetraodontidae	Tetraodontidae	Hawaiian Crown Toby	0	19	False	False	False	ineligible	below_required_observation_threshold
354516	Canthigaster cyanospilota	Canthigaster	Tetraodontidae	Tetraodontidae	Blue-spotted Toby	0	15	False	False	False	ineligible	below_required_observation_threshold
121758	Canthigaster epilampra	Canthigaster	Tetraodontidae	Tetraodontidae	Lantern Toby	0	4	False	False	False	ineligible	below_required_observation_threshold
128856	Canthigaster figueiredoi	Canthigaster	Tetraodontidae	Tetraodontidae	Southern Atlantic Toby	0	2	False	False	False	ineligible	below_required_observation_threshold
123147	Canthigaster jactator	Canthigaster	Tetraodontidae	Tetraodontidae	Hawaiian Spotted Toby	0	216	False	False	False	ineligible	below_required_observation_threshold
123146	Canthigaster janthinoptera	Canthigaster	Tetraodontidae	Tetraodontidae	Honeycomb Toby	0	22	False	False	False	ineligible	below_required_observation_threshold
362166	Canthigaster margaritata	Canthigaster	Tetraodontidae	Tetraodontidae	Pearl Toby	0	60	False	False	False	ineligible	below_required_observation_threshold
445727	Canthigaster natalensis	Canthigaster	Tetraodontidae	Tetraodontidae	Natal Toby	0	7	False	False	False	ineligible	below_required_observation_threshold
445728	Canthigaster petersii	Canthigaster	Tetraodontidae	Tetraodontidae	Peter's Toby	0	28	False	False	False	ineligible	below_required_observation_threshold
445729	Canthigaster punctata	Canthigaster	Tetraodontidae	Tetraodontidae	Sand Toby	0	4	False	False	False	ineligible	below_required_observation_threshold
96714	Canthigaster punctatissima	Canthigaster	Tetraodontidae	Tetraodontidae	Spotted Sharpnose Puffer	0	139	False	False	False	ineligible	below_required_observation_threshold
445730	Canthigaster pygmaea	Canthigaster	Tetraodontidae	Tetraodontidae	Pygmy Toby	0	2	False	False	False	ineligible	below_required_observation_threshold
347529	Canthigaster rivulata	Canthigaster	Tetraodontidae	Tetraodontidae	Ocellate Toby	0	17	False	False	False	ineligible	below_required_observation_threshold
445731	Canthigaster smithae	Canthigaster	Tetraodontidae	Tetraodontidae	Bicolored Toby	0	8	False	False	False	ineligible	below_required_observation_threshold
193920	Canthigaster solandri	Canthigaster	Tetraodontidae	Tetraodontidae	Spotted Toby	0	124	False	False	False	ineligible	below_required_observation_threshold
128855	Canthigaster supramacula	Canthigaster	Tetraodontidae	Tetraodontidae	West African Sharpnose Puffer	0	2	False	False	False	ineligible	below_required_observation_threshold
445732	Canthigaster tyleri	Canthigaster	Tetraodontidae	Tetraodontidae	Tyler's Toby	0	3	False	False	False	ineligible	below_required_observation_threshold
187210	Carinotetraodon lorteti	Carinotetraodon	Tetraodontidae	Tetraodontidae	Redeye Puffer	0	1	False	False	False	ineligible	below_required_observation_threshold
96797	Carinotetraodon travancoricus	Carinotetraodon	Tetraodontidae	Tetraodontidae	Dwarf Indian Puffer	0	10	False	False	False	ineligible	below_required_observation_threshold
1595787	Chelonodon kappa	Chelonodon	Tetraodontidae	Tetraodontidae	Milkspot Toadfish	0	30	False	False	False	ineligible	below_required_observation_threshold
445763	Chelonodon laticeps	Chelonodon	Tetraodontidae	Tetraodontidae	Blue-spotted Blaasop	0	2	False	False	False	ineligible	below_required_observation_threshold
445765	Chelonodon pleurospilus	Chelonodon	Tetraodontidae	Tetraodontidae	Blaasop Beauty	0	1	False	False	False	ineligible	below_required_observation_threshold
445829	Contusus brevicaudus	Contusus	Tetraodontidae	Tetraodontidae	Prickly Toadfish	0	6	False	False	False	ineligible	below_required_observation_threshold
410450	Contusus richei	Contusus	Tetraodontidae	Tetraodontidae	Barred Toadfish	0	5	False	False	False	ineligible	below_required_observation_threshold
621543	Dichotomyctere fluviatilis	Dichotomyctere	Tetraodontidae	Tetraodontidae	Ceylon Green Puffer	0	3	False	False	False	ineligible	below_required_observation_threshold
621545	Dichotomyctere nigroviridis	Dichotomyctere	Tetraodontidae	Tetraodontidae	Green Spotted Puffer	0	14	False	False	False	ineligible	below_required_observation_threshold
534685	Dichotomyctere ocellatus	Dichotomyctere	Tetraodontidae	Tetraodontidae	Eyespot Puffer	0	1	False	False	False	ineligible	below_required_observation_threshold
120651	Ephippion guttifer	Ephippion	Tetraodontidae	Tetraodontidae	Bennett's Puffer	0	6	False	False	False	ineligible	below_required_observation_threshold
446145	Lagocephalus guentheri	Lagocephalus	Tetraodontidae	Tetraodontidae	Diamondback Puffer	0	3	False	False	False	ineligible	below_required_observation_threshold
146795	Lagocephalus laevigatus	Lagocephalus	Tetraodontidae	Tetraodontidae	Smooth Puffer	0	16	False	False	False	ineligible	below_required_observation_threshold
120635	Lagocephalus lagocephalus	Lagocephalus	Tetraodontidae	Tetraodontidae	Ocean Puffer	0	2	False	False	False	ineligible	below_required_observation_threshold
368596	Lagocephalus lunaris	Lagocephalus	Tetraodontidae	Tetraodontidae	Rough Golden Puffer	0	5	False	False	False	ineligible	below_required_observation_threshold
132368	Lagocephalus sceleratus	Lagocephalus	Tetraodontidae	Tetraodontidae	Silver Puffer	0	19	False	False	False	ineligible	below_required_observation_threshold
446147	Lagocephalus spadiceus	Lagocephalus	Tetraodontidae	Tetraodontidae	Half-smooth Golden Puffer	0	3	False	False	False	ineligible	below_required_observation_threshold
446148	Lagocephalus suezensis	Lagocephalus	Tetraodontidae	Tetraodontidae	Suez Puffer	0	7	False	False	False	ineligible	below_required_observation_threshold
563477	Leiodon cutcutia	Leiodon	Tetraodontidae	Tetraodontidae	Ocellated Puffer	0	2	False	False	False	ineligible	below_required_observation_threshold
369007	Marilyna pleurosticta	Marilyna	Tetraodontidae	Tetraodontidae	Banded Toadfish	0	34	False	False	False	ineligible	below_required_observation_threshold
446255	Omegophora armilla	Omegophora	Tetraodontidae	Tetraodontidae	Ringed Puffer	0	141	False	False	False	ineligible	below_required_observation_threshold
446256	Omegophora cyanopunctata	Omegophora	Tetraodontidae	Tetraodontidae	Bluespotted Toadfish	0	14	False	False	False	ineligible	below_required_observation_threshold
621554	Pao cochinchinensis	Pao	Tetraodontidae	Tetraodontidae	Cochin Puffer	0	2	False	False	False	ineligible	below_required_observation_threshold
621557	Pao leiurus	Pao	Tetraodontidae	Tetraodontidae	Brackish Puffer	0	1	False	False	False	ineligible	below_required_observation_threshold
621559	Pao palembangensis	Pao	Tetraodontidae	Tetraodontidae	Humpback Puffer	0	1	False	False	False	ineligible	below_required_observation_threshold
446373	Pelagocephalus marki	Pelagocephalus	Tetraodontidae	Tetraodontidae	Rippled Blaasop	0	14	False	False	False	ineligible	below_required_observation_threshold
446395	Polyspina piosae	Polyspina	Tetraodontidae	Tetraodontidae	Orangebarred Puffer	0	127	False	False	False	ineligible	below_required_observation_threshold
57400	Sphoeroides angusticeps	Sphoeroides	Tetraodontidae	Tetraodontidae	Narrow-headed Puffer	0	6	False	False	False	ineligible	below_required_observation_threshold
55290	Sphoeroides annulatus	Sphoeroides	Tetraodontidae	Tetraodontidae	Bullseye Puffer	0	200	False	False	False	ineligible	below_required_observation_threshold
1508365	Sphoeroides asellus	Sphoeroides	Tetraodontidae	Tetraodontidae	Amazon Puffer	0	1	False	False	False	ineligible	below_required_observation_threshold
1506718	Sphoeroides camila	Sphoeroides	Tetraodontidae	Tetraodontidae	Brazilian puffer	0	17	False	False	False	ineligible	below_required_observation_threshold
317381	Sphoeroides dorsalis	Sphoeroides	Tetraodontidae	Tetraodontidae	Marbled Puffer	0	1	False	False	False	ineligible	below_required_observation_threshold
57377	Sphoeroides greeleyi	Sphoeroides	Tetraodontidae	Tetraodontidae	Green Puffer	0	42	False	False	False	ineligible	below_required_observation_threshold
112951	Sphoeroides kendalli	Sphoeroides	Tetraodontidae	Tetraodontidae	Slick Puffer	0	1	False	False	False	ineligible	below_required_observation_threshold
112953	Sphoeroides lobatus	Sphoeroides	Tetraodontidae	Tetraodontidae	Longnose Puffer	0	77	False	False	False	ineligible	below_required_observation_threshold
146796	Sphoeroides maculatus	Sphoeroides	Tetraodontidae	Tetraodontidae	Northern Puffer	0	43	False	False	False	ineligible	below_required_observation_threshold
342289	Sphoeroides marmoratus	Sphoeroides	Tetraodontidae	Tetraodontidae	Guinean Puffer	0	96	False	False	False	ineligible	below_required_observation_threshold
179462	Sphoeroides nephelus	Sphoeroides	Tetraodontidae	Tetraodontidae	Southern Puffer	0	45	False	False	False	ineligible	below_required_observation_threshold
49268	Sphoeroides pachygaster	Sphoeroides	Tetraodontidae	Tetraodontidae	Blunthead Puffer	0	4	False	False	False	ineligible	below_required_observation_threshold
179457	Sphoeroides parvus	Sphoeroides	Tetraodontidae	Tetraodontidae	Least Puffer	0	12	False	False	False	ineligible	below_required_observation_threshold
1508364	Sphoeroides psittacus	Sphoeroides	Tetraodontidae	Tetraodontidae	Banded Puffer	0	13	False	False	False	ineligible	below_required_observation_threshold
112954	Sphoeroides rosenblatti	Sphoeroides	Tetraodontidae	Tetraodontidae	Oval Puffer	0	19	False	False	False	ineligible	below_required_observation_threshold
49265	Sphoeroides spengleri	Sphoeroides	Tetraodontidae	Tetraodontidae	Bandtail Puffer	0	104	False	False	False	ineligible	below_required_observation_threshold
317382	Sphoeroides testudineus	Sphoeroides	Tetraodontidae	Tetraodontidae	Checkered Puffer	0	219	False	False	False	ineligible	below_required_observation_threshold
446552	Takifugu alboplumbeus	Takifugu	Tetraodontidae	Tetraodontidae	Grey-spotted Puffer	0	34	False	False	False	ineligible	below_required_observation_threshold
446555	Takifugu chrysops	Takifugu	Tetraodontidae	Tetraodontidae	Red-eyed Puffer	0	1	False	False	False	ineligible	below_required_observation_threshold
1314222	Takifugu flavipterus	Takifugu	Tetraodontidae	Tetraodontidae	Fine-patterned Puffer	0	5	False	False	False	ineligible	below_required_observation_threshold
446558	Takifugu oblongus	Takifugu	Tetraodontidae	Tetraodontidae	Oblong Blowfish	0	5	False	False	False	ineligible	below_required_observation_threshold
355400	Takifugu ocellatus	Takifugu	Tetraodontidae	Tetraodontidae	Ocellated Puffer	0	1	False	False	False	ineligible	below_required_observation_threshold
446559	Takifugu pardalis	Takifugu	Tetraodontidae	Tetraodontidae	Panther Puffer	0	4	False	False	False	ineligible	below_required_observation_threshold
57378	Takifugu porphyreus	Takifugu	Tetraodontidae	Tetraodontidae	Genuin Puffer	0	1	False	False	False	ineligible	below_required_observation_threshold
446563	Takifugu snyderi	Takifugu	Tetraodontidae	Tetraodontidae	Vermiculated Puffer	0	1	False	False	False	ineligible	below_required_observation_threshold
311414	Tetractenos glaber	Tetractenos	Tetraodontidae	Tetraodontidae	Smooth Toadfish	0	257	False	False	False	ineligible	below_required_observation_threshold
349323	Tetractenos hamiltoni	Tetractenos	Tetraodontidae	Tetraodontidae	Common Toadfish	0	124	False	False	False	ineligible	below_required_observation_threshold
113934	Tetraodon lineatus	Tetraodon	Tetraodontidae	Tetraodontidae	Fahaka Puffer	0	3	False	False	False	ineligible	below_required_observation_threshold
56114	Tetraodon mbu	Tetraodon	Tetraodontidae	Tetraodontidae	Mbu Puffer	0	2	False	False	False	ineligible	below_required_observation_threshold
113935	Tetraodon miurus	Tetraodon	Tetraodontidae	Tetraodontidae	Congo Puffer	0	2	False	False	False	ineligible	below_required_observation_threshold
446572	Torquigener flavimaculosus	Torquigener	Tetraodontidae	Tetraodontidae	Flavimaculosus Puffer	0	66	False	False	False	ineligible	below_required_observation_threshold
243810	Torquigener pleurogramma	Torquigener	Tetraodontidae	Tetraodontidae	Weeping Toadfish	0	174	False	False	False	ineligible	below_required_observation_threshold
446581	Torquigener squamicauda	Torquigener	Tetraodontidae	Tetraodontidae	Scalytail Toadfish	0	1	False	False	False	ineligible	below_required_observation_threshold
446582	Torquigener vicinus	Torquigener	Tetraodontidae	Tetraodontidae	Orangespotted Puffer	0	1	False	False	False	ineligible	below_required_observation_threshold
