taxon_id	species	genus	scientist_family	inat_family	preferred_common_name	regional_count	global_count	eligible	target_species	selected	dataset_role	selection_reason
135283	Acanthurus lineatus	Acanthurus	Acanthuridae	Acanthuridae	Striped Surgeonfish	636	3601	True	True	True	common_target_pretraining	requested_target_meets_abundance_thresholds
180389	Ctenochaetus striatus	Ctenochaetus	Acanthuridae	Acanthuridae	Lined Bristletooth	568	3903	True	True	True	common_target_pretraining	requested_target_meets_abundance_thresholds
49641	Zebrasoma scopas	Zebrasoma	Acanthuridae	Acanthuridae	Brown Tang	510	2391	True	True	True	common_target_pretraining	requested_target_meets_abundance_thresholds
106624	Naso vlamingii	Naso	Acanthuridae	Acanthuridae	Bignose Unicornfish	492	1431	True	True	True	common_target_pretraining	requested_target_meets_abundance_thresholds
153279	Acanthurus pyroferus	Acanthurus	Acanthuridae	Acanthuridae	Mimic Surgeonfish	490	1319	True	True	True	common_target_pretraining	requested_target_meets_abundance_thresholds
121193	Acanthurus nigricans	Acanthurus	Acanthuridae	Acanthuridae	Whitecheek Surgeonfish	411	1842	True	True	True	common_target_pretraining	requested_target_meets_abundance_thresholds
121194	Acanthurus nigricauda	Acanthurus	Acanthuridae	Acanthuridae	Eyeline Surgeonfish	340	1205	True	True	True	common_target_pretraining	requested_target_meets_abundance_thresholds
424818	Zebrasoma velifer	Zebrasoma	Acanthuridae	Acanthuridae	Pacific Sailfin Tang	303	3421	True	True	True	common_target_pretraining	requested_target_meets_abundance_thresholds
52451	Naso lituratus	Naso	Acanthuridae	Acanthuridae	Pacific Orange-spine Unicornfish	273	3576	True	True	True	common_target_pretraining	requested_target_meets_abundance_thresholds
121704	Acanthurus olivaceus	Acanthurus	Acanthuridae	Acanthuridae	Orangeblotch Surgeonfish	247	2581	True	True	True	common_target_pretraining	requested_target_meets_abundance_thresholds
153281	Naso brachycentron	Naso	Acanthuridae	Acanthuridae	Humpback Unicornfish	238	557	True	True	True	common_target_pretraining	requested_target_meets_abundance_thresholds
187279	Ctenochaetus binotatus	Ctenochaetus	Acanthuridae	Acanthuridae	Twospot Bristletooth	206	801	True	False	True	broad_pretraining	regional_and_global_abundance
83879	Naso brevirostris	Naso	Acanthuridae	Acanthuridae	Paletail Unicornfish	180	1725	True	False	True	broad_pretraining	regional_and_global_abundance
130879	Paracanthurus hepatus	Paracanthurus	Acanthuridae	Acanthuridae	Palette Tang	140	615	True	False	True	broad_pretraining	regional_and_global_abundance
132409	Acanthurus mata	Acanthurus	Acanthuridae	Acanthuridae	Yellowmask Surgeonfish	265	764	True	False	False	eligible_not_selected	genus_quota_reached
132366	Acanthurus xanthopterus	Acanthurus	Acanthuridae	Acanthuridae	Yellowfin Surgeonfish	182	2984	True	False	False	eligible_not_selected	genus_quota_reached
59931	Acanthurus triostegus	Acanthurus	Acanthuridae	Acanthuridae	Convict Surgeonfish	179	4319	True	False	False	eligible_not_selected	genus_quota_reached
121458	Naso hexacanthus	Naso	Acanthuridae	Acanthuridae	Sleek Unicornfish	90	671	True	False	False	eligible_not_selected	genus_quota_reached
123269	Acanthurus leucosternon	Acanthurus	Acanthuridae	Acanthuridae	Powder Blue Tang	76	1508	True	False	False	eligible_not_selected	genus_quota_reached
121658	Naso unicornis	Naso	Acanthuridae	Acanthuridae	Bluespine Unicornfish	59	3696	True	False	False	eligible_not_selected	genus_quota_reached
132410	Acanthurus nigrofuscus	Acanthurus	Acanthuridae	Acanthuridae	Dusky Surgeonfish	56	3651	True	False	False	eligible_not_selected	genus_quota_reached
52452	Naso elegans	Naso	Acanthuridae	Acanthuridae	Elegant Unicornfish	23	1347	True	False	False	eligible_not_selected	genus_quota_reached
122689	Acanthurus thompsoni	Acanthurus	Acanthuridae	Acanthuridae	Whitetail Surgeonfish	84	391	False	False	False	ineligible	below_regional_or_global_threshold
186999	Acanthurus leucocheilus	Acanthurus	Acanthuridae	Acanthuridae	White-spine Surgeonfish	82	139	False	False	False	ineligible	below_regional_or_global_threshold
187280	Ctenochaetus cyanocheilus	Ctenochaetus	Acanthuridae	Acanthuridae	Bluelip Bristletooth	71	300	False	False	False	ineligible	below_regional_or_global_threshold
132407	Naso annulatus	Naso	Acanthuridae	Acanthuridae	Whitemargin Unicornfish	70	375	False	False	False	ineligible	below_regional_or_global_threshold
187733	Naso minor	Naso	Acanthuridae	Acanthuridae	Blackspine Unicornfish	62	123	False	False	False	ineligible	below_regional_or_global_threshold
187727	Naso caeruleacauda	Naso	Acanthuridae	Acanthuridae	Blue Unicornfish	54	69	False	False	False	ineligible	below_regional_or_global_threshold
186996	Acanthurus bariene	Acanthurus	Acanthuridae	Acanthuridae	Eyespot Surgeonfish	46	96	False	False	False	ineligible	below_regional_or_global_threshold
186998	Acanthurus japonicus	Acanthurus	Acanthuridae	Acanthuridae	Japan Surgeonfish	45	204	False	False	False	ineligible	below_regional_or_global_threshold
187730	Naso lopezi	Naso	Acanthuridae	Acanthuridae	Slender Unicornfish	42	72	False	False	False	ineligible	below_regional_or_global_threshold
187735	Naso thynnoides	Naso	Acanthuridae	Acanthuridae	Onespine Unicornfish	42	82	False	False	False	ineligible	below_regional_or_global_threshold
187282	Ctenochaetus tominiensis	Ctenochaetus	Acanthuridae	Acanthuridae	Orange-tip Bristletooth	40	162	False	False	False	ineligible	below_regional_or_global_threshold
187007	Acanthurus tristis	Acanthurus	Acanthuridae	Acanthuridae	Mimic Surgeonfish	35	74	False	False	False	ineligible	below_regional_or_global_threshold
145524	Acanthurus fowleri	Acanthurus	Acanthuridae	Acanthuridae	Horseshoe Surgeonfish	30	52	False	False	False	ineligible	below_regional_or_global_threshold
186995	Acanthurus auranticavus	Acanthurus	Acanthuridae	Acanthuridae	Orange-socket Surgeonfish	25	64	False	False	False	ineligible	below_regional_or_global_threshold
121705	Acanthurus tennentii	Acanthurus	Acanthuridae	Acanthuridae	Lieutenant Surgeonfish	18	259	False	False	False	ineligible	below_regional_or_global_threshold
187732	Naso mcdadei	Naso	Acanthuridae	Acanthuridae	Squarenose Unicornfish	17	22	False	False	False	ineligible	below_regional_or_global_threshold
121597	Acanthurus dussumieri	Acanthurus	Acanthuridae	Acanthuridae	Eyestripe Surgeonfish	14	1423	False	False	False	ineligible	below_regional_or_global_threshold
132411	Acanthurus blochii	Acanthurus	Acanthuridae	Acanthuridae	Dark Surgeonfish	13	1337	False	False	False	ineligible	below_regional_or_global_threshold
187000	Acanthurus maculiceps	Acanthurus	Acanthuridae	Acanthuridae	Spotted-face Surgeonfish	10	71	False	False	False	ineligible	below_regional_or_global_threshold
187003	Acanthurus nubilus	Acanthurus	Acanthuridae	Acanthuridae	Bluelined Surgeonfish	7	28	False	False	False	ineligible	below_regional_or_global_threshold
188105	Prionurus chrysurus	Prionurus	Acanthuridae	Acanthuridae	Indonesian Sawtail	7	7	False	False	False	ineligible	below_regional_or_global_threshold
132367	Acanthurus grammoptilus	Acanthurus	Acanthuridae	Acanthuridae	Inshore Surgeonfish	6	67	False	False	False	ineligible	below_regional_or_global_threshold
187729	Naso fageni	Naso	Acanthuridae	Acanthuridae	Horseface Unicornfish	6	34	False	False	False	ineligible	below_regional_or_global_threshold
187736	Naso tonganus	Naso	Acanthuridae	Acanthuridae	Humpnose Unicornfish	6	204	False	False	False	ineligible	below_regional_or_global_threshold
123529	Acanthurus guttatus	Acanthurus	Acanthuridae	Acanthuridae	Whitespotted Surgeonfish	4	705	False	False	False	ineligible	below_regional_or_global_threshold
180388	Zebrasoma desjardinii	Zebrasoma	Acanthuridae	Acanthuridae	Indian Sailfin Tang	4	1944	False	False	False	ineligible	below_regional_or_global_threshold
187283	Ctenochaetus truncatus	Ctenochaetus	Acanthuridae	Acanthuridae	Indian Gold-ring Bristletooth	3	295	False	False	False	ineligible	below_regional_or_global_threshold
187728	Naso caesius	Naso	Acanthuridae	Acanthuridae	Grey Unicornfish	3	89	False	False	False	ineligible	below_regional_or_global_threshold
607811	Naso tergus	Naso	Acanthuridae	Acanthuridae	Taiwanese Unicornfish	1	2	False	False	False	ineligible	below_regional_or_global_threshold
69760	Acanthurus achilles	Acanthurus	Acanthuridae	Acanthuridae	Achilles Tang	0	565	False	False	False	ineligible	below_regional_or_global_threshold
623671	Acanthurus albimento	Acanthurus	Acanthuridae	Acanthuridae	Whitechin Surgeonfish	0	1	False	False	False	ineligible	below_regional_or_global_threshold
186994	Acanthurus albipectoralis	Acanthurus	Acanthuridae	Acanthuridae	Whitefin Surgeonfish	0	47	False	False	False	ineligible	below_regional_or_global_threshold
1032318	Acanthurus bahianus	Acanthurus	Acanthuridae	Acanthuridae	Brazilian Ocean Surgeonfish	0	91	False	False	False	ineligible	below_regional_or_global_threshold
121195	Acanthurus chirurgus	Acanthurus	Acanthuridae	Acanthuridae	Doctorfish	0	1819	False	False	False	ineligible	below_regional_or_global_threshold
121196	Acanthurus coeruleus	Acanthurus	Acanthuridae	Acanthuridae	Atlantic Blue Tang	0	8366	False	False	False	ineligible	below_regional_or_global_threshold
93074	Acanthurus gahhm	Acanthurus	Acanthuridae	Acanthuridae	Black Surgeonfish	0	162	False	False	False	ineligible	below_regional_or_global_threshold
55376	Acanthurus leucopareius	Acanthurus	Acanthuridae	Acanthuridae	Whitebar Surgeonfish	0	816	False	False	False	ineligible	below_regional_or_global_threshold
187001	Acanthurus monroviae	Acanthurus	Acanthuridae	Acanthuridae	Monrovia Doctorfish	0	149	False	False	False	ineligible	below_regional_or_global_threshold
187002	Acanthurus nigroris	Acanthurus	Acanthuridae	Acanthuridae	Blueline Surgeonfish	0	110	False	False	False	ineligible	below_regional_or_global_threshold
1315890	Acanthurus nigros	Acanthurus	Acanthuridae	Acanthuridae	Greyhead Surgeonfish	0	39	False	False	False	ineligible	below_regional_or_global_threshold
187004	Acanthurus polyzona	Acanthurus	Acanthuridae	Acanthuridae	Black-barred Surgeonfish	0	33	False	False	False	ineligible	below_regional_or_global_threshold
187005	Acanthurus reversus	Acanthurus	Acanthuridae	Acanthuridae	Marquesan Surgeonfish	0	7	False	False	False	ineligible	below_regional_or_global_threshold
1315888	Acanthurus sandvicensis	Acanthurus	Acanthuridae	Acanthuridae	Hawaiian Convict Surgeonfish	0	3549	False	False	False	ineligible	below_regional_or_global_threshold
187006	Acanthurus sohal	Acanthurus	Acanthuridae	Acanthuridae	Sohal Surgeonfish	0	1509	False	False	False	ineligible	below_regional_or_global_threshold
871060	Acanthurus tractus	Acanthurus	Acanthuridae	Acanthuridae	Caribbean Ocean Surgeonfish	0	4046	False	False	False	ineligible	below_regional_or_global_threshold
187281	Ctenochaetus flavicauda	Ctenochaetus	Acanthuridae	Acanthuridae	Whitetail Bristletooth	0	85	False	False	False	ineligible	below_regional_or_global_threshold
122516	Ctenochaetus hawaiiensis	Ctenochaetus	Acanthuridae	Acanthuridae	Hawaiian Bristletooth	0	153	False	False	False	ineligible	below_regional_or_global_threshold
123528	Ctenochaetus marginatus	Ctenochaetus	Acanthuridae	Acanthuridae	Blue-spotted Bristletooth	0	173	False	False	False	ineligible	below_regional_or_global_threshold
47617	Ctenochaetus strigosus	Ctenochaetus	Acanthuridae	Acanthuridae	Goldring Surgeonfish	0	1038	False	False	False	ineligible	below_regional_or_global_threshold
187737	Naso tuberosus	Naso	Acanthuridae	Acanthuridae	Humphead Unicornfish	0	2	False	False	False	ineligible	below_regional_or_global_threshold
188104	Prionurus biafraensis	Prionurus	Acanthuridae	Acanthuridae	Biafra Doctorfish	0	11	False	False	False	ineligible	below_regional_or_global_threshold
56772	Prionurus laticlavius	Prionurus	Acanthuridae	Acanthuridae	Razor Surgeonfish	0	3148	False	False	False	ineligible	below_regional_or_global_threshold
188106	Prionurus maculatus	Prionurus	Acanthuridae	Acanthuridae	Spotted Sawtail	0	269	False	False	False	ineligible	below_regional_or_global_threshold
188107	Prionurus microlepidotus	Prionurus	Acanthuridae	Acanthuridae	Australian Sawtail	0	819	False	False	False	ineligible	below_regional_or_global_threshold
188108	Prionurus scalprum	Prionurus	Acanthuridae	Acanthuridae	Scalpel Sawtail	0	174	False	False	False	ineligible	below_regional_or_global_threshold
52459	Zebrasoma flavescens	Zebrasoma	Acanthuridae	Acanthuridae	Yellow Tang	0	2580	False	False	False	ineligible	below_regional_or_global_threshold
188622	Zebrasoma gemmatum	Zebrasoma	Acanthuridae	Acanthuridae	Gem Tang	0	34	False	False	False	ineligible	below_regional_or_global_threshold
188623	Zebrasoma rostratum	Zebrasoma	Acanthuridae	Acanthuridae	Black Tang	0	20	False	False	False	ineligible	below_regional_or_global_threshold
52458	Zebrasoma xanthurum	Zebrasoma	Acanthuridae	Acanthuridae	Purple Tang	0	924	False	False	False	ineligible	below_regional_or_global_threshold
123690	Caranx melampygus	Caranx	Carangidae	Carangidae	Bluefin Trevally	479	4769	True	True	True	common_target_pretraining	requested_target_meets_abundance_thresholds
153280	Caranx ignobilis	Caranx	Carangidae	Carangidae	Giant Trevally	198	1666	True	True	True	common_target_pretraining	requested_target_meets_abundance_thresholds
47228	Caranx sexfasciatus	Caranx	Carangidae	Carangidae	Bigeye Trevally	291	2413	True	False	True	broad_pretraining	regional_and_global_abundance
1360061	Flavocaranx bajad	Flavocaranx	Carangidae	Carangidae	Orange-spotted Trevally	262	899	True	False	True	broad_pretraining	regional_and_global_abundance
122033	Elagatis bipinnulata	Elagatis	Carangidae	Carangidae	Rainbow Runner	72	709	True	False	True	broad_pretraining	regional_and_global_abundance
194896	Gnathanodon speciosus	Gnathanodon	Carangidae	Carangidae	Golden Trevally	88	1072	True	False	True	novel_evaluation	held_out_for_unseen_species_evaluation
1360081	Craterognathus plagiotaenia	Craterognathus	Carangidae	Carangidae	Barcheek Trevally	103	410	False	False	False	ineligible	below_regional_or_global_threshold
424880	Selar boops	Selar	Carangidae	Carangidae	Oxeye Scad	59	133	False	False	False	ineligible	below_regional_or_global_threshold
1360116	Ferdauia ferdau	Ferdauia	Carangidae	Carangidae	Barred Trevally	50	340	False	False	False	ineligible	below_regional_or_global_threshold
47229	Selar crumenophthalmus	Selar	Carangidae	Carangidae	Bigeye Scad	28	421	False	False	False	ineligible	below_regional_or_global_threshold
173863	Atule mate	Atule	Carangidae	Carangidae	Barred Yellowtail Scad	22	143	False	False	False	ineligible	below_regional_or_global_threshold
333751	Megalaspis cordyla	Megalaspis	Carangidae	Carangidae	Torpedo Scad	20	160	False	False	False	ineligible	below_regional_or_global_threshold
182585	Selaroides leptolepis	Selaroides	Carangidae	Carangidae	Yellowstripe Scad	18	178	False	False	False	ineligible	below_regional_or_global_threshold
529703	Parastromateus niger	Parastromateus	Carangidae	Carangidae	Black Pomfret	17	107	False	False	False	ineligible	below_regional_or_global_threshold
1360060	Turrum coeruleopinnatum	Turrum	Carangidae	Carangidae	Coastal Trevally	15	81	False	False	False	ineligible	below_regional_or_global_threshold
1360115	Turrum fulvoguttatum	Turrum	Carangidae	Carangidae	Yellow Spotted Trevally	14	461	False	False	False	ineligible	below_regional_or_global_threshold
93641	Alectis ciliaris	Alectis	Carangidae	Carangidae	African Pompano	9	358	False	False	False	ineligible	below_regional_or_global_threshold
93643	Alepes vari	Alepes	Carangidae	Carangidae	Herring Scad	9	121	False	False	False	ineligible	below_regional_or_global_threshold
1360118	Scyris indica	Scyris	Carangidae	Carangidae	Diamond Trevally	8	129	False	False	False	ineligible	below_regional_or_global_threshold
194880	Caranx tille	Caranx	Carangidae	Carangidae	Tille Trevally	7	12	False	False	False	ineligible	below_regional_or_global_threshold
1360114	Turrum gymnostethus	Turrum	Carangidae	Carangidae	bludger	7	68	False	False	False	ineligible	below_regional_or_global_threshold
338255	Caranx papuensis	Caranx	Carangidae	Carangidae	Brassy Trevally	6	455	False	False	False	ineligible	below_regional_or_global_threshold
1360074	Atropus mentalis	Atropus	Carangidae	Carangidae	Cale Cale Trevally	5	64	False	False	False	ineligible	below_regional_or_global_threshold
1360112	Carangichthys oblongus	Carangichthys	Carangidae	Carangidae	Coach-whip Trevally	5	30	False	False	False	ineligible	below_regional_or_global_threshold
1360075	Ferdauia orthogrammus	Ferdauia	Carangidae	Carangidae	Island Jack	5	253	False	False	False	ineligible	below_regional_or_global_threshold
369212	Alepes kleinii	Alepes	Carangidae	Carangidae	Razorbelly Trevally	4	66	False	False	False	ineligible	below_regional_or_global_threshold
1360078	Atropus armatus	Atropus	Carangidae	Carangidae	Longfin Trevally	3	59	False	False	False	ineligible	below_regional_or_global_threshold
121225	Decapterus macarellus	Decapterus	Carangidae	Carangidae	Mackerel Scad	3	201	False	False	False	ineligible	below_regional_or_global_threshold
1360117	Platycaranx chrysophrys	Platycaranx	Carangidae	Carangidae	Longnose Trevally	3	102	False	False	False	ineligible	below_regional_or_global_threshold
84529	Alepes djedaba	Alepes	Carangidae	Carangidae	Shrimp scad	2	52	False	False	False	ineligible	below_regional_or_global_threshold
609905	Atropus atropos	Atropus	Carangidae	Carangidae	Cleftbelly Trevally	2	18	False	False	False	ineligible	below_regional_or_global_threshold
1360082	Carangichthys dinema	Carangichthys	Carangidae	Carangidae	Shadow Trevally	2	19	False	False	False	ineligible	below_regional_or_global_threshold
609908	Carangoides praeustus	Carangoides	Carangidae	Carangidae	Brownback Trevally	2	35	False	False	False	ineligible	below_regional_or_global_threshold
69775	Caranx lugubris	Caranx	Carangidae	Carangidae	Black Trevally	2	394	False	False	False	ineligible	below_regional_or_global_threshold
1360113	Atropus hedlandensis	Atropus	Carangidae	Carangidae	Port Hedland Trevally	1	49	False	False	False	ineligible	below_regional_or_global_threshold
529700	Caranx heberi	Caranx	Carangidae	Carangidae	Blacktip Trevally	1	71	False	False	False	ineligible	below_regional_or_global_threshold
529701	Decapterus kurroides	Decapterus	Carangidae	Carangidae	Redtail Scad	1	5	False	False	False	ineligible	below_regional_or_global_threshold
194881	Decapterus macrosoma	Decapterus	Carangidae	Carangidae	Slender Scad	1	14	False	False	False	ineligible	below_regional_or_global_threshold
123660	Decapterus tabl	Decapterus	Carangidae	Carangidae	Rough-ear Scad	1	5	False	False	False	ineligible	below_regional_or_global_threshold
51553	Seriola rivoliana	Seriola	Carangidae	Carangidae	Almaco Jack	1	537	False	False	False	ineligible	below_regional_or_global_threshold
451739	Trachurus novaezelandiae	Trachurus	Carangidae	Carangidae	Yellowtail Scad	1	1945	False	False	False	ineligible	below_regional_or_global_threshold
368836	Alepes apercna	Alepes	Carangidae	Carangidae	Smallmouth Scad	0	12	False	False	False	ineligible	below_regional_or_global_threshold
609904	Alepes melanoptera	Alepes	Carangidae	Carangidae	Blackfin Scad	0	12	False	False	False	ineligible	below_regional_or_global_threshold
208576	Campogramma glaycos	Campogramma	Carangidae	Carangidae	Vadigo	0	6	False	False	False	ineligible	below_regional_or_global_threshold
1360079	Carangichthys humerosus	Carangichthys	Carangidae	Carangidae	Dusky Shoulder Trevally	0	2	False	False	False	ineligible	below_regional_or_global_threshold
1360080	Carangoides ire	Carangoides	Carangidae	Carangidae	Persian Trevally	0	2	False	False	False	ineligible	below_regional_or_global_threshold
1316792	Caranx bartholomaei	Caranx	Carangidae	Carangidae	Yellow Jack	0	957	False	False	False	ineligible	below_regional_or_global_threshold
173861	Caranx bucculentus	Caranx	Carangidae	Carangidae	Bluespotted Trevally	0	30	False	False	False	ineligible	below_regional_or_global_threshold
96738	Caranx caballus	Caranx	Carangidae	Carangidae	Green Jack	0	493	False	False	False	ineligible	below_regional_or_global_threshold
96739	Caranx caninus	Caranx	Carangidae	Carangidae	Pacific Crevalle Jack	0	662	False	False	False	ineligible	below_regional_or_global_threshold
96740	Caranx crysos	Caranx	Carangidae	Carangidae	Blue Runner	0	2031	False	False	False	ineligible	below_regional_or_global_threshold
609909	Caranx fischeri	Caranx	Carangidae	Carangidae	Longfin Crevalle Jack	0	64	False	False	False	ineligible	below_regional_or_global_threshold
47230	Caranx hippos	Caranx	Carangidae	Carangidae	Atlantic Crevalle Jack	0	2168	False	False	False	ineligible	below_regional_or_global_threshold
47227	Caranx latus	Caranx	Carangidae	Carangidae	Horse-eye Jack	0	1487	False	False	False	ineligible	below_regional_or_global_threshold
120693	Caranx rhonchus	Caranx	Carangidae	Carangidae	Spotfin Scad	0	89	False	False	False	ineligible	below_regional_or_global_threshold
82330	Caranx ruber	Caranx	Carangidae	Carangidae	Bar Jack	0	3379	False	False	False	ineligible	below_regional_or_global_threshold
609910	Caranx senegallus	Caranx	Carangidae	Carangidae	Senegal Jack	0	19	False	False	False	ineligible	below_regional_or_global_threshold
96741	Caranx vinctus	Caranx	Carangidae	Carangidae	Barred Jack	0	20	False	False	False	ineligible	below_regional_or_global_threshold
179633	Chloroscombrus chrysurus	Chloroscombrus	Carangidae	Carangidae	Atlantic Bumper	0	681	False	False	False	ineligible	below_regional_or_global_threshold
97634	Chloroscombrus orqueta	Chloroscombrus	Carangidae	Carangidae	Pacific Bumper	0	41	False	False	False	ineligible	below_regional_or_global_threshold
451275	Decapterus koheru	Decapterus	Carangidae	Carangidae	Koheru	0	167	False	False	False	ineligible	below_regional_or_global_threshold
473385	Decapterus maruadsi	Decapterus	Carangidae	Carangidae	Japanese Scad	0	20	False	False	False	ineligible	below_regional_or_global_threshold
121226	Decapterus muroadsi	Decapterus	Carangidae	Carangidae	Temperate Scad	0	26	False	False	False	ineligible	below_regional_or_global_threshold
123659	Decapterus punctatus	Decapterus	Carangidae	Carangidae	Cigar Minnow	0	210	False	False	False	ineligible	below_regional_or_global_threshold
99146	Decapterus russelli	Decapterus	Carangidae	Carangidae	Indian Scad	0	13	False	False	False	ineligible	below_regional_or_global_threshold
1360076	Euprepocaranx dorsalis	Euprepocaranx	Carangidae	Carangidae	Threadfin Jack	0	39	False	False	False	ineligible	below_regional_or_global_threshold
179568	Hemicaranx amblyrhynchus	Hemicaranx	Carangidae	Carangidae	Bluntnose Jack	0	34	False	False	False	ineligible	below_regional_or_global_threshold
609912	Hemicaranx bicolor	Hemicaranx	Carangidae	Carangidae	Bicolor Jack	0	3	False	False	False	ineligible	below_regional_or_global_threshold
102475	Hemicaranx leucurus	Hemicaranx	Carangidae	Carangidae	Yellowfin Jack	0	8	False	False	False	ineligible	below_regional_or_global_threshold
102476	Hemicaranx zelotes	Hemicaranx	Carangidae	Carangidae	Blackfin Jack	0	3	False	False	False	ineligible	below_regional_or_global_threshold
1360103	Kaiwarinus equula	Kaiwarinus	Carangidae	Carangidae	Whitefin Trevally	0	17	False	False	False	ineligible	below_regional_or_global_threshold
118710	Naucrates ductor	Naucrates	Carangidae	Carangidae	Pilotfish	0	160	False	False	False	ineligible	below_regional_or_global_threshold
529702	Pantolabus radiatus	Pantolabus	Carangidae	Carangidae	Fringefin Trevally	0	26	False	False	False	ineligible	below_regional_or_global_threshold
1415142	Paraselene orstedii	Paraselene	Carangidae	Carangidae	Mexican Moonfish	0	5	False	False	False	ineligible	below_regional_or_global_threshold
1360058	Platycaranx malabaricus	Platycaranx	Carangidae	Carangidae	White-spot Trevally	0	7	False	False	False	ineligible	below_regional_or_global_threshold
1360055	Platycaranx talamparoides	Platycaranx	Carangidae	Carangidae	Imposter Trevally	0	12	False	False	False	ineligible	below_regional_or_global_threshold
1316791	Pseudocaranx cheilio	Pseudocaranx	Carangidae	Carangidae	Hawaiian Thicklipped Jack	0	5	False	False	False	ineligible	below_regional_or_global_threshold
204777	Pseudocaranx chilensis	Pseudocaranx	Carangidae	Carangidae	Juan Fernandez Trevally	0	18	False	False	False	ineligible	below_regional_or_global_threshold
204776	Pseudocaranx dentex	Pseudocaranx	Carangidae	Carangidae	Silver Trevally	0	770	False	False	False	ineligible	below_regional_or_global_threshold
512028	Pseudocaranx georgianus	Pseudocaranx	Carangidae	Carangidae	Silver Trevally	0	1857	False	False	False	ineligible	below_regional_or_global_threshold
56941	Pseudocaranx wrighti	Pseudocaranx	Carangidae	Carangidae	Skipjack trevally	0	36	False	False	False	ineligible	below_regional_or_global_threshold
1360105	Scyris alexandrina	Scyris	Carangidae	Carangidae	Alexandria Pompano	0	27	False	False	False	ineligible	below_regional_or_global_threshold
112435	Selene brevoortii	Selene	Carangidae	Carangidae	Hairfin Lookdown	0	90	False	False	False	ineligible	below_regional_or_global_threshold
317376	Selene brownii	Selene	Carangidae	Carangidae	Brown's Caribbean Moonfish	0	9	False	False	False	ineligible	below_regional_or_global_threshold
566454	Selene dorsalis	Selene	Carangidae	Carangidae	African Moonfish	0	43	False	False	False	ineligible	below_regional_or_global_threshold
112437	Selene peruviana	Selene	Carangidae	Carangidae	Peruvian Moonfish	0	81	False	False	False	ineligible	below_regional_or_global_threshold
49598	Selene setapinnis	Selene	Carangidae	Carangidae	Atlantic Moonfish	0	420	False	False	False	ineligible	below_regional_or_global_threshold
179469	Selene vomer	Selene	Carangidae	Carangidae	Lookdown	0	573	False	False	False	ineligible	below_regional_or_global_threshold
1316087	Seriola aureovittata	Seriola	Carangidae	Carangidae	Yellowtail Kingfish	0	12	False	False	False	ineligible	below_regional_or_global_threshold
51551	Seriola carpenteri	Seriola	Carangidae	Carangidae	Mediterranean Amberjack	0	4	False	False	False	ineligible	below_regional_or_global_threshold
1316790	Seriola dorsalis	Seriola	Carangidae	Carangidae	California Yellowtail	0	144	False	False	False	ineligible	below_regional_or_global_threshold
51549	Seriola dumerili	Seriola	Carangidae	Carangidae	Greater Amberjack	0	1244	False	False	False	ineligible	below_regional_or_global_threshold
120689	Seriola fasciata	Seriola	Carangidae	Carangidae	Lesser Amberjack	0	43	False	False	False	ineligible	below_regional_or_global_threshold
488322	Seriola hippos	Seriola	Carangidae	Carangidae	Samsonfish	0	224	False	False	False	ineligible	below_regional_or_global_threshold
51550	Seriola lalandi	Seriola	Carangidae	Carangidae	Yellowtail Kingfish	0	854	False	False	False	ineligible	below_regional_or_global_threshold
112482	Seriola peruana	Seriola	Carangidae	Carangidae	Darkfin Amberjack	0	9	False	False	False	ineligible	below_regional_or_global_threshold
194667	Seriola quinqueradiata	Seriola	Carangidae	Carangidae	Japanese Amberjack	0	10	False	False	False	ineligible	below_regional_or_global_threshold
133676	Seriola zonata	Seriola	Carangidae	Carangidae	Banded Rudderfish	0	164	False	False	False	ineligible	below_regional_or_global_threshold
333752	Seriolina nigrofasciata	Seriolina	Carangidae	Carangidae	Blackbanded Amberjack	0	43	False	False	False	ineligible	below_regional_or_global_threshold
118696	Trachurus capensis	Trachurus	Carangidae	Carangidae	Cape Horse Mackerel	0	2	False	False	False	ineligible	below_regional_or_global_threshold
529709	Trachurus declivis	Trachurus	Carangidae	Carangidae	Common Jack Mackerel	0	21	False	False	False	ineligible	below_regional_or_global_threshold
194666	Trachurus japonicus	Trachurus	Carangidae	Carangidae	Japanese Horse Mackerel	0	78	False	False	False	ineligible	below_regional_or_global_threshold
179447	Trachurus lathami	Trachurus	Carangidae	Carangidae	Rough Scad	0	42	False	False	False	ineligible	below_regional_or_global_threshold
118694	Trachurus mediterraneus	Trachurus	Carangidae	Carangidae	Mediterranean Horse Mackerel	0	77	False	False	False	ineligible	below_regional_or_global_threshold
114273	Trachurus murphyi	Trachurus	Carangidae	Carangidae	Chilean Jack Mackerel	0	40	False	False	False	ineligible	below_regional_or_global_threshold
120676	Trachurus picturatus	Trachurus	Carangidae	Carangidae	Blue Jack Mackerel	0	21	False	False	False	ineligible	below_regional_or_global_threshold
1315357	Trachurus ponticus	Trachurus	Carangidae	Carangidae		0	19	False	False	False	ineligible	below_regional_or_global_threshold
114274	Trachurus symmetricus	Trachurus	Carangidae	Carangidae	Pacific Jack Mackerel	0	296	False	False	False	ineligible	below_regional_or_global_threshold
118695	Trachurus trachurus	Trachurus	Carangidae	Carangidae	Atlantic Horse Mackerel	0	193	False	False	False	ineligible	below_regional_or_global_threshold
53479	Uraspis helvola	Uraspis	Carangidae	Carangidae	Whitetongue Jack	0	79	False	False	False	ineligible	below_regional_or_global_threshold
359952	Uraspis uraspis	Uraspis	Carangidae	Carangidae	Whitemouth Trevally	0	7	False	False	False	ineligible	below_regional_or_global_threshold
67964	Carcharhinus melanopterus	Carcharhinus	Carcharhinidae	Carcharhinidae	Blacktip Reef Shark	487	3911	True	True	True	common_target_pretraining	requested_target_meets_abundance_thresholds
52314	Triaenodon obesus	Triaenodon	Carcharhinidae	Carcharhinidae	Whitetip Reef Shark	392	6065	True	True	True	common_target_pretraining	requested_target_meets_abundance_thresholds
67970	Carcharhinus amblyrhynchos	Carcharhinus	Carcharhinidae	Carcharhinidae	Grey Reef Shark	30	1702	True	False	True	broad_pretraining	regional_and_global_abundance
96754	Carcharhinus falciformis	Carcharhinus	Carcharhinidae	Carcharhinidae	Silky Shark	6	348	False	False	False	ineligible	below_regional_or_global_threshold
84996	Carcharhinus leucas	Carcharhinus	Carcharhinidae	Carcharhinidae	Bull Shark	4	1754	False	False	False	ineligible	below_regional_or_global_threshold
96767	Carcharhinus sorrah	Carcharhinus	Carcharhinidae	Carcharhinidae	Spot-tail Shark	4	274	False	False	False	ineligible	below_regional_or_global_threshold
111749	Rhizoprionodon oligolinx	Rhizoprionodon	Carcharhinidae	Carcharhinidae	Grey Sharpnose Shark	4	21	False	False	False	ineligible	below_regional_or_global_threshold
52315	Carcharhinus albimarginatus	Carcharhinus	Carcharhinidae	Carcharhinidae	Silvertip Shark	3	257	False	False	False	ineligible	below_regional_or_global_threshold
104819	Loxodon macrorhinus	Loxodon	Carcharhinidae	Carcharhinidae	Sliteye Shark	3	31	False	False	False	ineligible	below_regional_or_global_threshold
607432	Scoliodon macrorhynchos	Scoliodon	Carcharhinidae	Carcharhinidae	Pacific Spadenose Shark	3	68	False	False	False	ineligible	below_regional_or_global_threshold
607431	Lamiopsis tephrodes	Lamiopsis	Carcharhinidae	Carcharhinidae	Borneo Broadfin Shark	2	3	False	False	False	ineligible	below_regional_or_global_threshold
96751	Carcharhinus brevipinna	Carcharhinus	Carcharhinidae	Carcharhinidae	Spinner Shark	1	295	False	False	False	ineligible	below_regional_or_global_threshold
96753	Carcharhinus dussumieri	Carcharhinus	Carcharhinidae	Carcharhinidae	Whitecheek Shark	1	19	False	False	False	ineligible	below_regional_or_global_threshold
96761	Carcharhinus macloti	Carcharhinus	Carcharhinidae	Carcharhinidae	Hardnose Shark	1	33	False	False	False	ineligible	below_regional_or_global_threshold
96765	Carcharhinus sealei	Carcharhinus	Carcharhinidae	Carcharhinidae	Blackspot Shark	1	12	False	False	False	ineligible	below_regional_or_global_threshold
607429	Carcharhinus tjutjot	Carcharhinus	Carcharhinidae	Carcharhinidae	Indonesian Whaler	1	10	False	False	False	ineligible	below_regional_or_global_threshold
110361	Prionace glauca	Prionace	Carcharhinidae	Carcharhinidae	Blue Shark	1	922	False	False	False	ineligible	below_regional_or_global_threshold
111746	Rhizoprionodon acutus	Rhizoprionodon	Carcharhinidae	Carcharhinidae	Milk Shark	1	281	False	False	False	ineligible	below_regional_or_global_threshold
96745	Carcharhinus acronotus	Carcharhinus	Carcharhinidae	Carcharhinidae	Blacknose Shark	0	264	False	False	False	ineligible	below_regional_or_global_threshold
96746	Carcharhinus altimus	Carcharhinus	Carcharhinidae	Carcharhinidae	Bignose Shark	0	6	False	False	False	ineligible	below_regional_or_global_threshold
96747	Carcharhinus amblyrhynchoides	Carcharhinus	Carcharhinidae	Carcharhinidae	Graceful Shark	0	17	False	False	False	ineligible	below_regional_or_global_threshold
96748	Carcharhinus amboinensis	Carcharhinus	Carcharhinidae	Carcharhinidae	Pigeye Shark	0	84	False	False	False	ineligible	below_regional_or_global_threshold
96750	Carcharhinus brachyurus	Carcharhinus	Carcharhinidae	Carcharhinidae	Bronze Whaler	0	337	False	False	False	ineligible	below_regional_or_global_threshold
96752	Carcharhinus cautus	Carcharhinus	Carcharhinidae	Carcharhinidae	Nervous Shark	0	38	False	False	False	ineligible	below_regional_or_global_threshold
607426	Carcharhinus cerdale	Carcharhinus	Carcharhinidae	Carcharhinidae	Pacific Smalltail Shark	0	2	False	False	False	ineligible	below_regional_or_global_threshold
529723	Carcharhinus coatesi	Carcharhinus	Carcharhinidae	Carcharhinidae	Whitecheek Shark	0	10	False	False	False	ineligible	below_regional_or_global_threshold
96755	Carcharhinus fitzroyensis	Carcharhinus	Carcharhinidae	Carcharhinidae	Creek Whaler	0	2	False	False	False	ineligible	below_regional_or_global_threshold
96756	Carcharhinus galapagensis	Carcharhinus	Carcharhinidae	Carcharhinidae	Galápagos Shark	0	642	False	False	False	ineligible	below_regional_or_global_threshold
96757	Carcharhinus hemiodon	Carcharhinus	Carcharhinidae	Carcharhinidae	Pondicherry Shark	0	4	False	False	False	ineligible	below_regional_or_global_threshold
607427	Carcharhinus humani	Carcharhinus	Carcharhinidae	Carcharhinidae	Human's Whaler	0	3	False	False	False	ineligible	below_regional_or_global_threshold
96758	Carcharhinus isodon	Carcharhinus	Carcharhinidae	Carcharhinidae	Finetooth Shark	0	224	False	False	False	ineligible	below_regional_or_global_threshold
55529	Carcharhinus limbatus	Carcharhinus	Carcharhinidae	Carcharhinidae	Common Blacktip Shark	0	1979	False	False	False	ineligible	below_regional_or_global_threshold
96760	Carcharhinus longimanus	Carcharhinus	Carcharhinidae	Carcharhinidae	Oceanic Whitetip Shark	0	198	False	False	False	ineligible	below_regional_or_global_threshold
96762	Carcharhinus obscurus	Carcharhinus	Carcharhinidae	Carcharhinidae	Dusky Shark	0	323	False	False	False	ineligible	below_regional_or_global_threshold
188767	Carcharhinus perezii	Carcharhinus	Carcharhinidae	Carcharhinidae	Caribbean Reef Shark	0	1084	False	False	False	ineligible	below_regional_or_global_threshold
53583	Carcharhinus plumbeus	Carcharhinus	Carcharhinidae	Carcharhinidae	Sandbar Shark	0	795	False	False	False	ineligible	below_regional_or_global_threshold
96764	Carcharhinus porosus	Carcharhinus	Carcharhinidae	Carcharhinidae	Smalltail Shark	0	3	False	False	False	ineligible	below_regional_or_global_threshold
96766	Carcharhinus signatus	Carcharhinus	Carcharhinidae	Carcharhinidae	Night Shark	0	4	False	False	False	ineligible	below_regional_or_global_threshold
55530	Carcharhinus tilstoni	Carcharhinus	Carcharhinidae	Carcharhinidae	Australian Blacktip Shark	0	50	False	False	False	ineligible	below_regional_or_global_threshold
101508	Glyphis gangeticus	Glyphis	Carcharhinidae	Carcharhinidae	Ganges River Shark	0	7	False	False	False	ineligible	below_regional_or_global_threshold
101510	Glyphis glyphis	Glyphis	Carcharhinidae	Carcharhinidae	Speartooth Shark	0	3	False	False	False	ineligible	below_regional_or_global_threshold
143665	Lamiopsis temminckii	Lamiopsis	Carcharhinidae	Carcharhinidae	Broadfin Shark	0	4	False	False	False	ineligible	below_regional_or_global_threshold
106625	Nasolamia velox	Nasolamia	Carcharhinidae	Carcharhinidae	Whitenose Shark	0	1	False	False	False	ineligible	below_regional_or_global_threshold
106649	Negaprion acutidens	Negaprion	Carcharhinidae	Carcharhinidae	Sicklefin Lemon Shark	0	481	False	False	False	ineligible	below_regional_or_global_threshold
106650	Negaprion brevirostris	Negaprion	Carcharhinidae	Carcharhinidae	Lemon Shark	0	928	False	False	False	ineligible	below_regional_or_global_threshold
111747	Rhizoprionodon lalandii	Rhizoprionodon	Carcharhinidae	Carcharhinidae	Brazilian Sharpnose Shark	0	19	False	False	False	ineligible	below_regional_or_global_threshold
111748	Rhizoprionodon longurio	Rhizoprionodon	Carcharhinidae	Carcharhinidae	Pacific Sharpnose Shark	0	46	False	False	False	ineligible	below_regional_or_global_threshold
111750	Rhizoprionodon porosus	Rhizoprionodon	Carcharhinidae	Carcharhinidae	Caribbean Sharpnose Shark	0	20	False	False	False	ineligible	below_regional_or_global_threshold
111751	Rhizoprionodon taylori	Rhizoprionodon	Carcharhinidae	Carcharhinidae	Australian Sharpnose Shark	0	6	False	False	False	ineligible	below_regional_or_global_threshold
111752	Rhizoprionodon terraenovae	Rhizoprionodon	Carcharhinidae	Carcharhinidae	Atlantic Sharpnose Shark	0	1167	False	False	False	ineligible	below_regional_or_global_threshold
112329	Scoliodon laticaudus	Scoliodon	Carcharhinidae	Carcharhinidae	Spadenose Shark	0	114	False	False	False	ineligible	below_regional_or_global_threshold
97167	Chaetodon kleinii	Chaetodon	Chaetodontidae	Chaetodontidae	Blacklip Butterflyfish	954	3043	True	True	True	common_target_pretraining	requested_target_meets_abundance_thresholds
102638	Heniochus varius	Heniochus	Chaetodontidae	Chaetodontidae	Humphead Bannerfish	605	1546	True	True	True	common_target_pretraining	requested_target_meets_abundance_thresholds
97146	Chaetodon baronessa	Chaetodon	Chaetodontidae	Chaetodontidae	Eastern Triangle Butterflyfish	510	2006	True	True	True	common_target_pretraining	requested_target_meets_abundance_thresholds
97193	Chaetodon rafflesii	Chaetodon	Chaetodontidae	Chaetodontidae	Lattice Butterflyfish	462	1512	True	True	True	common_target_pretraining	requested_target_meets_abundance_thresholds
97139	Chaetodon adiergastos	Chaetodon	Chaetodontidae	Chaetodontidae	Panda Butterflyfish	392	697	True	True	True	common_target_pretraining	requested_target_meets_abundance_thresholds
102631	Heniochus acuminatus	Heniochus	Chaetodontidae	Chaetodontidae	Longfin Bannerfish	109	2028	True	True	True	common_target_pretraining	requested_target_meets_abundance_thresholds
102618	Hemitaurichthys polylepis	Hemitaurichthys	Chaetodontidae	Chaetodontidae	Pyramid Butterflyfish	352	1246	True	False	True	broad_pretraining	regional_and_global_abundance
102632	Heniochus chrysostomus	Heniochus	Chaetodontidae	Chaetodontidae	Pennant Bannerfish	333	1830	True	False	True	broad_pretraining	regional_and_global_abundance
100990	Forcipiger flavissimus	Forcipiger	Chaetodontidae	Chaetodontidae	Forceps Butterflyfish	310	2650	True	False	True	broad_pretraining	regional_and_global_abundance
98391	Coradion chrysozonus	Coradion	Chaetodontidae	Chaetodontidae	Orangebanded Coralfish	271	561	True	False	True	broad_pretraining	regional_and_global_abundance
100991	Forcipiger longirostris	Forcipiger	Chaetodontidae	Chaetodontidae	Longnose Butterflyfish	106	671	True	False	True	broad_pretraining	regional_and_global_abundance
97340	Chelmon rostratus	Chelmon	Chaetodontidae	Chaetodontidae	Copperband Butterflyfish	96	1408	True	False	True	broad_pretraining	regional_and_global_abundance
102637	Heniochus singularius	Heniochus	Chaetodontidae	Chaetodontidae	Singular Bannerfish	202	783	True	False	True	novel_evaluation	held_out_for_unseen_species_evaluation
48743	Chaetodon lunulatus	Chaetodon	Chaetodontidae	Chaetodontidae	Redfin Butterflyfish	618	4152	True	False	False	eligible_not_selected	genus_quota_reached
48747	Chaetodon vagabundus	Chaetodon	Chaetodontidae	Chaetodontidae	Vagabond Butterflyfish	603	3535	True	False	False	eligible_not_selected	genus_quota_reached
97174	Chaetodon melannotus	Chaetodon	Chaetodontidae	Chaetodontidae	Blackback Butterflyfish	458	2371	True	False	False	eligible_not_selected	genus_quota_reached
97201	Chaetodon speculum	Chaetodon	Chaetodontidae	Chaetodontidae	Mirror Butterflyfish	441	1399	True	False	False	eligible_not_selected	genus_quota_reached
97207	Chaetodon trifascialis	Chaetodon	Chaetodontidae	Chaetodontidae	Chevron Butterflyfish	379	2807	True	False	False	eligible_not_selected	genus_quota_reached
52454	Chaetodon ornatissimus	Chaetodon	Chaetodontidae	Chaetodontidae	Ornate Butterflyfish	308	2776	True	False	False	eligible_not_selected	genus_quota_reached
97157	Chaetodon ephippium	Chaetodon	Chaetodontidae	Chaetodontidae	Saddle Butterflyfish	303	2236	True	False	False	eligible_not_selected	genus_quota_reached
47316	Chaetodon lunula	Chaetodon	Chaetodontidae	Chaetodontidae	Raccoon Butterflyfish	291	4318	True	False	False	eligible_not_selected	genus_quota_reached
97178	Chaetodon meyeri	Chaetodon	Chaetodontidae	Chaetodontidae	Meyer's Butterflyfish	230	917	True	False	False	eligible_not_selected	genus_quota_reached
97209	Chaetodon unimaculatus	Chaetodon	Chaetodontidae	Chaetodontidae	Teardrop Butterflyfish	228	1918	True	False	False	eligible_not_selected	genus_quota_reached
52457	Chaetodon auriga	Chaetodon	Chaetodontidae	Chaetodontidae	Threadfin Butterflyfish	225	7084	True	False	False	eligible_not_selected	genus_quota_reached
97208	Chaetodon ulietensis	Chaetodon	Chaetodontidae	Chaetodontidae	Pacific Double-saddle Butterflyfish	224	1769	True	False	False	eligible_not_selected	genus_quota_reached
97185	Chaetodon octofasciatus	Chaetodon	Chaetodontidae	Chaetodontidae	Eightband Butterflyfish	213	1237	True	False	False	eligible_not_selected	genus_quota_reached
97191	Chaetodon punctatofasciatus	Chaetodon	Chaetodontidae	Chaetodontidae	Spotbanded Butterflyfish	183	545	True	False	False	eligible_not_selected	genus_quota_reached
97150	Chaetodon citrinellus	Chaetodon	Chaetodontidae	Chaetodontidae	Speckled Butterflyfish	166	2481	True	False	False	eligible_not_selected	genus_quota_reached
97147	Chaetodon bennetti	Chaetodon	Chaetodontidae	Chaetodontidae	Eclipse Butterflyfish	152	1050	True	False	False	eligible_not_selected	genus_quota_reached
102633	Heniochus diphreutes	Heniochus	Chaetodontidae	Chaetodontidae	Schooling Bannerfish	141	1188	True	False	False	eligible_not_selected	genus_quota_reached
97170	Chaetodon lineolatus	Chaetodon	Chaetodontidae	Chaetodontidae	Lined Butterflyfish	135	1667	True	False	False	eligible_not_selected	genus_quota_reached
48744	Chaetodon trifasciatus	Chaetodon	Chaetodontidae	Chaetodontidae	Indian Redfin Butterflyfish	41	1308	True	False	False	eligible_not_selected	genus_quota_reached
97164	Chaetodon guentheri	Chaetodon	Chaetodontidae	Chaetodontidae	Gunther's Butterflyfish	40	658	True	False	False	eligible_not_selected	genus_quota_reached
97151	Chaetodon collare	Chaetodon	Chaetodontidae	Chaetodontidae	Red-tailed Butterflyfish	30	676	True	False	False	eligible_not_selected	genus_quota_reached
97184	Chaetodon ocellicaudus	Chaetodon	Chaetodontidae	Chaetodontidae	Spot-tail Butterflyfish	216	359	False	False	False	ineligible	below_regional_or_global_threshold
97154	Chaetodon decussatus	Chaetodon	Chaetodontidae	Chaetodontidae	Indian Vagabond Butterflyfish	131	434	False	False	False	ineligible	below_regional_or_global_threshold
98392	Coradion melanopus	Coradion	Chaetodontidae	Chaetodontidae	Two-eyed Coralfish	98	233	False	False	False	ineligible	below_regional_or_global_threshold
97186	Chaetodon oxycephalus	Chaetodon	Chaetodontidae	Chaetodontidae	Spotnape Butterflyfish	97	230	False	False	False	ineligible	below_regional_or_global_threshold
97198	Chaetodon semeion	Chaetodon	Chaetodontidae	Chaetodontidae	Dotted Butterflyfish	91	271	False	False	False	ineligible	below_regional_or_global_threshold
97212	Chaetodon xanthurus	Chaetodon	Chaetodontidae	Chaetodontidae	Crosshatch Butterflyfish	62	207	False	False	False	ineligible	below_regional_or_global_threshold
97197	Chaetodon selene	Chaetodon	Chaetodontidae	Chaetodontidae	Yellow-dotted Butterflyfish	34	95	False	False	False	ineligible	below_regional_or_global_threshold
97165	Chaetodon guttatissimus	Chaetodon	Chaetodontidae	Chaetodontidae	Spotted Butterflyfish	26	429	False	False	False	ineligible	below_regional_or_global_threshold
102620	Hemitaurichthys zoster	Hemitaurichthys	Chaetodontidae	Chaetodontidae	Black Pyramid Butterflyfish	20	478	False	False	False	ineligible	below_regional_or_global_threshold
97194	Chaetodon reticulatus	Chaetodon	Chaetodontidae	Chaetodontidae	Reticulate Butterflyfish	16	721	False	False	False	ineligible	below_regional_or_global_threshold
102636	Heniochus pleurotaenia	Heniochus	Chaetodontidae	Chaetodontidae	Phantom Bannerfish	16	302	False	False	False	ineligible	below_regional_or_global_threshold
108423	Parachaetodon ocellatus	Parachaetodon	Chaetodontidae	Chaetodontidae	Ocellate Butterflyfish	15	211	False	False	False	ineligible	below_regional_or_global_threshold
537735	Forcipiger wanai	Forcipiger	Chaetodontidae	Chaetodontidae	Cenderawasih longnose butterflyfish	14	15	False	False	False	ineligible	below_regional_or_global_threshold
97158	Chaetodon falcula	Chaetodon	Chaetodontidae	Chaetodontidae	Saddleback Butterflyfish	9	417	False	False	False	ineligible	below_regional_or_global_threshold
97143	Chaetodon aureofasciatus	Chaetodon	Chaetodontidae	Chaetodontidae	Goldstripe Butterflyfish	6	1050	False	False	False	ineligible	below_regional_or_global_threshold
98390	Coradion altivelis	Coradion	Chaetodontidae	Chaetodontidae	Highfin Coralfish	6	306	False	False	False	ineligible	below_regional_or_global_threshold
97338	Chelmon marginalis	Chelmon	Chaetodontidae	Chaetodontidae	Margined Coralfish	4	129	False	False	False	ineligible	below_regional_or_global_threshold
102635	Heniochus monoceros	Heniochus	Chaetodontidae	Chaetodontidae	Masked Bannerfish	4	1099	False	False	False	ineligible	below_regional_or_global_threshold
97149	Chaetodon burgessi	Chaetodon	Chaetodontidae	Chaetodontidae	Black and White Butterflyfish	3	12	False	False	False	ineligible	below_regional_or_global_threshold
97172	Chaetodon madagaskariensis	Chaetodon	Chaetodontidae	Chaetodontidae	Seychelles Butterflyfish	3	222	False	False	False	ineligible	below_regional_or_global_threshold
97204	Chaetodon triangulum	Chaetodon	Chaetodontidae	Chaetodontidae	Triangular Butterflyfish	3	281	False	False	False	ineligible	below_regional_or_global_threshold
97211	Chaetodon xanthocephalus	Chaetodon	Chaetodontidae	Chaetodontidae	Yellowhead Butterflyfish	3	484	False	False	False	ineligible	below_regional_or_global_threshold
97140	Chaetodon andamanensis	Chaetodon	Chaetodontidae	Chaetodontidae	Andaman Butterflyfish	2	150	False	False	False	ineligible	below_regional_or_global_threshold
97166	Chaetodon interruptus	Chaetodon	Chaetodontidae	Chaetodontidae	Indian Teardrop Butterflyfish	2	205	False	False	False	ineligible	below_regional_or_global_threshold
97176	Chaetodon mertensii	Chaetodon	Chaetodontidae	Chaetodontidae	Mertens' Butterflyfish	1	364	False	False	False	ineligible	below_regional_or_global_threshold
97188	Chaetodon pelewensis	Chaetodon	Chaetodontidae	Chaetodontidae	Dot-and-dash Butterflyfish	1	598	False	False	False	ineligible	below_regional_or_global_threshold
97190	Chaetodon plebeius	Chaetodon	Chaetodontidae	Chaetodontidae	Bluespot Butterflyfish	1	1442	False	False	False	ineligible	below_regional_or_global_threshold
93901	Amphichaetodon howensis	Amphichaetodon	Chaetodontidae	Chaetodontidae	Lord Howe butterflyfish	0	96	False	False	False	ineligible	below_regional_or_global_threshold
93902	Amphichaetodon melbae	Amphichaetodon	Chaetodontidae	Chaetodontidae	Narrow-barred Butterflyfish	0	5	False	False	False	ineligible	below_regional_or_global_threshold
97141	Chaetodon argentatus	Chaetodon	Chaetodontidae	Chaetodontidae	Asian Butterflyfish	0	68	False	False	False	ineligible	below_regional_or_global_threshold
97142	Chaetodon assarius	Chaetodon	Chaetodontidae	Chaetodontidae	Western Butterflyfish	0	123	False	False	False	ineligible	below_regional_or_global_threshold
97144	Chaetodon auripes	Chaetodon	Chaetodontidae	Chaetodontidae	Oriental Butterflyfish	0	390	False	False	False	ineligible	below_regional_or_global_threshold
97145	Chaetodon austriacus	Chaetodon	Chaetodontidae	Chaetodontidae	Exquisite Butterflyfish	0	1037	False	False	False	ineligible	below_regional_or_global_threshold
97148	Chaetodon blackburnii	Chaetodon	Chaetodontidae	Chaetodontidae	Chocolate Butterflyfish	0	82	False	False	False	ineligible	below_regional_or_global_threshold
52956	Chaetodon capistratus	Chaetodon	Chaetodontidae	Chaetodontidae	Four-eyed Butterflyfish	0	3541	False	False	False	ineligible	below_regional_or_global_threshold
97152	Chaetodon daedalma	Chaetodon	Chaetodontidae	Chaetodontidae	Wrought Iron Butterflyfish	0	18	False	False	False	ineligible	below_regional_or_global_threshold
97153	Chaetodon declivis	Chaetodon	Chaetodontidae	Chaetodontidae	Marquesas butterflyfish	0	2	False	False	False	ineligible	below_regional_or_global_threshold
97155	Chaetodon dialeucos	Chaetodon	Chaetodontidae	Chaetodontidae	Oman Butterflyfish	0	3	False	False	False	ineligible	below_regional_or_global_threshold
97156	Chaetodon dolosus	Chaetodon	Chaetodontidae	Chaetodontidae	African Butterflyfish	0	56	False	False	False	ineligible	below_regional_or_global_threshold
97159	Chaetodon fasciatus	Chaetodon	Chaetodontidae	Chaetodontidae	Red Sea Raccoon Butterflyfish	0	1158	False	False	False	ineligible	below_regional_or_global_threshold
97160	Chaetodon flavirostris	Chaetodon	Chaetodontidae	Chaetodontidae	Dusky Butterflyfish	0	1254	False	False	False	ineligible	below_regional_or_global_threshold
97161	Chaetodon flavocoronatus	Chaetodon	Chaetodontidae	Chaetodontidae	Yellow-crowned butterflyfish	0	4	False	False	False	ineligible	below_regional_or_global_threshold
97162	Chaetodon fremblii	Chaetodon	Chaetodontidae	Chaetodontidae	Bluestripe Butterflyfish	0	342	False	False	False	ineligible	below_regional_or_global_threshold
97163	Chaetodon gardineri	Chaetodon	Chaetodontidae	Chaetodontidae	Gardiner's Butterflyfish	0	12	False	False	False	ineligible	below_regional_or_global_threshold
59691	Chaetodon hoefleri	Chaetodon	Chaetodontidae	Chaetodontidae	Four-banded butterflyfish	0	14	False	False	False	ineligible	below_regional_or_global_threshold
55534	Chaetodon humeralis	Chaetodon	Chaetodontidae	Chaetodontidae	Three-banded Butterflyfish	0	1303	False	False	False	ineligible	below_regional_or_global_threshold
97168	Chaetodon larvatus	Chaetodon	Chaetodontidae	Chaetodontidae	Orangeface Butterflyfish	0	139	False	False	False	ineligible	below_regional_or_global_threshold
97169	Chaetodon leucopleura	Chaetodon	Chaetodontidae	Chaetodontidae	Somali Butterflyfish	0	18	False	False	False	ineligible	below_regional_or_global_threshold
97171	Chaetodon litus	Chaetodon	Chaetodontidae	Chaetodontidae	Easter Island Butterflyfish	0	52	False	False	False	ineligible	below_regional_or_global_threshold
97173	Chaetodon marleyi	Chaetodon	Chaetodontidae	Chaetodontidae	Marley's Butterflyfish	0	171	False	False	False	ineligible	below_regional_or_global_threshold
97175	Chaetodon melapterus	Chaetodon	Chaetodontidae	Chaetodontidae	Arabian Butterflyfish	0	94	False	False	False	ineligible	below_regional_or_global_threshold
97177	Chaetodon mesoleucos	Chaetodon	Chaetodontidae	Chaetodontidae	Whiteface Butterflyfish	0	26	False	False	False	ineligible	below_regional_or_global_threshold
97179	Chaetodon miliaris	Chaetodon	Chaetodontidae	Chaetodontidae	Milletseed Butterflyfish	0	568	False	False	False	ineligible	below_regional_or_global_threshold
97180	Chaetodon mitratus	Chaetodon	Chaetodontidae	Chaetodontidae	Indian Butterflyfish	0	8	False	False	False	ineligible	below_regional_or_global_threshold
97181	Chaetodon multicinctus	Chaetodon	Chaetodontidae	Chaetodontidae	Pebbled Butterflyfish	0	564	False	False	False	ineligible	below_regional_or_global_threshold
97182	Chaetodon nigropunctatus	Chaetodon	Chaetodontidae	Chaetodontidae	Black-spotted butterflyfish	0	66	False	False	False	ineligible	below_regional_or_global_threshold
97183	Chaetodon nippon	Chaetodon	Chaetodontidae	Chaetodontidae	Japanese Butterflyfish	0	26	False	False	False	ineligible	below_regional_or_global_threshold
49273	Chaetodon ocellatus	Chaetodon	Chaetodontidae	Chaetodontidae	Spotfin Butterflyfish	0	1840	False	False	False	ineligible	below_regional_or_global_threshold
97187	Chaetodon paucifasciatus	Chaetodon	Chaetodontidae	Chaetodontidae	Crown Butterflyfish	0	740	False	False	False	ineligible	below_regional_or_global_threshold
97189	Chaetodon pictus	Chaetodon	Chaetodontidae	Chaetodontidae	Painted Butterflyfish	0	31	False	False	False	ineligible	below_regional_or_global_threshold
97192	Chaetodon quadrimaculatus	Chaetodon	Chaetodontidae	Chaetodontidae	Fourspot Butterflyfish	0	1530	False	False	False	ineligible	below_regional_or_global_threshold
59688	Chaetodon rainfordi	Chaetodon	Chaetodontidae	Chaetodontidae	Rainford's Butterflyfish	0	683	False	False	False	ineligible	below_regional_or_global_threshold
97195	Chaetodon robustus	Chaetodon	Chaetodontidae	Chaetodontidae	Three-banded Butterflyfish	0	56	False	False	False	ineligible	below_regional_or_global_threshold
97196	Chaetodon sanctaehelenae	Chaetodon	Chaetodontidae	Chaetodontidae	Saint Helena Butterflyfish	0	23	False	False	False	ineligible	below_regional_or_global_threshold
63411	Chaetodon sedentarius	Chaetodon	Chaetodontidae	Chaetodontidae	Reef Butterflyfish	0	171	False	False	False	ineligible	below_regional_or_global_threshold
97199	Chaetodon semilarvatus	Chaetodon	Chaetodontidae	Chaetodontidae	Masked Butterflyfish	0	1039	False	False	False	ineligible	below_regional_or_global_threshold
97200	Chaetodon smithi	Chaetodon	Chaetodontidae	Chaetodontidae	Smith's Butterflyfish	0	3	False	False	False	ineligible	below_regional_or_global_threshold
97202	Chaetodon striatus	Chaetodon	Chaetodontidae	Chaetodontidae	Banded Butterflyfish	0	2425	False	False	False	ineligible	below_regional_or_global_threshold
97203	Chaetodon tinkeri	Chaetodon	Chaetodontidae	Chaetodontidae	Tinker's Butterflyfish	0	14	False	False	False	ineligible	below_regional_or_global_threshold
97205	Chaetodon trichrous	Chaetodon	Chaetodontidae	Chaetodontidae	Tahitian butterflyfish	0	49	False	False	False	ineligible	below_regional_or_global_threshold
97206	Chaetodon tricinctus	Chaetodon	Chaetodontidae	Chaetodontidae	Threeband Butterflyfish	0	276	False	False	False	ineligible	below_regional_or_global_threshold
97210	Chaetodon wiebeli	Chaetodon	Chaetodontidae	Chaetodontidae	Hong Kong Butterflyfish	0	361	False	False	False	ineligible	below_regional_or_global_threshold
97213	Chaetodon zanzibarensis	Chaetodon	Chaetodontidae	Chaetodontidae	Zanzibar Butterflyfish	0	75	False	False	False	ineligible	below_regional_or_global_threshold
97339	Chelmon muelleri	Chelmon	Chaetodontidae	Chaetodontidae	Muller's Coralfish	0	23	False	False	False	ineligible	below_regional_or_global_threshold
97341	Chelmonops curiosus	Chelmonops	Chaetodontidae	Chaetodontidae	Western Talma	0	1679	False	False	False	ineligible	below_regional_or_global_threshold
97342	Chelmonops truncatus	Chelmonops	Chaetodontidae	Chaetodontidae	Eastern Talma	0	730	False	False	False	ineligible	below_regional_or_global_threshold
1444183	Coradion calendula	Coradion	Chaetodontidae	Chaetodontidae	Orange-tailed Coralfish	0	12	False	False	False	ineligible	below_regional_or_global_threshold
102619	Hemitaurichthys thompsoni	Hemitaurichthys	Chaetodontidae	Chaetodontidae	Thompson's Butterflyfish	0	42	False	False	False	ineligible	below_regional_or_global_threshold
102634	Heniochus intermedius	Heniochus	Chaetodontidae	Chaetodontidae	Red Sea Bannerfish	0	1360	False	False	False	ineligible	below_regional_or_global_threshold
85124	Johnrandallia nigrirostris	Johnrandallia	Chaetodontidae	Chaetodontidae	Black-nosed Butterflyfish	0	1620	False	False	False	ineligible	below_regional_or_global_threshold
110594	Prognathodes aculeatus	Prognathodes	Chaetodontidae	Chaetodontidae	Longsnout Butterflyfish	0	210	False	False	False	ineligible	below_regional_or_global_threshold
110595	Prognathodes aya	Prognathodes	Chaetodontidae	Chaetodontidae	Bank Butterflyfish	0	2	False	False	False	ineligible	below_regional_or_global_threshold
110597	Prognathodes carlhubbsi	Prognathodes	Chaetodontidae	Chaetodontidae	Southern Scythe Butterflyfish	0	44	False	False	False	ineligible	below_regional_or_global_threshold
110598	Prognathodes dichrous	Prognathodes	Chaetodontidae	Chaetodontidae	Bicolor butterflyfish	0	3	False	False	False	ineligible	below_regional_or_global_threshold
110599	Prognathodes falcifer	Prognathodes	Chaetodontidae	Chaetodontidae	Scythe Butterflyfish	0	15	False	False	False	ineligible	below_regional_or_global_threshold
110601	Prognathodes guyanensis	Prognathodes	Chaetodontidae	Chaetodontidae	Guyana Butterflyfish	0	1	False	False	False	ineligible	below_regional_or_global_threshold
110602	Prognathodes guyotensis	Prognathodes	Chaetodontidae	Chaetodontidae	Guyote Butterflyfish	0	1	False	False	False	ineligible	below_regional_or_global_threshold
59690	Prognathodes marcellae	Prognathodes	Chaetodontidae	Chaetodontidae	French Butterflyfish	0	13	False	False	False	ineligible	below_regional_or_global_threshold
111839	Roa australis	Roa	Chaetodontidae	Chaetodontidae	Tripleband Butterflyfish	0	1	False	False	False	ineligible	below_regional_or_global_threshold
111841	Roa modesta	Roa	Chaetodontidae	Chaetodontidae	Brown-banded Butterflyfish	0	57	False	False	False	ineligible	below_regional_or_global_threshold
69859	Platax teira	Platax	Ephippidae	Ephippidae	Longfin Batfish	358	2414	True	True	True	common_target_pretraining	requested_target_meets_abundance_thresholds
132399	Platax pinnatus	Platax	Ephippidae	Ephippidae	Dusky Batfish	357	938	True	True	True	common_target_pretraining	requested_target_meets_abundance_thresholds
69858	Platax orbicularis	Platax	Ephippidae	Ephippidae	Round Batfish	137	1213	True	True	True	common_target_pretraining	requested_target_meets_abundance_thresholds
120990	Platax boersii	Platax	Ephippidae	Ephippidae	Golden Spadefish	245	457	False	True	False	rare_target_holdout	requested_target_below_abundance_thresholds
132398	Platax batavianus	Platax	Ephippidae	Ephippidae	Humphead Batfish	75	255	False	False	False	ineligible	below_regional_or_global_threshold
178011	Ephippus orbis	Ephippus	Ephippidae	Ephippidae	Orbfish	1	28	False	False	False	ineligible	below_regional_or_global_threshold
614076	Proteracanthus sarissophorus	Proteracanthus	Ephippidae	Ephippidae	Spinyfin spadefish	1	3	False	False	False	ineligible	below_regional_or_global_threshold
49316	Chaetodipterus faber	Chaetodipterus	Ephippidae	Ephippidae	Atlantic Spadefish	0	2233	False	False	False	ineligible	below_regional_or_global_threshold
614074	Chaetodipterus lippei	Chaetodipterus	Ephippidae	Ephippidae	West African spadefish	0	28	False	False	False	ineligible	below_regional_or_global_threshold
97138	Chaetodipterus zonatus	Chaetodipterus	Ephippidae	Ephippidae	Pacific Spadefish	0	144	False	False	False	ineligible	below_regional_or_global_threshold
614075	Ephippus goreensis	Ephippus	Ephippidae	Ephippidae	East Atlantic African spadefish	0	6	False	False	False	ineligible	below_regional_or_global_threshold
108654	Parapsettus panamensis	Parapsettus	Ephippidae	Ephippidae	Panama Spadefish	0	13	False	False	False	ineligible	below_regional_or_global_threshold
366591	Tripterodon orbis	Tripterodon	Ephippidae	Ephippidae	African Spadefish	0	32	False	False	False	ineligible	below_regional_or_global_threshold
529870	Zabidius novemaculeatus	Zabidius	Ephippidae	Ephippidae	Shortfin Batfish	0	53	False	False	False	ineligible	below_regional_or_global_threshold
122002	Plectorhinchus chaetodonoides	Plectorhinchus	Haemulidae	Haemulidae	Harlequin Sweetlips	593	2419	True	True	True	common_target_pretraining	requested_target_meets_abundance_thresholds
120999	Plectorhinchus vittatus	Plectorhinchus	Haemulidae	Haemulidae	Oriental Sweetlips	533	1889	True	True	True	common_target_pretraining	requested_target_meets_abundance_thresholds
135279	Plectorhinchus polytaenia	Plectorhinchus	Haemulidae	Haemulidae	Ribbon Sweetlips	439	559	True	True	True	common_target_pretraining	requested_target_meets_abundance_thresholds
134158	Plectorhinchus lineatus	Plectorhinchus	Haemulidae	Haemulidae	Oblique-banded Sweetlips	432	1204	True	False	True	broad_pretraining	regional_and_global_abundance
132396	Diagramma pictum	Diagramma	Haemulidae	Haemulidae	Painted Sweetlips	202	1045	True	False	True	broad_pretraining	regional_and_global_abundance
188071	Plectorhinchus gibbosus	Plectorhinchus	Haemulidae	Haemulidae	Blubberlip	27	840	True	False	False	eligible_not_selected	genus_quota_reached
134157	Plectorhinchus lessonii	Plectorhinchus	Haemulidae	Haemulidae	Striped Sweetlips	133	309	False	False	False	ineligible	below_regional_or_global_threshold
199248	Plectorhinchus albovittatus	Plectorhinchus	Haemulidae	Haemulidae	Giant Sweetlips	112	237	False	False	False	ineligible	below_regional_or_global_threshold
123448	Plectorhinchus chrysotaenia	Plectorhinchus	Haemulidae	Haemulidae	Goldlined Sweetlips	75	171	False	False	False	ineligible	below_regional_or_global_threshold
347600	Plectorhinchus pica	Plectorhinchus	Haemulidae	Haemulidae	Dotted Sweetlips	34	468	False	False	False	ineligible	below_regional_or_global_threshold
530147	Diagramma melanacrum	Diagramma	Haemulidae	Haemulidae	Blackfin Sweetlips	32	87	False	False	False	ineligible	below_regional_or_global_threshold
68795	Pomadasys argenteus	Pomadasys	Haemulidae	Haemulidae	Silver Javelin	19	157	False	False	False	ineligible	below_regional_or_global_threshold
368081	Pomadasys kaakan	Pomadasys	Haemulidae	Haemulidae	Barred Javelin	13	280	False	False	False	ineligible	below_regional_or_global_threshold
110031	Pomadasys maculatus	Pomadasys	Haemulidae	Haemulidae	Blotched Javelin	7	57	False	False	False	ineligible	below_regional_or_global_threshold
341862	Plectorhinchus flavomaculatus	Plectorhinchus	Haemulidae	Haemulidae	Goldspotted Sweetlips	3	925	False	False	False	ineligible	below_regional_or_global_threshold
424598	Plectorhinchus multivittatus	Plectorhinchus	Haemulidae	Haemulidae	Manyline Sweetlips	2	63	False	False	False	ineligible	below_regional_or_global_threshold
354847	Pomadasys furcatus	Pomadasys	Haemulidae	Haemulidae	Banded Grunter	2	51	False	False	False	ineligible	below_regional_or_global_threshold
513499	Diagramma labiosum	Diagramma	Haemulidae	Haemulidae	Grey Sweetlips	1	474	False	False	False	ineligible	below_regional_or_global_threshold
357465	Plectorhinchus unicolor	Plectorhinchus	Haemulidae	Haemulidae	Sombre Sweetlips	1	54	False	False	False	ineligible	below_regional_or_global_threshold
68799	Pomadasys argyreus	Pomadasys	Haemulidae	Haemulidae	Bluecheek Javelin	1	4	False	False	False	ineligible	below_regional_or_global_threshold
615172	Pomadasys unimaculatus	Pomadasys	Haemulidae	Haemulidae	Red-patched Grunter	1	10	False	False	False	ineligible	below_regional_or_global_threshold
94129	Anisotremus caesius	Anisotremus	Haemulidae	Haemulidae	Silver Gray Grunt	0	58	False	False	False	ineligible	below_regional_or_global_threshold
94130	Anisotremus davidsonii	Anisotremus	Haemulidae	Haemulidae	Xantic Sargo	0	633	False	False	False	ineligible	below_regional_or_global_threshold
1313244	Anisotremus espinozai	Anisotremus	Haemulidae	Haemulidae	Santa Cruz Grunt	0	154	False	False	False	ineligible	below_regional_or_global_threshold
94132	Anisotremus interruptus	Anisotremus	Haemulidae	Haemulidae	Burrito Grunt	0	152	False	False	False	ineligible	below_regional_or_global_threshold
1313243	Anisotremus perezponcedeleoni	Anisotremus	Haemulidae	Haemulidae	Clarion Grunt	0	17	False	False	False	ineligible	below_regional_or_global_threshold
94135	Anisotremus scapularis	Anisotremus	Haemulidae	Haemulidae	Peruvian Grunt	0	116	False	False	False	ineligible	below_regional_or_global_threshold
52296	Anisotremus surinamensis	Anisotremus	Haemulidae	Haemulidae	Black Margate	0	803	False	False	False	ineligible	below_regional_or_global_threshold
94136	Anisotremus taeniatus	Anisotremus	Haemulidae	Haemulidae	Panamic Porkfish	0	250	False	False	False	ineligible	below_regional_or_global_threshold
49947	Anisotremus virginicus	Anisotremus	Haemulidae	Haemulidae	Porkfish	0	2625	False	False	False	ineligible	below_regional_or_global_threshold
615138	Boridia grossidens	Boridia	Haemulidae	Haemulidae	Borriqueta porgy	0	3	False	False	False	ineligible	below_regional_or_global_threshold
500543	Brachydeuterus auritus	Brachydeuterus	Haemulidae	Haemulidae	Bigeye Grunt	0	13	False	False	False	ineligible	below_regional_or_global_threshold
1316636	Brachygenys californiensis	Brachygenys	Haemulidae	Haemulidae	California Salema	0	408	False	False	False	ineligible	below_regional_or_global_threshold
1316786	Brachygenys chrysargyrea	Brachygenys	Haemulidae	Haemulidae	Smallmouth Grunt	0	1420	False	False	False	ineligible	below_regional_or_global_threshold
1316635	Brachygenys jessiae	Brachygenys	Haemulidae	Haemulidae	Black Striped Salema	0	445	False	False	False	ineligible	below_regional_or_global_threshold
179626	Conodon nobilis	Conodon	Haemulidae	Haemulidae	Barred Grunt	0	116	False	False	False	ineligible	below_regional_or_global_threshold
98345	Conodon serrifer	Conodon	Haemulidae	Haemulidae	Armed Grunt	0	5	False	False	False	ineligible	below_regional_or_global_threshold
615139	Diagramma centurio	Diagramma	Haemulidae	Haemulidae	Sailfin Rubberlip	0	36	False	False	False	ineligible	below_regional_or_global_threshold
615140	Diagramma punctatum	Diagramma	Haemulidae	Haemulidae		0	18	False	False	False	ineligible	below_regional_or_global_threshold
147114	Emmelichthyops atlanticus	Emmelichthyops	Haemulidae	Haemulidae	Bonnetmouth	0	3	False	False	False	ineligible	below_regional_or_global_threshold
483603	Genyatremus dovii	Genyatremus	Haemulidae	Haemulidae	Black-barred Grunt	0	21	False	False	False	ineligible	below_regional_or_global_threshold
615142	Genyatremus luteus	Genyatremus	Haemulidae	Haemulidae		0	11	False	False	False	ineligible	below_regional_or_global_threshold
615143	Genyatremus pacifici	Genyatremus	Haemulidae	Haemulidae		0	2	False	False	False	ineligible	below_regional_or_global_threshold
49953	Haemulon album	Haemulon	Haemulidae	Haemulidae	White Margate	0	290	False	False	False	ineligible	below_regional_or_global_threshold
1313585	Haemulon atlanticus	Haemulon	Haemulidae	Haemulidae	Atlantic latin grunt	0	45	False	False	False	ineligible	below_regional_or_global_threshold
49950	Haemulon aurolineatum	Haemulon	Haemulidae	Haemulidae	Tomtate	0	1606	False	False	False	ineligible	below_regional_or_global_threshold
317130	Haemulon bonariense	Haemulon	Haemulidae	Haemulidae	Black Grunt	0	37	False	False	False	ineligible	below_regional_or_global_threshold
130054	Haemulon carbonarium	Haemulon	Haemulidae	Haemulidae	Caesar Grunt	0	922	False	False	False	ineligible	below_regional_or_global_threshold
101998	Haemulon flaviguttatum	Haemulon	Haemulidae	Haemulidae	Cortez Grunt	0	99	False	False	False	ineligible	below_regional_or_global_threshold
62600	Haemulon flavolineatum	Haemulon	Haemulidae	Haemulidae	French Grunt	0	5479	False	False	False	ineligible	below_regional_or_global_threshold
52295	Haemulon macrostoma	Haemulon	Haemulidae	Haemulidae	Spanish Grunt	0	337	False	False	False	ineligible	below_regional_or_global_threshold
101999	Haemulon maculicauda	Haemulon	Haemulidae	Haemulidae	Spottail Grunt	0	624	False	False	False	ineligible	below_regional_or_global_threshold
131388	Haemulon melanurum	Haemulon	Haemulidae	Haemulidae	Cottonwick	0	229	False	False	False	ineligible	below_regional_or_global_threshold
317131	Haemulon parra	Haemulon	Haemulidae	Haemulidae	Sailor's Choice	0	1394	False	False	False	ineligible	below_regional_or_global_threshold
49951	Haemulon plumierii	Haemulon	Haemulidae	Haemulidae	White Grunt	0	2806	False	False	False	ineligible	below_regional_or_global_threshold
49262	Haemulon sciurus	Haemulon	Haemulidae	Haemulidae	Bluestriped Grunt	0	4389	False	False	False	ineligible	below_regional_or_global_threshold
102000	Haemulon scudderii	Haemulon	Haemulidae	Haemulidae	Grey Grunt	0	213	False	False	False	ineligible	below_regional_or_global_threshold
102001	Haemulon sexfasciatum	Haemulon	Haemulidae	Haemulidae	Graybar Grunt	0	727	False	False	False	ineligible	below_regional_or_global_threshold
615148	Haemulon squamipinna	Haemulon	Haemulidae	Haemulidae		0	17	False	False	False	ineligible	below_regional_or_global_threshold
102002	Haemulon steindachneri	Haemulon	Haemulidae	Haemulidae	Pacific Latin Grunt	0	61	False	False	False	ineligible	below_regional_or_global_threshold
49949	Haemulon striatum	Haemulon	Haemulidae	Haemulidae	Striped Grunt	0	46	False	False	False	ineligible	below_regional_or_global_threshold
495478	Haemulon vittatum	Haemulon	Haemulidae	Haemulidae	Boga	0	109	False	False	False	ineligible	below_regional_or_global_threshold
102003	Haemulopsis axillaris	Haemulopsis	Haemulidae	Haemulidae	Yellowstripe Grunt	0	15	False	False	False	ineligible	below_regional_or_global_threshold
615149	Haemulopsis corvinaeformis	Haemulopsis	Haemulidae	Haemulidae	Roughneck Grunt	0	79	False	False	False	ineligible	below_regional_or_global_threshold
1316046	Haemulopsis elongata	Haemulopsis	Haemulidae	Haemulidae	Elongate Grunt	0	23	False	False	False	ineligible	below_regional_or_global_threshold
49952	Haemulopsis leuciscus	Haemulopsis	Haemulidae	Haemulidae	White Grunt	0	33	False	False	False	ineligible	below_regional_or_global_threshold
1316045	Haemulopsis nitida	Haemulopsis	Haemulidae	Haemulidae	Shining Grunt	0	6	False	False	False	ineligible	below_regional_or_global_threshold
103475	Isacia conceptionis	Isacia	Haemulidae	Haemulidae	Cabinza Grunt	0	36	False	False	False	ineligible	below_regional_or_global_threshold
105787	Microlepidotus brevipinnis	Microlepidotus	Haemulidae	Haemulidae	Brassy Grunt	0	113	False	False	False	ineligible	below_regional_or_global_threshold
105788	Microlepidotus inornatus	Microlepidotus	Haemulidae	Haemulidae	Wavyline Grunt	0	27	False	False	False	ineligible	below_regional_or_global_threshold
1316631	Microlepidotus lethopristis	Microlepidotus	Haemulidae	Haemulidae	Scalyfin Grunt	0	55	False	False	False	ineligible	below_regional_or_global_threshold
1316648	Orthopristis cantharina	Orthopristis	Haemulidae	Haemulidae	Sheephead grunt	0	15	False	False	False	ineligible	below_regional_or_global_threshold
1316044	Orthopristis chalcea	Orthopristis	Haemulidae	Haemulidae	Humpback Grunt	0	18	False	False	False	ineligible	below_regional_or_global_threshold
49431	Orthopristis chrysoptera	Orthopristis	Haemulidae	Haemulidae	Pigfish	0	2116	False	False	False	ineligible	below_regional_or_global_threshold
55531	Orthopristis forbesi	Orthopristis	Haemulidae	Haemulidae	Galápagos Grunt	0	29	False	False	False	ineligible	below_regional_or_global_threshold
108000	Orthopristis reddingi	Orthopristis	Haemulidae	Haemulidae	Bronze-striped Grunt	0	8	False	False	False	ineligible	below_regional_or_global_threshold
1316043	Orthopristis rubra	Orthopristis	Haemulidae	Haemulidae	Corocoro Grunt	0	48	False	False	False	ineligible	below_regional_or_global_threshold
1316042	Parakuhlia macrophthalma	Parakuhlia	Haemulidae	Haemulidae	Dara	0	3	False	False	False	ineligible	below_regional_or_global_threshold
1315240	Paranisotremus moricandi	Paranisotremus	Haemulidae	Haemulidae	brownstriped grunt	0	16	False	False	False	ineligible	below_regional_or_global_threshold
476129	Parapristipoma humile	Parapristipoma	Haemulidae	Haemulidae	Guinean Grunt	0	37	False	False	False	ineligible	below_regional_or_global_threshold
359901	Parapristipoma octolineatum	Parapristipoma	Haemulidae	Haemulidae	African Striped Grunt	0	228	False	False	False	ineligible	below_regional_or_global_threshold
469585	Parapristipoma trilineatum	Parapristipoma	Haemulidae	Haemulidae	Chicken Grunt	0	64	False	False	False	ineligible	below_regional_or_global_threshold
525646	Plectorhinchus caeruleonothus	Plectorhinchus	Haemulidae	Haemulidae	Blue Bastard	0	47	False	False	False	ineligible	below_regional_or_global_threshold
615152	Plectorhinchus ceylonensis	Plectorhinchus	Haemulidae	Haemulidae		0	2	False	False	False	ineligible	below_regional_or_global_threshold
342567	Plectorhinchus chubbi	Plectorhinchus	Haemulidae	Haemulidae	Dusky Sweetlips	0	14	False	False	False	ineligible	below_regional_or_global_threshold
502356	Plectorhinchus cinctus	Plectorhinchus	Haemulidae	Haemulidae	Crescent Sweetlips	0	28	False	False	False	ineligible	below_regional_or_global_threshold
338765	Plectorhinchus gaterinus	Plectorhinchus	Haemulidae	Haemulidae	Blackspotted Rubberlip	0	604	False	False	False	ineligible	below_regional_or_global_threshold
615154	Plectorhinchus macrolepis	Plectorhinchus	Haemulidae	Haemulidae	Biglip Grunt	0	88	False	False	False	ineligible	below_regional_or_global_threshold
502906	Plectorhinchus macrospilus	Plectorhinchus	Haemulidae	Haemulidae	Largespot Sweetlips	0	20	False	False	False	ineligible	below_regional_or_global_threshold
479674	Plectorhinchus mediterraneus	Plectorhinchus	Haemulidae	Haemulidae	Rubber-lip Grunt	0	48	False	False	False	ineligible	below_regional_or_global_threshold
615155	Plectorhinchus paulayi	Plectorhinchus	Haemulidae	Haemulidae		0	1	False	False	False	ineligible	below_regional_or_global_threshold
347602	Plectorhinchus pictus	Plectorhinchus	Haemulidae	Haemulidae	Trout Sweetlips	0	2	False	False	False	ineligible	below_regional_or_global_threshold
615156	Plectorhinchus plagiodesmus	Plectorhinchus	Haemulidae	Haemulidae	Barred Rubberlip	0	46	False	False	False	ineligible	below_regional_or_global_threshold
551943	Plectorhinchus playfairi	Plectorhinchus	Haemulidae	Haemulidae	Whitebarred Rubberlip	0	82	False	False	False	ineligible	below_regional_or_global_threshold
357464	Plectorhinchus schotaf	Plectorhinchus	Haemulidae	Haemulidae	Grey Sweetlips	0	29	False	False	False	ineligible	below_regional_or_global_threshold
615157	Plectorhinchus sordidus	Plectorhinchus	Haemulidae	Haemulidae	Sordid Rubberlip	0	18	False	False	False	ineligible	below_regional_or_global_threshold
68797	Pomadasys aheneus	Pomadasys	Haemulidae	Haemulidae	Yellowback Grunt	0	3	False	False	False	ineligible	below_regional_or_global_threshold
68796	Pomadasys andamanensis	Pomadasys	Haemulidae	Haemulidae	Andaman Grunt	0	5	False	False	False	ineligible	below_regional_or_global_threshold
68794	Pomadasys auritus	Pomadasys	Haemulidae	Haemulidae	Longhead Grunt	0	13	False	False	False	ineligible	below_regional_or_global_threshold
615160	Pomadasys commersonnii	Pomadasys	Haemulidae	Haemulidae	Small-spotted Grunter	0	101	False	False	False	ineligible	below_regional_or_global_threshold
110028	Pomadasys empherus	Pomadasys	Haemulidae	Haemulidae	Bigspine grunt	0	1	False	False	False	ineligible	below_regional_or_global_threshold
1316594	Pomadasys grunniens	Pomadasys	Haemulidae	Haemulidae	Guoraca Grunter	0	8	False	False	False	ineligible	below_regional_or_global_threshold
110029	Pomadasys incisus	Pomadasys	Haemulidae	Haemulidae	Bastard Grunt	0	432	False	False	False	ineligible	below_regional_or_global_threshold
615162	Pomadasys jubelini	Pomadasys	Haemulidae	Haemulidae	Sompat grunt	0	9	False	False	False	ineligible	below_regional_or_global_threshold
615164	Pomadasys multimaculatus	Pomadasys	Haemulidae	Haemulidae	Cock Grunter	0	2	False	False	False	ineligible	below_regional_or_global_threshold
347563	Pomadasys olivaceus	Pomadasys	Haemulidae	Haemulidae	Olive Grunter	0	46	False	False	False	ineligible	below_regional_or_global_threshold
615165	Pomadasys perotaei	Pomadasys	Haemulidae	Haemulidae	Parrot grunt	0	11	False	False	False	ineligible	below_regional_or_global_threshold
615166	Pomadasys punctulatus	Pomadasys	Haemulidae	Haemulidae		0	1	False	False	False	ineligible	below_regional_or_global_threshold
354887	Pomadasys quadrilineatus	Pomadasys	Haemulidae	Haemulidae	Yellow-lined Grunter	0	14	False	False	False	ineligible	below_regional_or_global_threshold
615168	Pomadasys rogerii	Pomadasys	Haemulidae	Haemulidae	Pigsnout Grunt	0	10	False	False	False	ineligible	below_regional_or_global_threshold
354888	Pomadasys striatus	Pomadasys	Haemulidae	Haemulidae	Striped Grunter	0	48	False	False	False	ineligible	below_regional_or_global_threshold
615169	Pomadasys stridens	Pomadasys	Haemulidae	Haemulidae	striped piggy	0	31	False	False	False	ineligible	below_regional_or_global_threshold
615171	Pomadasys taeniatus	Pomadasys	Haemulidae	Haemulidae	Bronzestriped grunt	0	5	False	False	False	ineligible	below_regional_or_global_threshold
530149	Pomadasys trifasciatus	Pomadasys	Haemulidae	Haemulidae	Black-ear Javelin	0	7	False	False	False	ineligible	below_regional_or_global_threshold
1316783	Rhencus macracanthus	Rhencus	Haemulidae	Haemulidae	Longspine Grunt	0	45	False	False	False	ineligible	below_regional_or_global_threshold
1316632	Rhencus panamensis	Rhencus	Haemulidae	Haemulidae	Panama Grunt	0	15	False	False	False	ineligible	below_regional_or_global_threshold
1596896	Rhonciscus approximans	Rhonciscus	Haemulidae	Haemulidae		0	9	False	False	False	ineligible	below_regional_or_global_threshold
1316784	Rhonciscus bayanus	Rhonciscus	Haemulidae	Haemulidae	Purplemouth Grunt	0	12	False	False	False	ineligible	below_regional_or_global_threshold
1360111	Rhonciscus branickii	Rhonciscus	Haemulidae	Haemulidae	Sand-mover Grunt	0	8	False	False	False	ineligible	below_regional_or_global_threshold
1316633	Rhonciscus crocro	Rhonciscus	Haemulidae	Haemulidae	Burro Grunt	0	35	False	False	False	ineligible	below_regional_or_global_threshold
1596784	Rhonciscus wagneri	Rhonciscus	Haemulidae	Haemulidae		0	1	False	False	False	ineligible	below_regional_or_global_threshold
115041	Xenichthys agassizii	Xenichthys	Haemulidae	Haemulidae	White Salema	0	44	False	False	False	ineligible	below_regional_or_global_threshold
115043	Xenichthys xanti	Xenichthys	Haemulidae	Haemulidae	Longfin Salema	0	55	False	False	False	ineligible	below_regional_or_global_threshold
67963	Thalassoma hardwicke	Thalassoma	Labridae	Labridae	Sixbar Wrasse	618	4491	True	True	True	common_target_pretraining	requested_target_meets_abundance_thresholds
102045	Halichoeres hortulanus	Halichoeres	Labridae	Labridae	Checkerboard Wrasse	615	4245	True	True	True	common_target_pretraining	requested_target_meets_abundance_thresholds
113980	Thalassoma lunare	Thalassoma	Labridae	Labridae	Moon Wrasse	583	5193	True	True	True	common_target_pretraining	requested_target_meets_abundance_thresholds
97637	Chlorurus bleekeri	Chlorurus	Labridae	Labridae	Bleeker's Parrotfish	513	1274	True	True	True	common_target_pretraining	requested_target_meets_abundance_thresholds
103901	Labroides dimidiatus	Labroides	Labridae	Labridae	Bluestreak Cleaner Wrasse	498	4967	True	True	True	common_target_pretraining	requested_target_meets_abundance_thresholds
102580	Hemigymnus melapterus	Hemigymnus	Labridae	Labridae	Blackeye Thicklip	485	3370	True	True	True	common_target_pretraining	requested_target_meets_abundance_thresholds
82355	Cheilinus undulatus	Cheilinus	Labridae	Labridae	Napoleon Wrasse	452	2706	True	True	True	common_target_pretraining	requested_target_meets_abundance_thresholds
187233	Chlorurus spilurus	Chlorurus	Labridae	Labridae	Pacific Bullethead Parrotfish	450	4009	True	True	True	common_target_pretraining	requested_target_meets_abundance_thresholds
52323	Coris gaimard	Coris	Labridae	Labridae	Yellowtail Coris	405	2677	True	True	True	common_target_pretraining	requested_target_meets_abundance_thresholds
112138	Scarus dimidiatus	Scarus	Labridae	Labridae	Yellow-barred Parrotfish	381	859	True	True	True	common_target_pretraining	requested_target_meets_abundance_thresholds
95820	Bodianus dictynna	Bodianus	Labridae	Labridae	Redfin Hogfish	325	738	True	True	True	common_target_pretraining	requested_target_meets_abundance_thresholds
108074	Oxycheilinus bimaculatus	Oxycheilinus	Labridae	Labridae	Twospot Wrasse	324	910	True	True	True	common_target_pretraining	requested_target_meets_abundance_thresholds
68025	Scarus niger	Scarus	Labridae	Labridae	Swarthy Parrotfish	299	2341	True	True	True	common_target_pretraining	requested_target_meets_abundance_thresholds
95867	Bolbometopon muricatum	Bolbometopon	Labridae	Labridae	Bumphead Parrotfish	258	959	True	True	True	common_target_pretraining	requested_target_meets_abundance_thresholds
83297	Scarus rubroviolaceus	Scarus	Labridae	Labridae	Redlip Parrotfish	209	3716	True	True	True	common_target_pretraining	requested_target_meets_abundance_thresholds
102038	Halichoeres chrysus	Halichoeres	Labridae	Labridae	Canary Wrasse	207	522	True	True	True	common_target_pretraining	requested_target_meets_abundance_thresholds
112167	Scarus tricolor	Scarus	Labridae	Labridae	Tricolour Parrotfish	189	523	True	True	True	common_target_pretraining	requested_target_meets_abundance_thresholds
52498	Scarus psittacus	Scarus	Labridae	Labridae	Palenose Parrotfish	158	2224	True	True	True	common_target_pretraining	requested_target_meets_abundance_thresholds
84175	Scarus ghobban	Scarus	Labridae	Labridae	Blue-barred Parrotfish	150	4328	True	True	True	common_target_pretraining	requested_target_meets_abundance_thresholds
102044	Halichoeres hartzfeldii	Halichoeres	Labridae	Labridae	Orangeline Wrasse	179	378	False	True	False	rare_target_holdout	requested_target_below_abundance_thresholds
112165	Scarus spinus	Scarus	Labridae	Labridae	Greensnout Parrotfish	125	494	False	True	False	rare_target_holdout	requested_target_below_abundance_thresholds
97308	Cheilinus fasciatus	Cheilinus	Labridae	Labridae	Redbreast Maori Wrasse	432	1968	True	False	False	eligible_not_selected	scientist_family_quota_reached
97649	Choerodon anchorago	Choerodon	Labridae	Labridae	Anchor Tuskfish	335	782	True	False	False	eligible_not_selected	scientist_family_quota_reached
1561489	Thalassoma amblycephalum	Thalassoma	Labridae	Labridae	Blue-headed Wrasse	327	1773	True	False	False	eligible_not_selected	scientist_family_quota_reached
97098	Cetoscarus ocellatus	Cetoscarus	Labridae	Labridae	Spotted Parrotfish	325	1619	True	False	False	eligible_not_selected	scientist_family_quota_reached
102080	Halichoeres scapularis	Halichoeres	Labridae	Labridae	Zigzag Wrasse	308	1466	True	False	False	eligible_not_selected	scientist_family_quota_reached
95831	Bodianus mesothorax	Bodianus	Labridae	Labridae	Blackbelt Hogfish	295	804	True	False	False	eligible_not_selected	scientist_family_quota_reached
108076	Oxycheilinus digramma	Oxycheilinus	Labridae	Labridae	Linedcheek Wrasse	279	1587	True	False	False	eligible_not_selected	scientist_family_quota_reached
63597	Novaculichthys taeniourus	Novaculichthys	Labridae	Labridae	Rockmover Wrasse	263	2125	True	False	False	eligible_not_selected	scientist_family_quota_reached
52508	Gomphosus varius	Gomphosus	Labridae	Labridae	Bird Wrasse	244	3951	True	False	False	eligible_not_selected	scientist_family_quota_reached
102059	Halichoeres melanurus	Halichoeres	Labridae	Labridae	Pinstriped Wrasse	236	823	True	False	False	eligible_not_selected	scientist_family_quota_reached
97307	Cheilinus chlorourus	Cheilinus	Labridae	Labridae	Floral Maori Wrasse	225	2023	True	False	False	eligible_not_selected	scientist_family_quota_reached
102075	Halichoeres prosopeion	Halichoeres	Labridae	Labridae	Twotone Wrasse	218	687	True	False	False	eligible_not_selected	scientist_family_quota_reached
97311	Cheilinus trilobatus	Cheilinus	Labridae	Labridae	Tripletail Maori Wrasse	215	1530	True	False	False	eligible_not_selected	scientist_family_quota_reached
97312	Cheilio inermis	Cheilio	Labridae	Labridae	Cigar Wrasse	212	1436	True	False	False	eligible_not_selected	scientist_family_quota_reached
112160	Scarus quoyi	Scarus	Labridae	Labridae	Greenblotch Parrotfish	201	670	True	False	False	eligible_not_selected	scientist_family_quota_reached
102579	Hemigymnus fasciatus	Hemigymnus	Labridae	Labridae	Barred Thicklip	183	1342	True	False	False	eligible_not_selected	scientist_family_quota_reached
103891	Labrichthys unilineatus	Labrichthys	Labridae	Labridae	Tubelip Wrasse	178	748	True	False	False	eligible_not_selected	scientist_family_quota_reached
68026	Chlorurus microrhinos	Chlorurus	Labridae	Labridae	Steephead Parrotfish	177	1839	True	False	False	eligible_not_selected	scientist_family_quota_reached
100036	Epibulus insidiator	Epibulus	Labridae	Labridae	Slingjaw Wrasse	175	2625	True	False	False	eligible_not_selected	scientist_family_quota_reached
102037	Halichoeres chloropterus	Halichoeres	Labridae	Labridae	Pastel-green Wrasse	175	809	True	False	False	eligible_not_selected	scientist_family_quota_reached
1557855	Coris schroederii	Coris	Labridae	Labridae	Schroeder's Rainbow Wrasse	164	794	True	False	False	eligible_not_selected	scientist_family_quota_reached
110972	Pseudocheilinus hexataenia	Pseudocheilinus	Labridae	Labridae	Sixline Wrasse	161	771	True	False	False	eligible_not_selected	scientist_family_quota_reached
103900	Labroides bicolor	Labroides	Labridae	Labridae	Bicolor Cleaner Wrasse	155	819	True	False	False	eligible_not_selected	scientist_family_quota_reached
103436	Iniistius pavo	Iniistius	Labridae	Labridae	Peacock Razorfish	133	797	True	False	False	eligible_not_selected	scientist_family_quota_reached
102063	Halichoeres nebulosus	Halichoeres	Labridae	Labridae	Cloud Wrasse	126	646	True	False	False	eligible_not_selected	scientist_family_quota_reached
112155	Scarus oviceps	Scarus	Labridae	Labridae	Darkcap Parrotfish	124	936	True	False	False	eligible_not_selected	scientist_family_quota_reached
111000	Pseudodax moluccanus	Pseudodax	Labridae	Labridae	Chiseltooth Wrasse	115	528	True	False	False	eligible_not_selected	scientist_family_quota_reached
1474879	Halichoeres annularis	Halichoeres	Labridae	Labridae	Pacific Dusky Wrasse	109	751	True	False	False	eligible_not_selected	scientist_family_quota_reached
112164	Scarus schlegeli	Scarus	Labridae	Labridae	Yellowbar Parrotfish	104	1146	True	False	False	eligible_not_selected	scientist_family_quota_reached
113202	Stethojulis bandanensis	Stethojulis	Labridae	Labridae	Redshoulder Wrasse	99	1198	True	False	False	eligible_not_selected	scientist_family_quota_reached
112161	Scarus rivulatus	Scarus	Labridae	Labridae	Surf Parrotfish	86	1715	True	False	False	eligible_not_selected	scientist_family_quota_reached
113203	Stethojulis interrupta	Stethojulis	Labridae	Labridae	Cutribbon Wrasse	72	765	True	False	False	eligible_not_selected	scientist_family_quota_reached
112145	Scarus frenatus	Scarus	Labridae	Labridae	Sixband Parrotfish	70	2266	True	False	False	eligible_not_selected	scientist_family_quota_reached
112159	Scarus prasiognathos	Scarus	Labridae	Labridae	Greencheek Parrotfish	57	681	True	False	False	eligible_not_selected	scientist_family_quota_reached
96498	Calotomus carolinus	Calotomus	Labridae	Labridae	Star-eye Parrotfish	51	904	True	False	False	eligible_not_selected	scientist_family_quota_reached
58467	Thalassoma quinquevittatum	Thalassoma	Labridae	Labridae	Fivestripe Wrasse	47	696	True	False	False	eligible_not_selected	scientist_family_quota_reached
102088	Halichoeres trimaculatus	Halichoeres	Labridae	Labridae	Threespot Wrasse	36	1793	True	False	False	eligible_not_selected	scientist_family_quota_reached
95813	Bodianus axillaris	Bodianus	Labridae	Labridae	Axilspot Hogfish	35	870	True	False	False	eligible_not_selected	scientist_family_quota_reached
81498	Macropharyngodon meleagris	Macropharyngodon	Labridae	Labridae	Leopard Wrasse	32	775	True	False	False	eligible_not_selected	scientist_family_quota_reached
94016	Anampses caeruleopunctatus	Anampses	Labridae	Labridae	Bluespotted Wrasse	31	627	True	False	False	eligible_not_selected	scientist_family_quota_reached
95812	Bodianus anthioides	Bodianus	Labridae	Labridae	Lyretail Hogfish	28	617	True	False	False	eligible_not_selected	scientist_family_quota_reached
113978	Thalassoma jansenii	Thalassoma	Labridae	Labridae	Jansen's Wrasse	209	447	False	False	False	ineligible	below_regional_or_global_threshold
97838	Cirrhilabrus cyanopleura	Cirrhilabrus	Labridae	Labridae	Blueside Wrasse	185	363	False	False	False	ineligible	below_regional_or_global_threshold
112143	Scarus flavipectoralis	Scarus	Labridae	Labridae	Yellowfin Parrotfish	181	424	False	False	False	ineligible	below_regional_or_global_threshold
94025	Anampses meleagrides	Anampses	Labridae	Labridae	Yellowtail Wrasse	125	473	False	False	False	ineligible	below_regional_or_global_threshold
113209	Stethojulis trilineata	Stethojulis	Labridae	Labridae	Blue-ribbon Wrasse	120	478	False	False	False	ineligible	below_regional_or_global_threshold
103902	Labroides pectoralis	Labroides	Labridae	Labridae	Breastspot Cleanerfish	119	229	False	False	False	ineligible	below_regional_or_global_threshold
105066	Macropharyngodon ornatus	Macropharyngodon	Labridae	Labridae	Ornate Leopard Wrasse	117	150	False	False	False	ineligible	below_regional_or_global_threshold
102899	Hologymnosus doliatus	Hologymnosus	Labridae	Labridae	Pastel Ring Wrasse	105	359	False	False	False	ineligible	below_regional_or_global_threshold
99382	Diproctacanthus xanthurus	Diproctacanthus	Labridae	Labridae	Yellowtail Wrasse	102	178	False	False	False	ineligible	below_regional_or_global_threshold
187566	Iniistius pentadactylus	Iniistius	Labridae	Labridae	Fivefinger Razorfish	102	159	False	False	False	ineligible	below_regional_or_global_threshold
105065	Macropharyngodon negrosensis	Macropharyngodon	Labridae	Labridae	Black Leopard Wrasse	98	379	False	False	False	ineligible	below_regional_or_global_threshold
100035	Epibulus brevis	Epibulus	Labridae	Labridae	Latent Slingjaw Wrasse	96	200	False	False	False	ineligible	below_regional_or_global_threshold
1272212	Cirrhilabrus chaliasi	Cirrhilabrus	Labridae	Labridae	Ruby-headed Fairy Wrasse	93	100	False	False	False	ineligible	below_regional_or_global_threshold
112144	Scarus forsteni	Scarus	Labridae	Labridae	Bluepatch Parrotfish	88	485	False	False	False	ineligible	below_regional_or_global_threshold
97868	Cirrhilabrus solorensis	Cirrhilabrus	Labridae	Labridae	Solor Wrasse	83	102	False	False	False	ineligible	below_regional_or_global_threshold
108432	Paracheilinus flavianalis	Paracheilinus	Labridae	Labridae	Yellowfin Flasher Wrasse	79	90	False	False	False	ineligible	below_regional_or_global_threshold
108075	Oxycheilinus celebicus	Oxycheilinus	Labridae	Labridae	Slender Maori Wrasse	74	193	False	False	False	ineligible	below_regional_or_global_threshold
110971	Pseudocheilinus evanidus	Pseudocheilinus	Labridae	Labridae	Disappearing Wrasse	72	404	False	False	False	ineligible	below_regional_or_global_threshold
98509	Coris dorsomacula	Coris	Labridae	Labridae	Pale-barred Coris	71	327	False	False	False	ineligible	below_regional_or_global_threshold
102084	Halichoeres solorensis	Halichoeres	Labridae	Labridae	Yellowface Wrasse	70	88	False	False	False	ineligible	below_regional_or_global_threshold
97851	Cirrhilabrus lubbocki	Cirrhilabrus	Labridae	Labridae	Orangeback Wrasse	63	210	False	False	False	ineligible	below_regional_or_global_threshold
102073	Halichoeres podostigma	Halichoeres	Labridae	Labridae	Axilspot Wrasse	63	162	False	False	False	ineligible	below_regional_or_global_threshold
102077	Halichoeres richmondi	Halichoeres	Labridae	Labridae	Richmond's Wrasse	63	164	False	False	False	ineligible	below_regional_or_global_threshold
112133	Scarus chameleon	Scarus	Labridae	Labridae	Chameleon Parrotfish	61	295	False	False	False	ineligible	below_regional_or_global_threshold
102861	Hipposcarus longiceps	Hipposcarus	Labridae	Labridae	Pacific Longnose Parrotfish	59	465	False	False	False	ineligible	below_regional_or_global_threshold
111180	Pteragogus enneacanthus	Pteragogus	Labridae	Labridae	Cockerel Wrasse	54	252	False	False	False	ineligible	below_regional_or_global_threshold
97639	Chlorurus capistratoides	Chlorurus	Labridae	Labridae	Pink-margined Parrotfish	53	135	False	False	False	ineligible	below_regional_or_global_threshold
103426	Iniistius aneitensis	Iniistius	Labridae	Labridae	Whitepatch Razorfish	50	144	False	False	False	ineligible	below_regional_or_global_threshold
94024	Anampses melanurus	Anampses	Labridae	Labridae	White-spotted Wrasse	48	125	False	False	False	ineligible	below_regional_or_global_threshold
97672	Choerodon zosterophorus	Choerodon	Labridae	Labridae	Darkstripe Tuskfish	47	72	False	False	False	ineligible	below_regional_or_global_threshold
187565	Iniistius melanopus	Iniistius	Labridae	Labridae	Yellowpatch Razorfish	46	82	False	False	False	ineligible	below_regional_or_global_threshold
1008669	Paracheilinus paineorum	Paracheilinus	Labridae	Labridae	Paine's Flasher Wrasse	46	46	False	False	False	ineligible	below_regional_or_global_threshold
49930	Chlorurus japanensis	Chlorurus	Labridae	Labridae	Redtail Parrotfish	43	133	False	False	False	ineligible	below_regional_or_global_threshold
102025	Halichoeres argus	Halichoeres	Labridae	Labridae	Argus Wrasse	43	326	False	False	False	ineligible	below_regional_or_global_threshold
97638	Chlorurus bowersi	Chlorurus	Labridae	Labridae	Bowers' Parrotfish	42	131	False	False	False	ineligible	below_regional_or_global_threshold
94027	Anampses twistii	Anampses	Labridae	Labridae	Yellowbreast Wrasse	41	449	False	False	False	ineligible	below_regional_or_global_threshold
103907	Labropsis manabei	Labropsis	Labridae	Labridae	Northern Tubelip	39	79	False	False	False	ineligible	below_regional_or_global_threshold
97870	Cirrhilabrus tonozukai	Cirrhilabrus	Labridae	Labridae	Tono's wrasse	36	36	False	False	False	ineligible	below_regional_or_global_threshold
97840	Cirrhilabrus exquisitus	Cirrhilabrus	Labridae	Labridae	Exquisite Wrasse	34	240	False	False	False	ineligible	below_regional_or_global_threshold
108430	Paracheilinus cyaneus	Paracheilinus	Labridae	Labridae	Blue Flasher Wrasse	34	44	False	False	False	ineligible	below_regional_or_global_threshold
110994	Pseudocoris yamashiroi	Pseudocoris	Labridae	Labridae	Redspot Wrasse	34	100	False	False	False	ineligible	below_regional_or_global_threshold
1416197	Pteragogus turdus	Pteragogus	Labridae	Labridae	Thrush Sneaky Wrasse	33	164	False	False	False	ineligible	below_regional_or_global_threshold
97310	Cheilinus oxycephalus	Cheilinus	Labridae	Labridae	Snooty Wrasse	29	146	False	False	False	ineligible	below_regional_or_global_threshold
108081	Oxycheilinus unifasciatus	Oxycheilinus	Labridae	Labridae	Ringtail Maori Wrasse	29	463	False	False	False	ineligible	below_regional_or_global_threshold
102898	Hologymnosus annulatus	Hologymnosus	Labridae	Labridae	Ringed Slender Wrasse	28	344	False	False	False	ineligible	below_regional_or_global_threshold
103905	Labropsis alleni	Labropsis	Labridae	Labridae	Allen's Tubelip	26	65	False	False	False	ineligible	below_regional_or_global_threshold
110974	Pseudocheilinus octotaenia	Pseudocheilinus	Labridae	Labridae	Eightline Wrasse	25	276	False	False	False	ineligible	below_regional_or_global_threshold
102061	Halichoeres melasmapomus	Halichoeres	Labridae	Labridae	Earmuff Wrasse	24	92	False	False	False	ineligible	below_regional_or_global_threshold
102052	Halichoeres leucurus	Halichoeres	Labridae	Labridae	Chain-lined Wrasse	23	111	False	False	False	ineligible	below_regional_or_global_threshold
98858	Cymolutes torquatus	Cymolutes	Labridae	Labridae	Razor Wrasse	21	88	False	False	False	ineligible	below_regional_or_global_threshold
94021	Anampses geographicus	Anampses	Labridae	Labridae	Scribbled Wrasse	20	149	False	False	False	ineligible	below_regional_or_global_threshold
95815	Bodianus bilunulatus	Bodianus	Labridae	Labridae	Saddleback Hogfish	20	132	False	False	False	ineligible	below_regional_or_global_threshold
1272211	Cirrhilabrus aquamarinus	Cirrhilabrus	Labridae	Labridae	Chin-strap Fairy Wrasse	20	20	False	False	False	ineligible	below_regional_or_global_threshold
97829	Cirrhilabrus aurantidorsalis	Cirrhilabrus	Labridae	Labridae	Orange-back wrasse	20	20	False	False	False	ineligible	below_regional_or_global_threshold
97841	Cirrhilabrus filamentosus	Cirrhilabrus	Labridae	Labridae	Javan Wrasse	20	23	False	False	False	ineligible	below_regional_or_global_threshold
98516	Coris pictoides	Coris	Labridae	Labridae	Pixy Wrasse	20	52	False	False	False	ineligible	below_regional_or_global_threshold
102039	Halichoeres claudia	Halichoeres	Labridae	Labridae	Claudia's Wrasse	18	187	False	False	False	ineligible	below_regional_or_global_threshold
97842	Cirrhilabrus flavidorsalis	Cirrhilabrus	Labridae	Labridae	Yellowfin Fairy Wrasse	17	23	False	False	False	ineligible	below_regional_or_global_threshold
102029	Halichoeres biocellatus	Halichoeres	Labridae	Labridae	Twospot Wrasse	15	342	False	False	False	ineligible	below_regional_or_global_threshold
52509	Gomphosus caeruleus	Gomphosus	Labridae	Labridae	Green Bird Wrasse	13	668	False	False	False	ineligible	below_regional_or_global_threshold
102062	Halichoeres miniatus	Halichoeres	Labridae	Labridae	Cheek-ring Wrasse	13	67	False	False	False	ineligible	below_regional_or_global_threshold
1543343	Cirrhilabrus xanthozonus	Cirrhilabrus	Labridae	Labridae	Papuan Fairy Wrasse	12	12	False	False	False	ineligible	below_regional_or_global_threshold
112142	Scarus festivus	Scarus	Labridae	Labridae	Festive Parrotfish	12	37	False	False	False	ineligible	below_regional_or_global_threshold
68028	Chlorurus sordidus	Chlorurus	Labridae	Labridae	Indian Bullethead Parrotfish	11	2389	False	False	False	ineligible	below_regional_or_global_threshold
110992	Pseudocoris heteroptera	Pseudocoris	Labridae	Labridae	Zebra Wrasse	11	19	False	False	False	ineligible	below_regional_or_global_threshold
102068	Halichoeres papilionaceus	Halichoeres	Labridae	Labridae	Seagrass Wrasse	10	44	False	False	False	ineligible	below_regional_or_global_threshold
113207	Stethojulis strigiventer	Stethojulis	Labridae	Labridae	Three-line Wrasse	10	271	False	False	False	ineligible	below_regional_or_global_threshold
108436	Paracheilinus nursalim	Paracheilinus	Labridae	Labridae	Nursalim Flasher Wrasse	9	9	False	False	False	ineligible	below_regional_or_global_threshold
110991	Pseudocoris bleekeri	Pseudocoris	Labridae	Labridae	Philippine wrasse	9	17	False	False	False	ineligible	below_regional_or_global_threshold
95816	Bodianus bimaculatus	Bodianus	Labridae	Labridae	Twospot Pigfish	8	30	False	False	False	ineligible	below_regional_or_global_threshold
108080	Oxycheilinus orientalis	Oxycheilinus	Labridae	Labridae	Oriental Wrasse	8	79	False	False	False	ineligible	below_regional_or_global_threshold
97667	Choerodon schoenleinii	Choerodon	Labridae	Labridae	Blackspot Tuskfish	7	400	False	False	False	ineligible	below_regional_or_global_threshold
112130	Scarus altipinnis	Scarus	Labridae	Labridae	Mini-fin Parrotfish	7	696	False	False	False	ineligible	below_regional_or_global_threshold
112171	Scarus xanthopleura	Scarus	Labridae	Labridae	Red Parrotfish	7	38	False	False	False	ineligible	below_regional_or_global_threshold
113985	Thalassoma purpureum	Thalassoma	Labridae	Labridae	Surge Wrasse	7	1031	False	False	False	ineligible	below_regional_or_global_threshold
113990	Thalassoma trilobatum	Thalassoma	Labridae	Labridae	Christmas Wrasse	7	1721	False	False	False	ineligible	below_regional_or_global_threshold
98507	Coris cuvieri	Coris	Labridae	Labridae	African Coris	6	176	False	False	False	ineligible	below_regional_or_global_threshold
103431	Iniistius dea	Iniistius	Labridae	Labridae	Leaf Wrasse	6	24	False	False	False	ineligible	below_regional_or_global_threshold
110968	Pseudocheilinops ataenia	Pseudocheilinops	Labridae	Labridae	Midget Wrasse	6	14	False	False	False	ineligible	below_regional_or_global_threshold
111026	Pseudojuloides kaleidos	Pseudojuloides	Labridae	Labridae	Blue-nose Wrasse	6	6	False	False	False	ineligible	below_regional_or_global_threshold
98857	Cymolutes praetextatus	Cymolutes	Labridae	Labridae	Knife Wrasse	5	113	False	False	False	ineligible	below_regional_or_global_threshold
104332	Leptojulis chrysotaenia	Leptojulis	Labridae	Labridae	ochreband wrasse	5	6	False	False	False	ineligible	below_regional_or_global_threshold
104333	Leptojulis cyanopleura	Leptojulis	Labridae	Labridae	Shoulderspot Wrasse	5	30	False	False	False	ineligible	below_regional_or_global_threshold
104344	Leptoscarus vaigiensis	Leptoscarus	Labridae	Labridae	Marbled Parrotfish	5	159	False	False	False	ineligible	below_regional_or_global_threshold
95819	Bodianus diana	Bodianus	Labridae	Labridae	Diana's Hogfish	4	276	False	False	False	ineligible	below_regional_or_global_threshold
96500	Calotomus spinidens	Calotomus	Labridae	Labridae	Spinytooth Parrotfish	4	32	False	False	False	ineligible	below_regional_or_global_threshold
97647	Chlorurus strongylocephalus	Chlorurus	Labridae	Labridae	Roundhead Parrotfish	4	504	False	False	False	ineligible	below_regional_or_global_threshold
98501	Coris aygula	Coris	Labridae	Labridae	Clown Coris	4	1756	False	False	False	ineligible	below_regional_or_global_threshold
102051	Halichoeres leucoxanthus	Halichoeres	Labridae	Labridae	Canarytop Wrasse	4	40	False	False	False	ineligible	below_regional_or_global_threshold
102064	Halichoeres nigrescens	Halichoeres	Labridae	Labridae	Bubblefin Wrasse	4	297	False	False	False	ineligible	below_regional_or_global_threshold
187563	Iniistius bimaculatus	Iniistius	Labridae	Labridae	Twospot Razorfish	4	13	False	False	False	ineligible	below_regional_or_global_threshold
115024	Wetmorella albofasciata	Wetmorella	Labridae	Labridae	White-banded Sharpnose Wrasse	4	7	False	False	False	ineligible	below_regional_or_global_threshold
94023	Anampses lineatus	Anampses	Labridae	Labridae	Lined Wrasse	3	52	False	False	False	ineligible	below_regional_or_global_threshold
97862	Cirrhilabrus rubrimarginatus	Cirrhilabrus	Labridae	Labridae	Red-margined Fairy Wrasse	3	77	False	False	False	ineligible	below_regional_or_global_threshold
97869	Cirrhilabrus temminckii	Cirrhilabrus	Labridae	Labridae	Peacock Wrasse	3	175	False	False	False	ineligible	below_regional_or_global_threshold
1015342	Halichoeres chrysotaenia	Halichoeres	Labridae	Labridae	Indian Pinstriped Wrasse	3	108	False	False	False	ineligible	below_regional_or_global_threshold
102055	Halichoeres margaritaceus	Halichoeres	Labridae	Labridae	Weedy Surge Wrasse	3	535	False	False	False	ineligible	below_regional_or_global_threshold
102091	Halichoeres zeylonicus	Halichoeres	Labridae	Labridae	Goldstripe Wrasse	3	19	False	False	False	ineligible	below_regional_or_global_threshold
107302	Novaculoides macrolepidotus	Novaculoides	Labridae	Labridae	Seagrass Wrasse	3	55	False	False	False	ineligible	below_regional_or_global_threshold
108073	Oxycheilinus arenatus	Oxycheilinus	Labridae	Labridae	Speckled Maori Wrasse	3	16	False	False	False	ineligible	below_regional_or_global_threshold
615625	Paracheilinus rennyae	Paracheilinus	Labridae	Labridae	Renny's Flasher Wrasse	3	3	False	False	False	ineligible	below_regional_or_global_threshold
97663	Choerodon oligacanthus	Choerodon	Labridae	Labridae	White-patch tuskfish	2	23	False	False	False	ineligible	below_regional_or_global_threshold
97671	Choerodon zamboangae	Choerodon	Labridae	Labridae	Eyebrow Tuskfish	2	13	False	False	False	ineligible	below_regional_or_global_threshold
97835	Cirrhilabrus cenderawasih	Cirrhilabrus	Labridae	Labridae	Cenderawasih wrasse	2	2	False	False	False	ineligible	below_regional_or_global_threshold
615602	Cirrhilabrus humanni	Cirrhilabrus	Labridae	Labridae	Humann's Fairy-Wrasse	2	4	False	False	False	ineligible	below_regional_or_global_threshold
102057	Halichoeres melanochir	Halichoeres	Labridae	Labridae	Orangefin Wrasse	2	59	False	False	False	ineligible	below_regional_or_global_threshold
102069	Halichoeres pardaleocephalus	Halichoeres	Labridae	Labridae	Lineblotch Wrasse	2	7	False	False	False	ineligible	below_regional_or_global_threshold
102087	Halichoeres timorensis	Halichoeres	Labridae	Labridae	Timor Wrasse	2	20	False	False	False	ineligible	below_regional_or_global_threshold
103910	Labropsis xanthonota	Labropsis	Labridae	Labridae	Yellowback Tubelip	2	139	False	False	False	ineligible	below_regional_or_global_threshold
108426	Paracheilinus angulatus	Paracheilinus	Labridae	Labridae	Angular Flasher Wrasse	2	11	False	False	False	ineligible	below_regional_or_global_threshold
108435	Paracheilinus mccoskeri	Paracheilinus	Labridae	Labridae	McCosker's Flasher Wrasse	2	5	False	False	False	ineligible	below_regional_or_global_threshold
615626	Pseudocoris petila	Pseudocoris	Labridae	Labridae		2	3	False	False	False	ineligible	below_regional_or_global_threshold
111182	Pteragogus guttatus	Pteragogus	Labridae	Labridae	Sneaky Wrasse	2	3	False	False	False	ineligible	below_regional_or_global_threshold
112146	Scarus fuscocaudalis	Scarus	Labridae	Labridae	Darktail Parrotfish	2	13	False	False	False	ineligible	below_regional_or_global_threshold
113983	Thalassoma nigrofasciatum	Thalassoma	Labridae	Labridae	Blackbarred Wrasse	2	993	False	False	False	ineligible	below_regional_or_global_threshold
115025	Wetmorella nigropinnata	Wetmorella	Labridae	Labridae	Sharpnose wrasse	2	50	False	False	False	ineligible	below_regional_or_global_threshold
97659	Choerodon jordani	Choerodon	Labridae	Labridae	Blackwedge Tuskfish	1	37	False	False	False	ineligible	below_regional_or_global_threshold
97665	Choerodon robustus	Choerodon	Labridae	Labridae	Robust Tuskfish	1	5	False	False	False	ineligible	below_regional_or_global_threshold
97832	Cirrhilabrus beauperryi	Cirrhilabrus	Labridae	Labridae	Melanesian Fairy Wrasse	1	72	False	False	False	ineligible	below_regional_or_global_threshold
97837	Cirrhilabrus condei	Cirrhilabrus	Labridae	Labridae	Conde's Wrasse	1	9	False	False	False	ineligible	below_regional_or_global_threshold
98503	Coris batuensis	Coris	Labridae	Labridae	Batu Coris	1	64	False	False	False	ineligible	below_regional_or_global_threshold
102027	Halichoeres bicolor	Halichoeres	Labridae	Labridae	Brown-stripe Wrasse	1	48	False	False	False	ineligible	below_regional_or_global_threshold
102028	Halichoeres binotopsis	Halichoeres	Labridae	Labridae	Banded Rainbowfish	1	14	False	False	False	ineligible	below_regional_or_global_threshold
102036	Halichoeres chlorocephalus	Halichoeres	Labridae	Labridae	Greenhead Wrasse	1	2	False	False	False	ineligible	below_regional_or_global_threshold
102040	Halichoeres cosmetus	Halichoeres	Labridae	Labridae	Cosmetic Wrasse	1	80	False	False	False	ineligible	below_regional_or_global_threshold
1651821	Halichoeres dussumieri	Halichoeres	Labridae	Labridae		1	15	False	False	False	ineligible	below_regional_or_global_threshold
102048	Halichoeres kallochroma	Halichoeres	Labridae	Labridae	Pink-snouted Wrasse	1	2	False	False	False	ineligible	below_regional_or_global_threshold
102089	Halichoeres trispilus	Halichoeres	Labridae	Labridae	White Wrasse	1	3	False	False	False	ineligible	below_regional_or_global_threshold
102860	Hipposcarus harid	Hipposcarus	Labridae	Labridae	Indian Longnose Parrotfish	1	800	False	False	False	ineligible	below_regional_or_global_threshold
102901	Hologymnosus rhodonotus	Hologymnosus	Labridae	Labridae	Redback Ring Wrasse	1	5	False	False	False	ineligible	below_regional_or_global_threshold
104335	Leptojulis polylepis	Leptojulis	Labridae	Labridae		1	2	False	False	False	ineligible	below_regional_or_global_threshold
108440	Paracheilinus togeanensis	Paracheilinus	Labridae	Labridae	Togean Flasher Wrasse	1	1	False	False	False	ineligible	below_regional_or_global_threshold
111027	Pseudojuloides mesostigma	Pseudojuloides	Labridae	Labridae	Sidespot Wrasse	1	5	False	False	False	ineligible	below_regional_or_global_threshold
111029	Pseudojuloides severnsi	Pseudojuloides	Labridae	Labridae	Royal Pencil Wrasse	1	15	False	False	False	ineligible	below_regional_or_global_threshold
112153	Scarus maculipinna	Scarus	Labridae	Labridae	Spotfin parrotfish	1	7	False	False	False	ineligible	below_regional_or_global_threshold
113200	Stethojulis albovittata	Stethojulis	Labridae	Labridae	Whiteline Wrasse	1	357	False	False	False	ineligible	below_regional_or_global_threshold
115026	Wetmorella tanakai	Wetmorella	Labridae	Labridae	Pygmy Possum Wrasse	1	2	False	False	False	ineligible	below_regional_or_global_threshold
1315680	Xenojulis margaritacea	Xenojulis	Labridae	Labridae	Pink Speckled Wrasse	1	2	False	False	False	ineligible	below_regional_or_global_threshold
93059	Acantholabrus palloni	Acantholabrus	Labridae	Labridae	Scale-rayed Wrasse	0	10	False	False	False	ineligible	below_regional_or_global_threshold
93136	Achoerodus gouldii	Achoerodus	Labridae	Labridae	Western Blue Groper	0	299	False	False	False	ineligible	below_regional_or_global_threshold
93137	Achoerodus viridis	Achoerodus	Labridae	Labridae	Eastern Blue Groper	0	3452	False	False	False	ineligible	below_regional_or_global_threshold
93855	Ammolabrus dicrus	Ammolabrus	Labridae	Labridae	Sand Wrasse	0	1	False	False	False	ineligible	below_regional_or_global_threshold
94017	Anampses chrysocephalus	Anampses	Labridae	Labridae	Psychedelic Wrasse	0	78	False	False	False	ineligible	below_regional_or_global_threshold
94018	Anampses cuvier	Anampses	Labridae	Labridae	Pearl Wrasse	0	371	False	False	False	ineligible	below_regional_or_global_threshold
94019	Anampses elegans	Anampses	Labridae	Labridae	Elegant Wrasse	0	221	False	False	False	ineligible	below_regional_or_global_threshold
94020	Anampses femininus	Anampses	Labridae	Labridae	Bluetail Wrasse	0	63	False	False	False	ineligible	below_regional_or_global_threshold
94022	Anampses lennardi	Anampses	Labridae	Labridae	Blue-and-yellow Wrasse	0	12	False	False	False	ineligible	below_regional_or_global_threshold
94026	Anampses neoguinaicus	Anampses	Labridae	Labridae	Blackback Wrasse	0	527	False	False	False	ineligible	below_regional_or_global_threshold
94057	Anchichoerops natalensis	Anchichoerops	Labridae	Labridae	Natal Wrasse	0	39	False	False	False	ineligible	below_regional_or_global_threshold
94968	Austrolabrus maculatus	Austrolabrus	Labridae	Labridae	Blackspotted Wrasse	0	1039	False	False	False	ineligible	below_regional_or_global_threshold
1439753	Bodianus africanus	Bodianus	Labridae	Labridae	African Creole Wrasse	0	3	False	False	False	ineligible	below_regional_or_global_threshold
121216	Bodianus albotaeniatus	Bodianus	Labridae	Labridae	Hawaiian Hogfish	0	287	False	False	False	ineligible	below_regional_or_global_threshold
623908	Bodianus atrolumbus	Bodianus	Labridae	Labridae	Palebar Hogfish	0	8	False	False	False	ineligible	below_regional_or_global_threshold
1439752	Bodianus brasiliensis	Bodianus	Labridae	Labridae	Brazilian Creole Wrasse	0	4	False	False	False	ineligible	below_regional_or_global_threshold
95817	Bodianus busellatus	Bodianus	Labridae	Labridae	Blackblotch Hogfish	0	1	False	False	False	ineligible	below_regional_or_global_threshold
1439814	Bodianus darwini	Bodianus	Labridae	Labridae	Goldspot Sheephead	0	63	False	False	False	ineligible	below_regional_or_global_threshold
57333	Bodianus diplotaenia	Bodianus	Labridae	Labridae	Mexican Hogfish	0	2800	False	False	False	ineligible	below_regional_or_global_threshold
95821	Bodianus eclancheri	Bodianus	Labridae	Labridae	Harlequin Wrasse	0	232	False	False	False	ineligible	below_regional_or_global_threshold
95822	Bodianus flavifrons	Bodianus	Labridae	Labridae	Masked Pigfish	0	3	False	False	False	ineligible	below_regional_or_global_threshold
95823	Bodianus flavipinnis	Bodianus	Labridae	Labridae	Yellowfin Pigfish	0	4	False	False	False	ineligible	below_regional_or_global_threshold
95824	Bodianus frenchii	Bodianus	Labridae	Labridae	Foxfish	0	266	False	False	False	ineligible	below_regional_or_global_threshold
95825	Bodianus insularis	Bodianus	Labridae	Labridae	Island Hogfish	0	2	False	False	False	ineligible	below_regional_or_global_threshold
53494	Bodianus izuensis	Bodianus	Labridae	Labridae	Striped Pigfish	0	2	False	False	False	ineligible	below_regional_or_global_threshold
95826	Bodianus leucosticticus	Bodianus	Labridae	Labridae	Lined Hogfish	0	2	False	False	False	ineligible	below_regional_or_global_threshold
95827	Bodianus loxozonus	Bodianus	Labridae	Labridae	Blackfin Hogfish	0	181	False	False	False	ineligible	below_regional_or_global_threshold
95828	Bodianus macrognathos	Bodianus	Labridae	Labridae	Giant Hogfish	0	5	False	False	False	ineligible	below_regional_or_global_threshold
95829	Bodianus macrourus	Bodianus	Labridae	Labridae	Black-banded Hogfish	0	7	False	False	False	ineligible	below_regional_or_global_threshold
95832	Bodianus neilli	Bodianus	Labridae	Labridae	Bay of Bengal Hogfish	0	42	False	False	False	ineligible	below_regional_or_global_threshold
95833	Bodianus neopercularis	Bodianus	Labridae	Labridae	Kwajalein candy hogfish	0	3	False	False	False	ineligible	below_regional_or_global_threshold
95834	Bodianus opercularis	Bodianus	Labridae	Labridae	Blackspot Hogfish	0	3	False	False	False	ineligible	below_regional_or_global_threshold
95835	Bodianus oxycephalus	Bodianus	Labridae	Labridae	Nagasaki hogfish	0	3	False	False	False	ineligible	below_regional_or_global_threshold
95836	Bodianus paraleucosticticus	Bodianus	Labridae	Labridae	Five-striped Hogfish	0	2	False	False	False	ineligible	below_regional_or_global_threshold
1439789	Bodianus parrae	Bodianus	Labridae	Labridae	Creole Wrasse	0	1084	False	False	False	ineligible	below_regional_or_global_threshold
95837	Bodianus perditio	Bodianus	Labridae	Labridae	Goldspot Pigfish	0	116	False	False	False	ineligible	below_regional_or_global_threshold
95838	Bodianus prognathus	Bodianus	Labridae	Labridae	Longnose Hogfish	0	8	False	False	False	ineligible	below_regional_or_global_threshold
49430	Bodianus pulchellus	Bodianus	Labridae	Labridae	Spotfin Hogfish	0	63	False	False	False	ineligible	below_regional_or_global_threshold
1439813	Bodianus pulcher	Bodianus	Labridae	Labridae	California Sheephead	0	1607	False	False	False	ineligible	below_regional_or_global_threshold
1439807	Bodianus reticulatus	Bodianus	Labridae	Labridae	Asian Sheepshead Wrasse	0	48	False	False	False	ineligible	below_regional_or_global_threshold
95839	Bodianus rubrisos	Bodianus	Labridae	Labridae	Red-sashed Hogfish	0	2	False	False	False	ineligible	below_regional_or_global_threshold
49428	Bodianus rufus	Bodianus	Labridae	Labridae	Spanish Hogfish	0	1925	False	False	False	ineligible	below_regional_or_global_threshold
95840	Bodianus sanguineus	Bodianus	Labridae	Labridae	Sunrise Wrasse	0	2	False	False	False	ineligible	below_regional_or_global_threshold
50971	Bodianus scrofa	Bodianus	Labridae	Labridae	Barred Hogfish	0	249	False	False	False	ineligible	below_regional_or_global_threshold
95842	Bodianus solatus	Bodianus	Labridae	Labridae	sunburnt pigfish	0	1	False	False	False	ineligible	below_regional_or_global_threshold
95843	Bodianus speciosus	Bodianus	Labridae	Labridae	Blackbar Hogfish	0	68	False	False	False	ineligible	below_regional_or_global_threshold
95844	Bodianus tanyokidus	Bodianus	Labridae	Labridae	Blackear candy hogfish	0	1	False	False	False	ineligible	below_regional_or_global_threshold
95846	Bodianus trilineatus	Bodianus	Labridae	Labridae	Fourline hogfish	0	6	False	False	False	ineligible	below_regional_or_global_threshold
95847	Bodianus unimaculatus	Bodianus	Labridae	Labridae	Eastern Pigfish	0	311	False	False	False	ineligible	below_regional_or_global_threshold
96499	Calotomus japonicus	Calotomus	Labridae	Labridae	Japanese Parrotfish	0	19	False	False	False	ineligible	below_regional_or_global_threshold
96501	Calotomus viridescens	Calotomus	Labridae	Labridae	Dotted Parrotfish	0	244	False	False	False	ineligible	below_regional_or_global_threshold
96502	Calotomus zonarchus	Calotomus	Labridae	Labridae	Yellowbar Parrotfish	0	5	False	False	False	ineligible	below_regional_or_global_threshold
96913	Centrolabrus exoletus	Centrolabrus	Labridae	Labridae	Small-mouthed Wrasse	0	219	False	False	False	ineligible	below_regional_or_global_threshold
97097	Cetoscarus bicolor	Cetoscarus	Labridae	Labridae	Bicolour Parrotfish	0	257	False	False	False	ineligible	below_regional_or_global_threshold
97306	Cheilinus abudjubbe	Cheilinus	Labridae	Labridae	Abudjubbe Wrasse	0	232	False	False	False	ineligible	below_regional_or_global_threshold
97309	Cheilinus lunulatus	Cheilinus	Labridae	Labridae	Broomtail Wrasse	0	964	False	False	False	ineligible	below_regional_or_global_threshold
187227	Cheilinus quinquecinctus	Cheilinus	Labridae	Labridae	Red Sea Redbreasted Wrasse	0	334	False	False	False	ineligible	below_regional_or_global_threshold
97636	Chlorurus atrilunula	Chlorurus	Labridae	Labridae	Bluemoon Parrotfish	0	17	False	False	False	ineligible	below_regional_or_global_threshold
97640	Chlorurus cyanescens	Chlorurus	Labridae	Labridae	Saddled Parrotfish	0	4	False	False	False	ineligible	below_regional_or_global_threshold
97641	Chlorurus enneacanthus	Chlorurus	Labridae	Labridae	Captain Parrotfish	0	76	False	False	False	ineligible	below_regional_or_global_threshold
97642	Chlorurus frontalis	Chlorurus	Labridae	Labridae	Reefcrest Parrotfish	0	127	False	False	False	ineligible	below_regional_or_global_threshold
97643	Chlorurus genazonatus	Chlorurus	Labridae	Labridae	Purplestreak Parrotfish	0	50	False	False	False	ineligible	below_regional_or_global_threshold
68027	Chlorurus gibbus	Chlorurus	Labridae	Labridae	Red Sea Steephead Parrotfish	0	592	False	False	False	ineligible	below_regional_or_global_threshold
97644	Chlorurus oedema	Chlorurus	Labridae	Labridae	Knothead Parrotfish	0	3	False	False	False	ineligible	below_regional_or_global_threshold
97645	Chlorurus perspicillatus	Chlorurus	Labridae	Labridae	Spectacled Parrotfish	0	99	False	False	False	ineligible	below_regional_or_global_threshold
97646	Chlorurus rhakoura	Chlorurus	Labridae	Labridae	Raggedfin Parrotfish	0	11	False	False	False	ineligible	below_regional_or_global_threshold
97648	Chlorurus troschelii	Chlorurus	Labridae	Labridae	Greenhead Parrotfish	0	67	False	False	False	ineligible	below_regional_or_global_threshold
786303	Choerodon aurulentus	Choerodon	Labridae	Labridae	Gilded Tuskfish	0	1	False	False	False	ineligible	below_regional_or_global_threshold
97650	Choerodon azurio	Choerodon	Labridae	Labridae	Azurio Tuskfish	0	56	False	False	False	ineligible	below_regional_or_global_threshold
97651	Choerodon cauteroma	Choerodon	Labridae	Labridae	Bluespotted Tuskfish	0	46	False	False	False	ineligible	below_regional_or_global_threshold
97652	Choerodon cephalotes	Choerodon	Labridae	Labridae	Purple Tuskfish	0	52	False	False	False	ineligible	below_regional_or_global_threshold
97653	Choerodon cyanodus	Choerodon	Labridae	Labridae	Blue Tuskfish	0	188	False	False	False	ineligible	below_regional_or_global_threshold
97654	Choerodon fasciatus	Choerodon	Labridae	Labridae	Harlequin Tuskfish	0	361	False	False	False	ineligible	below_regional_or_global_threshold
97657	Choerodon graphicus	Choerodon	Labridae	Labridae	Graphic Tuskfish	0	412	False	False	False	ineligible	below_regional_or_global_threshold
97662	Choerodon monostigma	Choerodon	Labridae	Labridae	Darkspot Tuskfish	0	1	False	False	False	ineligible	below_regional_or_global_threshold
97666	Choerodon rubescens	Choerodon	Labridae	Labridae	Baldchin Groper	0	230	False	False	False	ineligible	below_regional_or_global_threshold
1316653	Choerodon typus	Choerodon	Labridae	Labridae		0	2	False	False	False	ineligible	below_regional_or_global_threshold
97669	Choerodon venustus	Choerodon	Labridae	Labridae	Venus Tuskfish	0	24	False	False	False	ineligible	below_regional_or_global_threshold
97670	Choerodon vitta	Choerodon	Labridae	Labridae	Redstripe Tuskfish	0	7	False	False	False	ineligible	below_regional_or_global_threshold
871123	Cirrhilabrus africanus	Cirrhilabrus	Labridae	Labridae	African Longfin Fairy Wrasse	0	3	False	False	False	ineligible	below_regional_or_global_threshold
97830	Cirrhilabrus balteatus	Cirrhilabrus	Labridae	Labridae	girdled wrasse	0	18	False	False	False	ineligible	below_regional_or_global_threshold
97831	Cirrhilabrus bathyphilus	Cirrhilabrus	Labridae	Labridae	Deepwater Fairy Wrasse	0	3	False	False	False	ineligible	below_regional_or_global_threshold
871124	Cirrhilabrus cyanogularis	Cirrhilabrus	Labridae	Labridae	Blue-throated fairy-wrasse	0	6	False	False	False	ineligible	below_regional_or_global_threshold
97839	Cirrhilabrus earlei	Cirrhilabrus	Labridae	Labridae	Orange-striped wrasse	0	3	False	False	False	ineligible	below_regional_or_global_threshold
871125	Cirrhilabrus efatensis	Cirrhilabrus	Labridae	Labridae	Hooded fairy wrasse	0	1	False	False	False	ineligible	below_regional_or_global_threshold
1376774	Cirrhilabrus finifenmaa	Cirrhilabrus	Labridae	Labridae	Rose-veiled Fairy Wrasse	0	1	False	False	False	ineligible	below_regional_or_global_threshold
623909	Cirrhilabrus isosceles	Cirrhilabrus	Labridae	Labridae	pintail fairy-wrasse	0	2	False	False	False	ineligible	below_regional_or_global_threshold
97843	Cirrhilabrus joanallenae	Cirrhilabrus	Labridae	Labridae	Joan's fairy-wrasse	0	1	False	False	False	ineligible	below_regional_or_global_threshold
97844	Cirrhilabrus johnsoni	Cirrhilabrus	Labridae	Labridae	Johnson's Wrasse	0	7	False	False	False	ineligible	below_regional_or_global_threshold
97845	Cirrhilabrus jordani	Cirrhilabrus	Labridae	Labridae	Flame Wrasse	0	1	False	False	False	ineligible	below_regional_or_global_threshold
97846	Cirrhilabrus katherinae	Cirrhilabrus	Labridae	Labridae	Blackstriped Wrasse	0	48	False	False	False	ineligible	below_regional_or_global_threshold
97847	Cirrhilabrus katoi	Cirrhilabrus	Labridae	Labridae	Kato's Fairy Wrasse	0	7	False	False	False	ineligible	below_regional_or_global_threshold
97848	Cirrhilabrus laboutei	Cirrhilabrus	Labridae	Labridae	Laboute's Wrasse	0	20	False	False	False	ineligible	below_regional_or_global_threshold
97850	Cirrhilabrus lineatus	Cirrhilabrus	Labridae	Labridae	Lavender Wrasse	0	18	False	False	False	ineligible	below_regional_or_global_threshold
97852	Cirrhilabrus lunatus	Cirrhilabrus	Labridae	Labridae	Crescent-tail Wrasse	0	2	False	False	False	ineligible	below_regional_or_global_threshold
97853	Cirrhilabrus luteovittatus	Cirrhilabrus	Labridae	Labridae	Yellowband wrasse	0	19	False	False	False	ineligible	below_regional_or_global_threshold
97854	Cirrhilabrus marjorie	Cirrhilabrus	Labridae	Labridae	Marjorie's Fairy Wrasse	0	38	False	False	False	ineligible	below_regional_or_global_threshold
97855	Cirrhilabrus melanomarginatus	Cirrhilabrus	Labridae	Labridae	Blackfin Fairy Wrasse	0	12	False	False	False	ineligible	below_regional_or_global_threshold
97857	Cirrhilabrus punctatus	Cirrhilabrus	Labridae	Labridae	Dotted Wrasse	0	475	False	False	False	ineligible	below_regional_or_global_threshold
97859	Cirrhilabrus randalli	Cirrhilabrus	Labridae	Labridae	Randall's Wrasse	0	4	False	False	False	ineligible	below_regional_or_global_threshold
97860	Cirrhilabrus rhomboidalis	Cirrhilabrus	Labridae	Labridae	rhomboid wrasse	0	8	False	False	False	ineligible	below_regional_or_global_threshold
97863	Cirrhilabrus rubripinnis	Cirrhilabrus	Labridae	Labridae	Redfin Wrasse	0	44	False	False	False	ineligible	below_regional_or_global_threshold
97865	Cirrhilabrus rubriventralis	Cirrhilabrus	Labridae	Labridae	Social Wrasse	0	17	False	False	False	ineligible	below_regional_or_global_threshold
871129	Cirrhilabrus ryukyuensis	Cirrhilabrus	Labridae	Labridae	Ryukyu Fairy Wrasse	0	209	False	False	False	ineligible	below_regional_or_global_threshold
97867	Cirrhilabrus scottorum	Cirrhilabrus	Labridae	Labridae	Scott's Wrasse	0	62	False	False	False	ineligible	below_regional_or_global_threshold
97871	Cirrhilabrus walindi	Cirrhilabrus	Labridae	Labridae	Walindi fairy-wrasse	0	4	False	False	False	ineligible	below_regional_or_global_threshold
98498	Coris atlantica	Coris	Labridae	Labridae	Gulf Coris	0	64	False	False	False	ineligible	below_regional_or_global_threshold
98499	Coris auricularis	Coris	Labridae	Labridae	Western King Wrasse	0	797	False	False	False	ineligible	below_regional_or_global_threshold
98500	Coris aurilineata	Coris	Labridae	Labridae	Goldlined Wrasse	0	60	False	False	False	ineligible	below_regional_or_global_threshold
98502	Coris ballieui	Coris	Labridae	Labridae	Lined Coris	0	14	False	False	False	ineligible	below_regional_or_global_threshold
98504	Coris bulbifrons	Coris	Labridae	Labridae	Doubleheader	0	382	False	False	False	ineligible	below_regional_or_global_threshold
98505	Coris caudimacula	Coris	Labridae	Labridae	Spot-tail Wrasse	0	269	False	False	False	ineligible	below_regional_or_global_threshold
98506	Coris centralis	Coris	Labridae	Labridae	Kiribati Coris	0	4	False	False	False	ineligible	below_regional_or_global_threshold
98508	Coris debueni	Coris	Labridae	Labridae	De Buen's Coris	0	17	False	False	False	ineligible	below_regional_or_global_threshold
1349435	Coris flava	Coris	Labridae	Labridae	Yellow Coris	0	1	False	False	False	ineligible	below_regional_or_global_threshold
98510	Coris flavovittata	Coris	Labridae	Labridae	Blackstripe Coris	0	155	False	False	False	ineligible	below_regional_or_global_threshold
98511	Coris formosa	Coris	Labridae	Labridae	Queen Coris	0	326	False	False	False	ineligible	below_regional_or_global_threshold
98512	Coris hewetti	Coris	Labridae	Labridae	Hewett's Coris	0	7	False	False	False	ineligible	below_regional_or_global_threshold
50968	Coris julis	Coris	Labridae	Labridae	Mediterranean Rainbow Wrasse	0	7001	False	False	False	ineligible	below_regional_or_global_threshold
615606	Coris latifasciata	Coris	Labridae	Labridae	Chagos coris	0	3	False	False	False	ineligible	below_regional_or_global_threshold
52324	Coris marquesensis	Coris	Labridae	Labridae	Marquesan coris	0	8	False	False	False	ineligible	below_regional_or_global_threshold
1360107	Coris melanura	Coris	Labridae	Labridae	Atlantic rainbow wrasse	0	745	False	False	False	ineligible	below_regional_or_global_threshold
98513	Coris musume	Coris	Labridae	Labridae	Japanese Coris	0	2	False	False	False	ineligible	below_regional_or_global_threshold
98514	Coris nigrotaenia	Coris	Labridae	Labridae	Blackbar Coris	0	2	False	False	False	ineligible	below_regional_or_global_threshold
98515	Coris picta	Coris	Labridae	Labridae	Comb Wrasse	0	637	False	False	False	ineligible	below_regional_or_global_threshold
98517	Coris roseoviridis	Coris	Labridae	Labridae	Red-and-green Coris	0	1	False	False	False	ineligible	below_regional_or_global_threshold
98518	Coris sandeyeri	Coris	Labridae	Labridae	Eastern King Wrasse	0	545	False	False	False	ineligible	below_regional_or_global_threshold
98519	Coris variegata	Coris	Labridae	Labridae	Dapple Coris	0	56	False	False	False	ineligible	below_regional_or_global_threshold
98520	Coris venusta	Coris	Labridae	Labridae	Elegant Coris	0	196	False	False	False	ineligible	below_regional_or_global_threshold
98731	Cryptotomus roseus	Cryptotomus	Labridae	Labridae	Bluelip Parrotfish	0	83	False	False	False	ineligible	below_regional_or_global_threshold
98753	Ctenolabrus rupestris	Ctenolabrus	Labridae	Labridae	Goldsinny Wrasse	0	698	False	False	False	ineligible	below_regional_or_global_threshold
98856	Cymolutes lecluse	Cymolutes	Labridae	Labridae	Hawaiian Knifefish	0	46	False	False	False	ineligible	below_regional_or_global_threshold
1663225	Decodon erythroleukos	Decodon	Labridae	Labridae	Red-Tailed Halfbar Wrasse	0	1	False	False	False	ineligible	below_regional_or_global_threshold
99150	Decodon melasma	Decodon	Labridae	Labridae	blackspot wrasse	0	3	False	False	False	ineligible	below_regional_or_global_threshold
99151	Decodon pacificus	Decodon	Labridae	Labridae	Ten-tooth Wrasse	0	2	False	False	False	ineligible	below_regional_or_global_threshold
99152	Decodon puellaris	Decodon	Labridae	Labridae	Red hogfish	0	1	False	False	False	ineligible	below_regional_or_global_threshold
99532	Doratonotus megalepis	Doratonotus	Labridae	Labridae	Dwarf Wrasse	0	22	False	False	False	ineligible	below_regional_or_global_threshold
99548	Dotalabrus alleni	Dotalabrus	Labridae	Labridae	Little Rainbow Wrasse	0	68	False	False	False	ineligible	below_regional_or_global_threshold
99549	Dotalabrus aurantiacus	Dotalabrus	Labridae	Labridae	Castelnau's Wrasse	0	177	False	False	False	ineligible	below_regional_or_global_threshold
100727	Eupetrichthys angustipes	Eupetrichthys	Labridae	Labridae	Snakeskin Wrasse	0	1206	False	False	False	ineligible	below_regional_or_global_threshold
1316481	Gomphosus klunzingeri	Gomphosus	Labridae	Labridae	Red Sea Bird Wrasse	0	1063	False	False	False	ineligible	below_regional_or_global_threshold
68640	Haletta semifasciata	Haletta	Labridae	Labridae	Blue Weed-whiting	0	2955	False	False	False	ineligible	below_regional_or_global_threshold
102023	Halichoeres adustus	Halichoeres	Labridae	Labridae	Black Wrasse	0	18	False	False	False	ineligible	below_regional_or_global_threshold
102024	Halichoeres aestuaricola	Halichoeres	Labridae	Labridae	Mangrove Wrasse	0	3	False	False	False	ineligible	below_regional_or_global_threshold
102026	Halichoeres bathyphilus	Halichoeres	Labridae	Labridae	Greenband Wrasse	0	2	False	False	False	ineligible	below_regional_or_global_threshold
49272	Halichoeres bivittatus	Halichoeres	Labridae	Labridae	Slippery Dick	0	4528	False	False	False	ineligible	below_regional_or_global_threshold
102030	Halichoeres bleekeri	Halichoeres	Labridae	Labridae	Bleeker's Wrasse	0	28	False	False	False	ineligible	below_regional_or_global_threshold
102031	Halichoeres brasiliensis	Halichoeres	Labridae	Labridae	Brazilian Wrasse	0	36	False	False	False	ineligible	below_regional_or_global_threshold
102032	Halichoeres brownfieldi	Halichoeres	Labridae	Labridae	Brownfield's Wrasse	0	220	False	False	False	ineligible	below_regional_or_global_threshold
1316645	Halichoeres californicus	Halichoeres	Labridae	Labridae	Señorita Wrasse	0	513	False	False	False	ineligible	below_regional_or_global_threshold
102034	Halichoeres caudalis	Halichoeres	Labridae	Labridae	Painted Wrasse	0	17	False	False	False	ineligible	below_regional_or_global_threshold
102035	Halichoeres chierchiae	Halichoeres	Labridae	Labridae	Wounded Wrasse	0	317	False	False	False	ineligible	below_regional_or_global_threshold
102041	Halichoeres cyanocephalus	Halichoeres	Labridae	Labridae	Yellowcheek Wrasse	0	87	False	False	False	ineligible	below_regional_or_global_threshold
102042	Halichoeres dimidiatus	Halichoeres	Labridae	Labridae	Brazilian goldenback wrasse	0	7	False	False	False	ineligible	below_regional_or_global_threshold
102043	Halichoeres discolor	Halichoeres	Labridae	Labridae	Cocos Wrasse	0	80	False	False	False	ineligible	below_regional_or_global_threshold
52555	Halichoeres dispilus	Halichoeres	Labridae	Labridae	Chameleon Wrasse	0	877	False	False	False	ineligible	below_regional_or_global_threshold
615607	Halichoeres erdmanni	Halichoeres	Labridae	Labridae	Erdmann's Wrasse	0	13	False	False	False	ineligible	below_regional_or_global_threshold
49946	Halichoeres garnoti	Halichoeres	Labridae	Labridae	Yellowhead Wrasse	0	2312	False	False	False	ineligible	below_regional_or_global_threshold
615608	Halichoeres hilomeni	Halichoeres	Labridae	Labridae	Hilomen's Wrasse	0	5	False	False	False	ineligible	below_regional_or_global_threshold
1259704	Halichoeres inornatus	Halichoeres	Labridae	Labridae	Cape Wrasse	0	1	False	False	False	ineligible	below_regional_or_global_threshold
102046	Halichoeres insularis	Halichoeres	Labridae	Labridae	Socorro Wrasse	0	10	False	False	False	ineligible	below_regional_or_global_threshold
102047	Halichoeres iridis	Halichoeres	Labridae	Labridae	Rainbow Wrasse	0	50	False	False	False	ineligible	below_regional_or_global_threshold
1015343	Halichoeres kneri	Halichoeres	Labridae	Labridae	Kner's wrasse	0	18	False	False	False	ineligible	below_regional_or_global_threshold
1315694	Halichoeres lamarii	Halichoeres	Labridae	Labridae	Western Dusky Wrasse	0	75	False	False	False	ineligible	below_regional_or_global_threshold
102049	Halichoeres lapillus	Halichoeres	Labridae	Labridae	Jewelled Wrasse	0	8	False	False	False	ineligible	below_regional_or_global_threshold
102053	Halichoeres maculipinna	Halichoeres	Labridae	Labridae	Clown Wrasse	0	685	False	False	False	ineligible	below_regional_or_global_threshold
102054	Halichoeres malpelo	Halichoeres	Labridae	Labridae	Malpelo Wrasse	0	5	False	False	False	ineligible	below_regional_or_global_threshold
102056	Halichoeres marginatus	Halichoeres	Labridae	Labridae	Red Sea Dusky Wrasse	0	107	False	False	False	ineligible	below_regional_or_global_threshold
102058	Halichoeres melanotis	Halichoeres	Labridae	Labridae	Golden Wrasse	0	14	False	False	False	ineligible	below_regional_or_global_threshold
102060	Halichoeres melas	Halichoeres	Labridae	Labridae	Midnight Wrasse	0	1	False	False	False	ineligible	below_regional_or_global_threshold
56919	Halichoeres nicholsi	Halichoeres	Labridae	Labridae	Spinster Wrasse	0	794	False	False	False	ineligible	below_regional_or_global_threshold
52558	Halichoeres notospilus	Halichoeres	Labridae	Labridae	Banded Wrasse	0	796	False	False	False	ineligible	below_regional_or_global_threshold
102065	Halichoeres orientalis	Halichoeres	Labridae	Labridae	Ornamented Wrasse	0	5	False	False	False	ineligible	below_regional_or_global_threshold
102066	Halichoeres ornatissimus	Halichoeres	Labridae	Labridae	Ornamental Wrasse	0	341	False	False	False	ineligible	below_regional_or_global_threshold
102071	Halichoeres penrosei	Halichoeres	Labridae	Labridae	Tide pool wrasse	0	1	False	False	False	ineligible	below_regional_or_global_threshold
102072	Halichoeres pictus	Halichoeres	Labridae	Labridae	Rainbow Wrasse	0	118	False	False	False	ineligible	below_regional_or_global_threshold
102074	Halichoeres poeyi	Halichoeres	Labridae	Labridae	Blackear Wrasse	0	376	False	False	False	ineligible	below_regional_or_global_threshold
49942	Halichoeres radiatus	Halichoeres	Labridae	Labridae	Puddingwife Wrasse	0	1810	False	False	False	ineligible	below_regional_or_global_threshold
102079	Halichoeres salmofasciatus	Halichoeres	Labridae	Labridae	Red-striped Wrasse	0	29	False	False	False	ineligible	below_regional_or_global_threshold
102081	Halichoeres semicinctus	Halichoeres	Labridae	Labridae	Rock Wrasse	0	581	False	False	False	ineligible	below_regional_or_global_threshold
102082	Halichoeres signifer	Halichoeres	Labridae	Labridae	Flag Wrasse	0	3	False	False	False	ineligible	below_regional_or_global_threshold
102083	Halichoeres socialis	Halichoeres	Labridae	Labridae	Social Wrasse	0	5	False	False	False	ineligible	below_regional_or_global_threshold
102085	Halichoeres stigmaticus	Halichoeres	Labridae	Labridae	U-spot Wrasse	0	3	False	False	False	ineligible	below_regional_or_global_threshold
102086	Halichoeres tenuispinis	Halichoeres	Labridae	Labridae	Slenderspine Wrasse	0	34	False	False	False	ineligible	below_regional_or_global_threshold
615611	Halichoeres zulu	Halichoeres	Labridae	Labridae	Kwa-Zulu Natal Wrasse	0	28	False	False	False	ineligible	below_regional_or_global_threshold
187520	Hemigymnus sexfasciatus	Hemigymnus	Labridae	Labridae	Red Sea Thicklip Wrasse	0	132	False	False	False	ineligible	below_regional_or_global_threshold
187534	Heteroscarus acroptilus	Heteroscarus	Labridae	Labridae	Rainbow Cale	0	1015	False	False	False	ineligible	below_regional_or_global_threshold
102900	Hologymnosus longipes	Hologymnosus	Labridae	Labridae	Pale Slender Wrasse	0	4	False	False	False	ineligible	below_regional_or_global_threshold
103427	Iniistius auropunctatus	Iniistius	Labridae	Labridae	Insular Razorfish	0	3	False	False	False	ineligible	below_regional_or_global_threshold
1506247	Iniistius bakunawa	Iniistius	Labridae	Labridae	Eclipse-spot Razor Wrasse	0	8	False	False	False	ineligible	below_regional_or_global_threshold
103428	Iniistius baldwini	Iniistius	Labridae	Labridae	Baldwin's Razorfish	0	2	False	False	False	ineligible	below_regional_or_global_threshold
103429	Iniistius celebicus	Iniistius	Labridae	Labridae	Bronzespot Razorfish	0	18	False	False	False	ineligible	below_regional_or_global_threshold
103430	Iniistius cyanifrons	Iniistius	Labridae	Labridae		0	3	False	False	False	ineligible	below_regional_or_global_threshold
187564	Iniistius evides	Iniistius	Labridae	Labridae		0	16	False	False	False	ineligible	below_regional_or_global_threshold
103432	Iniistius geisha	Iniistius	Labridae	Labridae		0	1	False	False	False	ineligible	below_regional_or_global_threshold
103433	Iniistius griffithsi	Iniistius	Labridae	Labridae	Griffiths' razorfish	0	6	False	False	False	ineligible	below_regional_or_global_threshold
103434	Iniistius jacksonensis	Iniistius	Labridae	Labridae	Keelhead Razorfish	0	3	False	False	False	ineligible	below_regional_or_global_threshold
615613	Iniistius naevus	Iniistius	Labridae	Labridae	Orange-dot Razorfish	0	6	False	False	False	ineligible	below_regional_or_global_threshold
103437	Iniistius trivittatus	Iniistius	Labridae	Labridae	Three-band Razorfish	0	5	False	False	False	ineligible	below_regional_or_global_threshold
187567	Iniistius twistii	Iniistius	Labridae	Labridae	Redblotch Razorfish	0	3	False	False	False	ineligible	below_regional_or_global_threshold
103438	Iniistius umbrilatus	Iniistius	Labridae	Labridae	Blackside Razorfish	0	8	False	False	False	ineligible	below_regional_or_global_threshold
187568	Iniistius verrens	Iniistius	Labridae	Labridae		0	4	False	False	False	ineligible	below_regional_or_global_threshold
1684091	Labroides flammulatus	Labroides	Labridae	Labridae	Cinnabar Cleaner Wrasse	0	10	False	False	False	ineligible	below_regional_or_global_threshold
1684092	Labroides inopinatus	Labroides	Labridae	Labridae	Goldenrod Cleaner Wrasse	0	1	False	False	False	ineligible	below_regional_or_global_threshold
103903	Labroides phthirophagus	Labroides	Labridae	Labridae	Hawaiian Cleaner Wrasse	0	651	False	False	False	ineligible	below_regional_or_global_threshold
1684653	Labroides quadrilineatus	Labroides	Labridae	Labridae	Fourline Wrasse	0	266	False	False	False	ineligible	below_regional_or_global_threshold
103904	Labroides rubrolabiatus	Labroides	Labridae	Labridae	Redlip Cleaner Wrasse	0	69	False	False	False	ineligible	below_regional_or_global_threshold
103906	Labropsis australis	Labropsis	Labridae	Labridae	Southern Tubelip	0	148	False	False	False	ineligible	below_regional_or_global_threshold
103908	Labropsis micronesica	Labropsis	Labridae	Labridae	Micronesian Tubelip	0	14	False	False	False	ineligible	below_regional_or_global_threshold
103909	Labropsis polynesica	Labropsis	Labridae	Labridae	Polynesian Tubelip	0	8	False	False	False	ineligible	below_regional_or_global_threshold
103911	Labrus bergylta	Labrus	Labridae	Labridae	Ballan Wrasse	0	1315	False	False	False	ineligible	below_regional_or_global_threshold
103912	Labrus merula	Labrus	Labridae	Labridae	Brown Wrasse	0	1478	False	False	False	ineligible	below_regional_or_global_threshold
103913	Labrus mixtus	Labrus	Labridae	Labridae	Cuckoo Wrasse	0	579	False	False	False	ineligible	below_regional_or_global_threshold
103914	Labrus viridis	Labrus	Labridae	Labridae	Green Wrasse	0	295	False	False	False	ineligible	below_regional_or_global_threshold
49432	Lachnolaimus maximus	Lachnolaimus	Labridae	Labridae	Hogfish	0	1418	False	False	False	ineligible	below_regional_or_global_threshold
104077	Lappanella fasciata	Lappanella	Labridae	Labridae	Iris Wrasse	0	5	False	False	False	ineligible	below_regional_or_global_threshold
105059	Macropharyngodon bipartitus	Macropharyngodon	Labridae	Labridae	Vermiculate Wrasse	0	120	False	False	False	ineligible	below_regional_or_global_threshold
105060	Macropharyngodon choati	Macropharyngodon	Labridae	Labridae	Choat's Wrasse	0	44	False	False	False	ineligible	below_regional_or_global_threshold
105061	Macropharyngodon cyanoguttatus	Macropharyngodon	Labridae	Labridae	Bluespotted Wrasse	0	6	False	False	False	ineligible	below_regional_or_global_threshold
105062	Macropharyngodon geoffroy	Macropharyngodon	Labridae	Labridae	Shortnose Wrasse	0	211	False	False	False	ineligible	below_regional_or_global_threshold
105063	Macropharyngodon kuiteri	Macropharyngodon	Labridae	Labridae	Kuiter's Wrasse	0	13	False	False	False	ineligible	below_regional_or_global_threshold
615615	Macropharyngodon marisrubri	Macropharyngodon	Labridae	Labridae	Red Sea Vermiculate Wrasse	0	34	False	False	False	ineligible	below_regional_or_global_threshold
105064	Macropharyngodon moyeri	Macropharyngodon	Labridae	Labridae	Japanese Leopard Wrasse	0	11	False	False	False	ineligible	below_regional_or_global_threshold
615616	Macropharyngodon pakoko	Macropharyngodon	Labridae	Labridae	Pakoko wrasse	0	1	False	False	False	ineligible	below_regional_or_global_threshold
105067	Macropharyngodon vivienae	Macropharyngodon	Labridae	Labridae	Madagascar Wrasse	0	4	False	False	False	ineligible	below_regional_or_global_threshold
105144	Malapterus reticulatus	Malapterus	Labridae	Labridae	Juan Fernández Wrasse	0	18	False	False	False	ineligible	below_regional_or_global_threshold
68643	Neoodax balteatus	Neoodax	Labridae	Labridae	Little Weed Whiting	0	775	False	False	False	ineligible	below_regional_or_global_threshold
187777	Nicholsina collettei	Nicholsina	Labridae	Labridae	Collette's Parrotfish	0	1	False	False	False	ineligible	below_regional_or_global_threshold
107024	Nicholsina denticulata	Nicholsina	Labridae	Labridae	Loosetooth Parrotfish	0	168	False	False	False	ineligible	below_regional_or_global_threshold
107025	Nicholsina usta	Nicholsina	Labridae	Labridae	Emerald Parrotfish	0	55	False	False	False	ineligible	below_regional_or_global_threshold
107180	Notolabrus celidotus	Notolabrus	Labridae	Labridae	Spotty	0	860	False	False	False	ineligible	below_regional_or_global_threshold
107181	Notolabrus cinctus	Notolabrus	Labridae	Labridae	Girdled wrasse	0	17	False	False	False	ineligible	below_regional_or_global_threshold
107182	Notolabrus fucicola	Notolabrus	Labridae	Labridae	Purple Wrasse	0	853	False	False	False	ineligible	below_regional_or_global_threshold
107183	Notolabrus gymnogenis	Notolabrus	Labridae	Labridae	Crimsonband Wrasse	0	2665	False	False	False	ineligible	below_regional_or_global_threshold
107184	Notolabrus inscriptus	Notolabrus	Labridae	Labridae	Green Wrasse	0	215	False	False	False	ineligible	below_regional_or_global_threshold
107185	Notolabrus parilus	Notolabrus	Labridae	Labridae	Brownspotted Wrasse	0	1487	False	False	False	ineligible	below_regional_or_global_threshold
107186	Notolabrus tetricus	Notolabrus	Labridae	Labridae	Bluethroat Wrasse	0	1239	False	False	False	ineligible	below_regional_or_global_threshold
615618	Novaculops alvheimi	Novaculops	Labridae	Labridae	St. Brandon's Sandy	0	1	False	False	False	ineligible	below_regional_or_global_threshold
615619	Novaculops halsteadi	Novaculops	Labridae	Labridae	Halstead's Sandy	0	2	False	False	False	ineligible	below_regional_or_global_threshold
615623	Novaculops woodi	Novaculops	Labridae	Labridae	Hawaiian Sandy	0	4	False	False	False	ineligible	below_regional_or_global_threshold
68647	Odax cyanoallix	Odax	Labridae	Labridae	Bluefinned butterfish	0	6	False	False	False	ineligible	below_regional_or_global_threshold
68645	Odax pullus	Odax	Labridae	Labridae	Green-boned Butterfish	0	265	False	False	False	ineligible	below_regional_or_global_threshold
180920	Olisthops cyanomelas	Olisthops	Labridae	Labridae	Herring Cale	0	1069	False	False	False	ineligible	below_regional_or_global_threshold
107678	Ophthalmolepis lineolata	Ophthalmolepis	Labridae	Labridae	Southern Maori Wrasse	0	1956	False	False	False	ineligible	below_regional_or_global_threshold
108078	Oxycheilinus mentalis	Oxycheilinus	Labridae	Labridae	Mental Wrasse	0	42	False	False	False	ineligible	below_regional_or_global_threshold
108079	Oxycheilinus nigromarginatus	Oxycheilinus	Labridae	Labridae	Blackmargin Maori Wrasse	0	4	False	False	False	ineligible	below_regional_or_global_threshold
1314444	Oxycheilinus samurai	Oxycheilinus	Labridae	Labridae		0	2	False	False	False	ineligible	below_regional_or_global_threshold
1520860	Paracheilinus amanda	Paracheilinus	Labridae	Labridae	Amanda's Flasher Wrasse	0	2	False	False	False	ineligible	below_regional_or_global_threshold
108427	Paracheilinus attenuatus	Paracheilinus	Labridae	Labridae	Diamond-tail Flasher Wrasse	0	1	False	False	False	ineligible	below_regional_or_global_threshold
108428	Paracheilinus bellae	Paracheilinus	Labridae	Labridae	Bell's Flasher Wrasse	0	5	False	False	False	ineligible	below_regional_or_global_threshold
108429	Paracheilinus carpenteri	Paracheilinus	Labridae	Labridae	Carpenter's Flasher Wrasse	0	79	False	False	False	ineligible	below_regional_or_global_threshold
108431	Paracheilinus filamentosus	Paracheilinus	Labridae	Labridae	Filamentous Flasher Wrasse	0	62	False	False	False	ineligible	below_regional_or_global_threshold
108434	Paracheilinus lineopunctatus	Paracheilinus	Labridae	Labridae	Spot-lined Flasher Wrasse	0	40	False	False	False	ineligible	below_regional_or_global_threshold
108437	Paracheilinus octotaenia	Paracheilinus	Labridae	Labridae	Red Sea Flasher Wrasse	0	71	False	False	False	ineligible	below_regional_or_global_threshold
108439	Paracheilinus rubricaudalis	Paracheilinus	Labridae	Labridae	Redtail Flasher Wrasse	0	17	False	False	False	ineligible	below_regional_or_global_threshold
1314657	Paracheilinus xanthocirritus	Paracheilinus	Labridae	Labridae		0	1	False	False	False	ineligible	below_regional_or_global_threshold
108528	Parajulis poecilepterus	Parajulis	Labridae	Labridae	Multicolorfin Rainbowfish	0	115	False	False	False	ineligible	below_regional_or_global_threshold
109505	Pictilabrus brauni	Pictilabrus	Labridae	Labridae	Braun's Wrasse	0	2	False	False	False	ineligible	below_regional_or_global_threshold
109506	Pictilabrus laticlavius	Pictilabrus	Labridae	Labridae	Senator Wrasse	0	1761	False	False	False	ineligible	below_regional_or_global_threshold
109507	Pictilabrus viridis	Pictilabrus	Labridae	Labridae	False Senator Wrasse	0	52	False	False	False	ineligible	below_regional_or_global_threshold
1474823	Polylepion gilmorei	Polylepion	Labridae	Labridae	Candystriped Wrasse	0	1	False	False	False	ineligible	below_regional_or_global_threshold
109979	Polylepion russelli	Polylepion	Labridae	Labridae	Russell's striped hogfish	0	1	False	False	False	ineligible	below_regional_or_global_threshold
110969	Pseudocheilinus citrinus	Pseudocheilinus	Labridae	Labridae	Citric Wrasse	0	1	False	False	False	ineligible	below_regional_or_global_threshold
110970	Pseudocheilinus dispilus	Pseudocheilinus	Labridae	Labridae	Neon Orange Wrasse	0	1	False	False	False	ineligible	below_regional_or_global_threshold
110973	Pseudocheilinus ocellatus	Pseudocheilinus	Labridae	Labridae	Mystery Wrasse	0	14	False	False	False	ineligible	below_regional_or_global_threshold
110975	Pseudocheilinus tetrataenia	Pseudocheilinus	Labridae	Labridae	Four-lined Wrasse	0	45	False	False	False	ineligible	below_regional_or_global_threshold
110990	Pseudocoris aurantiofasciata	Pseudocoris	Labridae	Labridae	Rust-banded Wrasse	0	3	False	False	False	ineligible	below_regional_or_global_threshold
871132	Pseudocoris hemichrysos	Pseudocoris	Labridae	Labridae	yellowfin wrasse	0	6	False	False	False	ineligible	below_regional_or_global_threshold
871133	Pseudocoris occidentalis	Pseudocoris	Labridae	Labridae		0	4	False	False	False	ineligible	below_regional_or_global_threshold
111021	Pseudojuloides argyreogaster	Pseudojuloides	Labridae	Labridae		0	2	False	False	False	ineligible	below_regional_or_global_threshold
111022	Pseudojuloides atavai	Pseudojuloides	Labridae	Labridae	Tahitian Wrasse	0	7	False	False	False	ineligible	below_regional_or_global_threshold
111023	Pseudojuloides cerasinus	Pseudojuloides	Labridae	Labridae	Smalltail Wrasse	0	112	False	False	False	ineligible	below_regional_or_global_threshold
111024	Pseudojuloides elongatus	Pseudojuloides	Labridae	Labridae	Long Green Wrasse	0	13	False	False	False	ineligible	below_regional_or_global_threshold
1313472	Pseudojuloides paradiseus	Pseudojuloides	Labridae	Labridae		0	1	False	False	False	ineligible	below_regional_or_global_threshold
1313421	Pseudojuloides pluto	Pseudojuloides	Labridae	Labridae		0	13	False	False	False	ineligible	below_regional_or_global_threshold
871134	Pseudojuloides polackorum	Pseudojuloides	Labridae	Labridae	African Pencil Wrasse	0	3	False	False	False	ineligible	below_regional_or_global_threshold
1015345	Pseudojuloides polynesica	Pseudojuloides	Labridae	Labridae	Rimatara pencil wrasse	0	4	False	False	False	ineligible	below_regional_or_global_threshold
823609	Pseudojuloides splendens	Pseudojuloides	Labridae	Labridae	Splendid Pencil Wrasse	0	75	False	False	False	ineligible	below_regional_or_global_threshold
111031	Pseudolabrus biserialis	Pseudolabrus	Labridae	Labridae	Redband Wrasse	0	229	False	False	False	ineligible	below_regional_or_global_threshold
111032	Pseudolabrus eoethinus	Pseudolabrus	Labridae	Labridae	Red Naped Wrasse	0	64	False	False	False	ineligible	below_regional_or_global_threshold
111033	Pseudolabrus fuentesi	Pseudolabrus	Labridae	Labridae	Fuentes' Wrasse	0	4	False	False	False	ineligible	below_regional_or_global_threshold
111035	Pseudolabrus guentheri	Pseudolabrus	Labridae	Labridae	Gunther's Wrasse	0	1246	False	False	False	ineligible	below_regional_or_global_threshold
111036	Pseudolabrus luculentus	Pseudolabrus	Labridae	Labridae	Luculent Wrasse	0	442	False	False	False	ineligible	below_regional_or_global_threshold
51542	Pseudolabrus miles	Pseudolabrus	Labridae	Labridae	Scarlet Wrasse	0	290	False	False	False	ineligible	below_regional_or_global_threshold
111037	Pseudolabrus rubicundus	Pseudolabrus	Labridae	Labridae	Rosy Parrotfish	0	66	False	False	False	ineligible	below_regional_or_global_threshold
111039	Pseudolabrus sieboldi	Pseudolabrus	Labridae	Labridae	Bambooleaf Wrasse	0	57	False	False	False	ineligible	below_regional_or_global_threshold
111178	Pteragogus aurigarius	Pteragogus	Labridae	Labridae	Cocktail Wrasse	0	42	False	False	False	ineligible	below_regional_or_global_threshold
615629	Pteragogus clarkae	Pteragogus	Labridae	Labridae	Clark's Wrasse	0	1	False	False	False	ineligible	below_regional_or_global_threshold
111179	Pteragogus cryptus	Pteragogus	Labridae	Labridae	Cryptic Wrasse	0	3	False	False	False	ineligible	below_regional_or_global_threshold
111181	Pteragogus flagellifer	Pteragogus	Labridae	Labridae	Cocktail Wrasse	0	33	False	False	False	ineligible	below_regional_or_global_threshold
111183	Pteragogus pelycus	Pteragogus	Labridae	Labridae	Sideburn Wrasse	0	3	False	False	False	ineligible	below_regional_or_global_threshold
111184	Pteragogus taeniops	Pteragogus	Labridae	Labridae	Cheekbar Wrasse	0	3	False	False	False	ineligible	below_regional_or_global_threshold
615630	Pteragogus trispilus	Pteragogus	Labridae	Labridae	Sideburn wrasse	0	64	False	False	False	ineligible	below_regional_or_global_threshold
615631	Pteragogus variabilis	Pteragogus	Labridae	Labridae	Cargados Wrasse	0	3	False	False	False	ineligible	below_regional_or_global_threshold
112131	Scarus arabicus	Scarus	Labridae	Labridae	Arabian Parrotfish	0	5	False	False	False	ineligible	below_regional_or_global_threshold
112132	Scarus caudofasciatus	Scarus	Labridae	Labridae	Redbarred Parrotfish	0	13	False	False	False	ineligible	below_regional_or_global_threshold
112135	Scarus coelestinus	Scarus	Labridae	Labridae	Midnight Parrotfish	0	558	False	False	False	ineligible	below_regional_or_global_threshold
112136	Scarus coeruleus	Scarus	Labridae	Labridae	Blue Parrotfish	0	550	False	False	False	ineligible	below_regional_or_global_threshold
112137	Scarus collana	Scarus	Labridae	Labridae	Greenhead Parrotfish	0	14	False	False	False	ineligible	below_regional_or_global_threshold
83296	Scarus compressus	Scarus	Labridae	Labridae	Azure Parrotfish	0	129	False	False	False	ineligible	below_regional_or_global_threshold
112139	Scarus dubius	Scarus	Labridae	Labridae	Regal Parrotfish	0	15	False	False	False	ineligible	below_regional_or_global_threshold
112140	Scarus falcipinnis	Scarus	Labridae	Labridae	Sicklefin parrotfish	0	38	False	False	False	ineligible	below_regional_or_global_threshold
112141	Scarus ferrugineus	Scarus	Labridae	Labridae	Rusty Parrotfish	0	1064	False	False	False	ineligible	below_regional_or_global_threshold
112147	Scarus fuscopurpureus	Scarus	Labridae	Labridae	Purple-brown Parrotfish	0	260	False	False	False	ineligible	below_regional_or_global_threshold
68029	Scarus globiceps	Scarus	Labridae	Labridae	Violetline Parrotfish	0	264	False	False	False	ineligible	below_regional_or_global_threshold
112148	Scarus guacamaia	Scarus	Labridae	Labridae	Rainbow Parrotfish	0	1850	False	False	False	ineligible	below_regional_or_global_threshold
112149	Scarus hoefleri	Scarus	Labridae	Labridae	Guinean Parrotfish	0	103	False	False	False	ineligible	below_regional_or_global_threshold
112150	Scarus hypselopterus	Scarus	Labridae	Labridae	East-Indies Parrotfish	0	146	False	False	False	ineligible	below_regional_or_global_threshold
49690	Scarus iseri	Scarus	Labridae	Labridae	Striped Parrotfish	0	3454	False	False	False	ineligible	below_regional_or_global_threshold
112151	Scarus koputea	Scarus	Labridae	Labridae	Marquesan parrotfish	0	7	False	False	False	ineligible	below_regional_or_global_threshold
112152	Scarus longipinnis	Scarus	Labridae	Labridae	Highfin Parrotfish	0	43	False	False	False	ineligible	below_regional_or_global_threshold
112154	Scarus obishime	Scarus	Labridae	Labridae	Ogasawara Parrotfish	0	3	False	False	False	ineligible	below_regional_or_global_threshold
112156	Scarus ovifrons	Scarus	Labridae	Labridae	Knobsnout Parrotfish	0	16	False	False	False	ineligible	below_regional_or_global_threshold
112157	Scarus perrico	Scarus	Labridae	Labridae	Bumphead Parrotfish	0	430	False	False	False	ineligible	below_regional_or_global_threshold
112158	Scarus persicus	Scarus	Labridae	Labridae	Persian Parrotfish	0	64	False	False	False	ineligible	below_regional_or_global_threshold
112162	Scarus russelii	Scarus	Labridae	Labridae	Eclipse Parrotfish	0	59	False	False	False	ineligible	below_regional_or_global_threshold
112163	Scarus scaber	Scarus	Labridae	Labridae	Five-saddle Parrotfish	0	247	False	False	False	ineligible	below_regional_or_global_threshold
112166	Scarus taeniopterus	Scarus	Labridae	Labridae	Princess Parrotfish	0	1355	False	False	False	ineligible	below_regional_or_global_threshold
112168	Scarus trispinosus	Scarus	Labridae	Labridae	Greenback Parrotfish	0	14	False	False	False	ineligible	below_regional_or_global_threshold
112169	Scarus vetula	Scarus	Labridae	Labridae	Queen Parrotfish	0	2369	False	False	False	ineligible	below_regional_or_global_threshold
112170	Scarus viridifucatus	Scarus	Labridae	Labridae	Green-snout Parrotfish	0	11	False	False	False	ineligible	below_regional_or_global_threshold
49691	Scarus zelindae	Scarus	Labridae	Labridae	Brazilian Striped Parrotfish	0	8	False	False	False	ineligible	below_regional_or_global_threshold
112172	Scarus zufar	Scarus	Labridae	Labridae	Dhofar Parrotfish	0	10	False	False	False	ineligible	below_regional_or_global_threshold
112704	Siphonognathus argyrophanes	Siphonognathus	Labridae	Labridae	Tubemouth	0	696	False	False	False	ineligible	below_regional_or_global_threshold
68648	Siphonognathus attenuatus	Siphonognathus	Labridae	Labridae	Slender Weed Whiting	0	140	False	False	False	ineligible	below_regional_or_global_threshold
112705	Siphonognathus beddomei	Siphonognathus	Labridae	Labridae	Pencil Weed Whiting	0	278	False	False	False	ineligible	below_regional_or_global_threshold
112706	Siphonognathus caninis	Siphonognathus	Labridae	Labridae	Sharpnose Weed Whiting	0	111	False	False	False	ineligible	below_regional_or_global_threshold
112707	Siphonognathus radiatus	Siphonognathus	Labridae	Labridae	Longray Weed Whiting	0	428	False	False	False	ineligible	below_regional_or_global_threshold
112856	Sparisoma amplum	Sparisoma	Labridae	Labridae	Reef Parrotfish	0	21	False	False	False	ineligible	below_regional_or_global_threshold
112857	Sparisoma atomarium	Sparisoma	Labridae	Labridae	Greenblotch Parrotfish	0	99	False	False	False	ineligible	below_regional_or_global_threshold
112858	Sparisoma aurofrenatum	Sparisoma	Labridae	Labridae	Redband Parrotfish	0	2929	False	False	False	ineligible	below_regional_or_global_threshold
112859	Sparisoma axillare	Sparisoma	Labridae	Labridae	Redeye Parrotfish	0	46	False	False	False	ineligible	below_regional_or_global_threshold
564561	Sparisoma choati	Sparisoma	Labridae	Labridae	West-African Parrotfish	0	26	False	False	False	ineligible	below_regional_or_global_threshold
49929	Sparisoma chrysopterum	Sparisoma	Labridae	Labridae	Redtail Parrotfish	0	1023	False	False	False	ineligible	below_regional_or_global_threshold
112860	Sparisoma cretense	Sparisoma	Labridae	Labridae	European Parrotfish	0	4488	False	False	False	ineligible	below_regional_or_global_threshold
112861	Sparisoma frondosum	Sparisoma	Labridae	Labridae	Agassiz's Parrotfish	0	55	False	False	False	ineligible	below_regional_or_global_threshold
112863	Sparisoma radians	Sparisoma	Labridae	Labridae	Bucktooth Parrotfish	0	152	False	False	False	ineligible	below_regional_or_global_threshold
620275	Sparisoma rocha	Sparisoma	Labridae	Labridae	Trindade parrotfish	0	1	False	False	False	ineligible	below_regional_or_global_threshold
112864	Sparisoma rubripinne	Sparisoma	Labridae	Labridae	Yellowtail Parrotfish	0	2209	False	False	False	ineligible	below_regional_or_global_threshold
112865	Sparisoma strigatum	Sparisoma	Labridae	Labridae	Strigate Parrotfish	0	8	False	False	False	ineligible	below_regional_or_global_threshold
112866	Sparisoma tuiupiranga	Sparisoma	Labridae	Labridae	Tuiupiranga Parrotfish	0	12	False	False	False	ineligible	below_regional_or_global_threshold
112867	Sparisoma viride	Sparisoma	Labridae	Labridae	Stoplight Parrotfish	0	6690	False	False	False	ineligible	below_regional_or_global_threshold
113201	Stethojulis balteata	Stethojulis	Labridae	Labridae	Belted Wrasse	0	753	False	False	False	ineligible	below_regional_or_global_threshold
113205	Stethojulis marquesensis	Stethojulis	Labridae	Labridae		0	1	False	False	False	ineligible	below_regional_or_global_threshold
113206	Stethojulis notialis	Stethojulis	Labridae	Labridae	Southern Wrasse	0	46	False	False	False	ineligible	below_regional_or_global_threshold
113208	Stethojulis terina	Stethojulis	Labridae	Labridae	Cutribbon Wrasse	0	60	False	False	False	ineligible	below_regional_or_global_threshold
113440	Suezichthys arquatus	Suezichthys	Labridae	Labridae	Painted Rainbow Wrasse	0	141	False	False	False	ineligible	below_regional_or_global_threshold
113441	Suezichthys aylingi	Suezichthys	Labridae	Labridae	Crimson cleaner wrasse	0	63	False	False	False	ineligible	below_regional_or_global_threshold
113442	Suezichthys bifurcatus	Suezichthys	Labridae	Labridae	Striped Rainbow Wrasse	0	1	False	False	False	ineligible	below_regional_or_global_threshold
113444	Suezichthys cyanolaemus	Suezichthys	Labridae	Labridae	Bluethroat Rainbow Wrasse	0	50	False	False	False	ineligible	below_regional_or_global_threshold
113445	Suezichthys devisi	Suezichthys	Labridae	Labridae	Australian Rainbow Wrasse	0	65	False	False	False	ineligible	below_regional_or_global_threshold
113446	Suezichthys gracilis	Suezichthys	Labridae	Labridae	Slender Rainbow Wrasse	0	32	False	False	False	ineligible	below_regional_or_global_threshold
113447	Suezichthys notatus	Suezichthys	Labridae	Labridae	Northern Rainbow Wrasse	0	1	False	False	False	ineligible	below_regional_or_global_threshold
615634	Suezichthys ornatus	Suezichthys	Labridae	Labridae	Tristan da Cunha rainbow wrasse	0	2	False	False	False	ineligible	below_regional_or_global_threshold
113528	Symphodus bailloni	Symphodus	Labridae	Labridae	Baillon's Wrasse	0	211	False	False	False	ineligible	below_regional_or_global_threshold
564867	Symphodus caeruleus	Symphodus	Labridae	Labridae	Atlantic Wrasse	0	115	False	False	False	ineligible	below_regional_or_global_threshold
113529	Symphodus cinereus	Symphodus	Labridae	Labridae	Grey Wrasse	0	846	False	False	False	ineligible	below_regional_or_global_threshold
113530	Symphodus doderleini	Symphodus	Labridae	Labridae	Doderlein's Wrasse	0	173	False	False	False	ineligible	below_regional_or_global_threshold
113531	Symphodus mediterraneus	Symphodus	Labridae	Labridae	Axillary Wrasse	0	1272	False	False	False	ineligible	below_regional_or_global_threshold
1316741	Symphodus melanocercus	Symphodus	Labridae	Labridae	Blacktailed Wrasse	0	383	False	False	False	ineligible	below_regional_or_global_threshold
113533	Symphodus melops	Symphodus	Labridae	Labridae	Corkwing Wrasse	0	1450	False	False	False	ineligible	below_regional_or_global_threshold
113534	Symphodus ocellatus	Symphodus	Labridae	Labridae	Ocellated Wrasse	0	984	False	False	False	ineligible	below_regional_or_global_threshold
113535	Symphodus roissali	Symphodus	Labridae	Labridae	Five-spotted Wrasse	0	2313	False	False	False	ineligible	below_regional_or_global_threshold
113536	Symphodus rostratus	Symphodus	Labridae	Labridae	Pointed-snout Wrasse	0	832	False	False	False	ineligible	below_regional_or_global_threshold
52554	Symphodus tinca	Symphodus	Labridae	Labridae	East Atlantic Peacock Wrasse	0	5712	False	False	False	ineligible	below_regional_or_global_threshold
359902	Symphodus trutta	Symphodus	Labridae	Labridae	Emerald Wrasse	0	257	False	False	False	ineligible	below_regional_or_global_threshold
52547	Tautoga onitis	Tautoga	Labridae	Labridae	Tautog	0	978	False	False	False	ineligible	below_regional_or_global_threshold
51390	Tautogolabrus adspersus	Tautogolabrus	Labridae	Labridae	Cunner	0	1513	False	False	False	ineligible	below_regional_or_global_threshold
615636	Terelabrus dewapyle	Terelabrus	Labridae	Labridae		0	1	False	False	False	ineligible	below_regional_or_global_threshold
113971	Thalassoma ballieui	Thalassoma	Labridae	Labridae	Blacktail Wrasse	0	86	False	False	False	ineligible	below_regional_or_global_threshold
49491	Thalassoma bifasciatum	Thalassoma	Labridae	Labridae	Caribbean Bluehead Wrasse	0	7009	False	False	False	ineligible	below_regional_or_global_threshold
113972	Thalassoma cupido	Thalassoma	Labridae	Labridae	Cupid Wrasse	0	46	False	False	False	ineligible	below_regional_or_global_threshold
113973	Thalassoma duperrey	Thalassoma	Labridae	Labridae	Saddle Wrasse	0	2535	False	False	False	ineligible	below_regional_or_global_threshold
113974	Thalassoma genivittatum	Thalassoma	Labridae	Labridae	Red-cheek Wrasse	0	132	False	False	False	ineligible	below_regional_or_global_threshold
113975	Thalassoma grammaticum	Thalassoma	Labridae	Labridae	Sunset Wrasse	0	509	False	False	False	ineligible	below_regional_or_global_threshold
113976	Thalassoma hebraicum	Thalassoma	Labridae	Labridae	Goldbar Wrasse	0	464	False	False	False	ineligible	below_regional_or_global_threshold
113979	Thalassoma loxum	Thalassoma	Labridae	Labridae	Slantband Wrasse	0	5	False	False	False	ineligible	below_regional_or_global_threshold
49493	Thalassoma lucasanum	Thalassoma	Labridae	Labridae	Cortez Rainbow Wrasse	0	3275	False	False	False	ineligible	below_regional_or_global_threshold
113981	Thalassoma lutescens	Thalassoma	Labridae	Labridae	Sunset Wrasse	0	2218	False	False	False	ineligible	below_regional_or_global_threshold
113982	Thalassoma newtoni	Thalassoma	Labridae	Labridae	Newton's Wrasse	0	27	False	False	False	ineligible	below_regional_or_global_threshold
113984	Thalassoma noronhanum	Thalassoma	Labridae	Labridae	Noronha Wrasse	0	64	False	False	False	ineligible	below_regional_or_global_threshold
50972	Thalassoma pavo	Thalassoma	Labridae	Labridae	Ornate Wrasse	0	9443	False	False	False	ineligible	below_regional_or_global_threshold
113987	Thalassoma rueppellii	Thalassoma	Labridae	Labridae	Klunzinger's Wrasse	0	1515	False	False	False	ineligible	below_regional_or_global_threshold
113988	Thalassoma sanctaehelenae	Thalassoma	Labridae	Labridae	St. Helena Wrasse	0	5	False	False	False	ineligible	below_regional_or_global_threshold
113989	Thalassoma septemfasciatum	Thalassoma	Labridae	Labridae	Sevenband Wrasse	0	91	False	False	False	ineligible	below_regional_or_global_threshold
113991	Thalassoma virens	Thalassoma	Labridae	Labridae	Emerald Wrasse	0	42	False	False	False	ineligible	below_regional_or_global_threshold
1462575	Wetmorella bifasciata	Wetmorella	Labridae	Labridae	Philippine Possum Wrasse	0	5	False	False	False	ineligible	below_regional_or_global_threshold
115181	Xyrichtys blanchardi	Xyrichtys	Labridae	Labridae	Marmalade Razorfish	0	1	False	False	False	ineligible	below_regional_or_global_threshold
115185	Xyrichtys martinicensis	Xyrichtys	Labridae	Labridae	Rosy Razorfish	0	262	False	False	False	ineligible	below_regional_or_global_threshold
115187	Xyrichtys mundiceps	Xyrichtys	Labridae	Labridae	Cape Razorfish	0	2	False	False	False	ineligible	below_regional_or_global_threshold
115188	Xyrichtys novacula	Xyrichtys	Labridae	Labridae	Pearly Razorfish	0	1423	False	False	False	ineligible	below_regional_or_global_threshold
115192	Xyrichtys sanctaehelenae	Xyrichtys	Labridae	Labridae	Saint Helena Razorfish	0	1	False	False	False	ineligible	below_regional_or_global_threshold
115194	Xyrichtys splendens	Xyrichtys	Labridae	Labridae	Green Razorfish	0	339	False	False	False	ineligible	below_regional_or_global_threshold
115196	Xyrichtys victori	Xyrichtys	Labridae	Labridae	Galápagos Razorfish	0	2	False	False	False	ineligible	below_regional_or_global_threshold
135281	Macolor macularis	Macolor	Lutjanidae	Lutjanidae	Midnight Snapper	566	1473	True	True	True	common_target_pretraining	requested_target_meets_abundance_thresholds
104856	Lutjanus decussatus	Lutjanus	Lutjanidae	Lutjanidae	Checkered Snapper	379	968	True	True	True	common_target_pretraining	requested_target_meets_abundance_thresholds
96400	Caesio caerulaurea	Caesio	Lutjanidae	Lutjanidae	Scissor-tailed Fusilier	321	1465	True	True	True	common_target_pretraining	requested_target_meets_abundance_thresholds
183187	Pterocaesio tile	Pterocaesio	Lutjanidae	Lutjanidae	Neon Fusilier	257	846	True	True	True	common_target_pretraining	requested_target_meets_abundance_thresholds
142704	Lutjanus gibbus	Lutjanus	Lutjanidae	Lutjanidae	Humpback Snapper	236	1447	True	True	True	common_target_pretraining	requested_target_meets_abundance_thresholds
68030	Lutjanus bohar	Lutjanus	Lutjanidae	Lutjanidae	Two-spot Red Snapper	202	1876	True	True	True	common_target_pretraining	requested_target_meets_abundance_thresholds
121001	Lutjanus monostigma	Lutjanus	Lutjanidae	Lutjanidae	Onespot Snapper	198	894	True	True	True	common_target_pretraining	requested_target_meets_abundance_thresholds
68021	Caesio teres	Caesio	Lutjanidae	Lutjanidae	Blue-and-yellow Fusilier	219	775	True	False	True	broad_pretraining	regional_and_global_abundance
135280	Macolor niger	Macolor	Lutjanidae	Lutjanidae	Black-and-white Snapper	121	1245	True	False	True	broad_pretraining	regional_and_global_abundance
183186	Caesio lunaris	Caesio	Lutjanidae	Lutjanidae	Lunar Fusilier	111	607	True	False	True	broad_pretraining	regional_and_global_abundance
347375	Pterocaesio digramma	Pterocaesio	Lutjanidae	Lutjanidae	Doubleline Fusilier	75	538	True	False	True	broad_pretraining	regional_and_global_abundance
135225	Caesio cuning	Caesio	Lutjanidae	Lutjanidae	Yellowtail Fusilier	193	1186	True	False	True	novel_evaluation	held_out_for_unseen_species_evaluation
447971	Lutjanus bengalensis	Lutjanus	Lutjanidae	Lutjanidae	Bengal Snapper	118	179	False	True	False	rare_target_holdout	requested_target_below_abundance_thresholds
121459	Lutjanus fulvus	Lutjanus	Lutjanidae	Lutjanidae	Blacktail Snapper	203	1797	True	False	False	eligible_not_selected	genus_quota_reached
135223	Lutjanus biguttatus	Lutjanus	Lutjanidae	Lutjanidae	Twospot Snapper	185	777	True	False	False	eligible_not_selected	genus_quota_reached
50345	Lutjanus carponotatus	Lutjanus	Lutjanidae	Lutjanidae	Spanish Flag Snapper	85	1123	True	False	False	eligible_not_selected	genus_quota_reached
204571	Lutjanus fulviflamma	Lutjanus	Lutjanidae	Lutjanidae	Blackspot Snapper	81	1279	True	False	False	eligible_not_selected	genus_quota_reached
118574	Lutjanus kasmira	Lutjanus	Lutjanidae	Lutjanidae	Bluestriped Snapper	81	2149	True	False	False	eligible_not_selected	genus_quota_reached
125802	Lutjanus argentimaculatus	Lutjanus	Lutjanidae	Lutjanidae	Mangrove Red Snapper	50	1491	True	False	False	eligible_not_selected	genus_quota_reached
84539	Lutjanus russellii	Lutjanus	Lutjanidae	Lutjanidae	Moses' Snapper	28	1018	True	False	False	eligible_not_selected	genus_quota_reached
136467	Pterocaesio tessellata	Pterocaesio	Lutjanidae	Lutjanidae	One-stripe fusilier	131	207	False	False	False	ineligible	below_regional_or_global_threshold
183185	Pterocaesio pisang	Pterocaesio	Lutjanidae	Lutjanidae	Ruddy Fusilier	110	356	False	False	False	ineligible	below_regional_or_global_threshold
311253	Lutjanus lutjanus	Lutjanus	Lutjanidae	Lutjanidae	Bigeye Snapper	95	472	False	False	False	ineligible	below_regional_or_global_threshold
154723	Lutjanus rivulatus	Lutjanus	Lutjanidae	Lutjanidae	Speckled Snapper	95	349	False	False	False	ineligible	below_regional_or_global_threshold
186847	Lutjanus semicinctus	Lutjanus	Lutjanidae	Lutjanidae	Blackbanded Snapper	85	261	False	False	False	ineligible	below_regional_or_global_threshold
142736	Lutjanus quinquelineatus	Lutjanus	Lutjanidae	Lutjanidae	Fiveline Snapper	71	438	False	False	False	ineligible	below_regional_or_global_threshold
130764	Aphareus furca	Aphareus	Lutjanidae	Lutjanidae	Smalltooth Jobfish	59	391	False	False	False	ineligible	below_regional_or_global_threshold
204570	Lutjanus ehrenbergii	Lutjanus	Lutjanidae	Lutjanidae	Ehrenberg's Snapper	53	388	False	False	False	ineligible	below_regional_or_global_threshold
359398	Lutjanus rufolineatus	Lutjanus	Lutjanidae	Lutjanidae	Yellowlined Snapper	42	72	False	False	False	ineligible	below_regional_or_global_threshold
132380	Lutjanus sebae	Lutjanus	Lutjanidae	Lutjanidae	Red Emperor Snapper	34	344	False	False	False	ineligible	below_regional_or_global_threshold
359875	Pterocaesio randalli	Pterocaesio	Lutjanidae	Lutjanidae	Randall's fusilier	29	47	False	False	False	ineligible	below_regional_or_global_threshold
49508	Aprion virescens	Aprion	Lutjanidae	Lutjanidae	Green Jobfish	22	226	False	False	False	ineligible	below_regional_or_global_threshold
132381	Lutjanus vitta	Lutjanus	Lutjanidae	Lutjanidae	Brownstripe Snapper	21	254	False	False	False	ineligible	below_regional_or_global_threshold
335690	Lutjanus johnii	Lutjanus	Lutjanidae	Lutjanidae	Golden Snapper	19	185	False	False	False	ineligible	below_regional_or_global_threshold
334962	Pterocaesio trilineata	Pterocaesio	Lutjanidae	Lutjanidae	Threestripe Fusilier	18	265	False	False	False	ineligible	below_regional_or_global_threshold
530235	Lutjanus malabaricus	Lutjanus	Lutjanidae	Lutjanidae	Saddletail Snapper	17	94	False	False	False	ineligible	below_regional_or_global_threshold
208070	Paracaesio xanthurus	Paracaesio	Lutjanidae	Lutjanidae	Yellowtail False Fusilier	17	222	False	False	False	ineligible	below_regional_or_global_threshold
208069	Caesio xanthonota	Caesio	Lutjanidae	Lutjanidae	Yellowback Fusilier	12	337	False	False	False	ineligible	below_regional_or_global_threshold
786318	Lutjanus xanthopinnis	Lutjanus	Lutjanidae	Lutjanidae	Yellowfin Snapper	12	45	False	False	False	ineligible	below_regional_or_global_threshold
186848	Symphorichthys spilurus	Symphorichthys	Lutjanidae	Lutjanidae	Sailfin Snapper	11	51	False	False	False	ineligible	below_regional_or_global_threshold
359838	Lutjanus boutton	Lutjanus	Lutjanidae	Lutjanidae	Button Snapper	9	11	False	False	False	ineligible	below_regional_or_global_threshold
199309	Pinjalo lewisi	Pinjalo	Lutjanidae	Lutjanidae	Red Pinjalo	9	38	False	False	False	ineligible	below_regional_or_global_threshold
448083	Dipterygonotus balteatus	Dipterygonotus	Lutjanidae	Lutjanidae	Mottled Fusilier	8	23	False	False	False	ineligible	below_regional_or_global_threshold
368623	Lutjanus lemniscatus	Lutjanus	Lutjanidae	Lutjanidae	Darktail Snapper	7	165	False	False	False	ineligible	below_regional_or_global_threshold
132383	Symphorus nematophorus	Symphorus	Lutjanidae	Lutjanidae	Thread-finned Sea Perch	7	177	False	False	False	ineligible	below_regional_or_global_threshold
359399	Lutjanus dodecacanthoides	Lutjanus	Lutjanidae	Lutjanidae	Sunbeam Snapper	6	8	False	False	False	ineligible	below_regional_or_global_threshold
208071	Pterocaesio lativittata	Pterocaesio	Lutjanidae	Lutjanidae	Wide-band Fusilier	6	42	False	False	False	ineligible	below_regional_or_global_threshold
424220	Aphareus rutilans	Aphareus	Lutjanidae	Lutjanidae	Rusty Jobfish	5	14	False	False	False	ineligible	below_regional_or_global_threshold
448078	Caesio varilineata	Caesio	Lutjanidae	Lutjanidae	Variable-lined Fusilier	5	200	False	False	False	ineligible	below_regional_or_global_threshold
448025	Paracaesio sordida	Paracaesio	Lutjanidae	Lutjanidae	Fusilier Snapper	5	31	False	False	False	ineligible	below_regional_or_global_threshold
346229	Pterocaesio chrysozona	Pterocaesio	Lutjanidae	Lutjanidae	Yellowband Fusilier	5	109	False	False	False	ineligible	below_regional_or_global_threshold
530234	Lutjanus erythropterus	Lutjanus	Lutjanidae	Lutjanidae	Crimson Snapper	4	78	False	False	False	ineligible	below_regional_or_global_threshold
616950	Lutjanus lunulatus	Lutjanus	Lutjanidae	Lutjanidae	Crescent Snapper	4	13	False	False	False	ineligible	below_regional_or_global_threshold
208617	Lutjanus timoriensis	Lutjanus	Lutjanidae	Lutjanidae	Timor Snapper	4	13	False	False	False	ineligible	below_regional_or_global_threshold
132406	Pterocaesio marri	Pterocaesio	Lutjanidae	Lutjanidae	Twinstripe Fusilier	4	81	False	False	False	ineligible	below_regional_or_global_threshold
530232	Etelis radiosus	Etelis	Lutjanidae	Lutjanidae	Pale Ruby Snapper	3	4	False	False	False	ineligible	below_regional_or_global_threshold
183182	Gymnocaesio gymnoptera	Gymnocaesio	Lutjanidae	Lutjanidae	Slender Fusilier	3	39	False	False	False	ineligible	below_regional_or_global_threshold
616947	Lutjanus fuscescens	Lutjanus	Lutjanidae	Lutjanidae	Freshwater Snapper	3	4	False	False	False	ineligible	below_regional_or_global_threshold
494741	Lutjanus indicus	Lutjanus	Lutjanidae	Lutjanidae	Indian Snapper	3	81	False	False	False	ineligible	below_regional_or_global_threshold
530240	Pinjalo pinjalo	Pinjalo	Lutjanidae	Lutjanidae	Pinjalo	3	14	False	False	False	ineligible	below_regional_or_global_threshold
1313263	Etelis boweni	Etelis	Lutjanidae	Lutjanidae	Bowen's snapper	2	4	False	False	False	ineligible	below_regional_or_global_threshold
338270	Pristipomoides multidens	Pristipomoides	Lutjanidae	Lutjanidae	Goldband Snapper	2	8	False	False	False	ineligible	below_regional_or_global_threshold
616948	Lutjanus goldiei	Lutjanus	Lutjanidae	Lutjanidae	Papuan Black Snapper	1	3	False	False	False	ineligible	below_regional_or_global_threshold
616953	Lutjanus papuensis	Lutjanus	Lutjanidae	Lutjanidae	Papuan Snapper	1	4	False	False	False	ineligible	below_regional_or_global_threshold
530242	Pristipomoides auricilla	Pristipomoides	Lutjanidae	Lutjanidae	Goldflag Snapper	1	5	False	False	False	ineligible	below_regional_or_global_threshold
424301	Apsilus fuscus	Apsilus	Lutjanidae	Lutjanidae	African Forktail Snapper	0	4	False	False	False	ineligible	below_regional_or_global_threshold
371399	Caesio striata	Caesio	Lutjanidae	Lutjanidae	Striated Fusilier	0	312	False	False	False	ineligible	below_regional_or_global_threshold
354586	Caesio suevica	Caesio	Lutjanidae	Lutjanidae	Suez Fusilier	0	283	False	False	False	ineligible	below_regional_or_global_threshold
355401	Caesio xanthalytos	Caesio	Lutjanidae	Lutjanidae	Goldsash Fusilier	0	51	False	False	False	ineligible	below_regional_or_global_threshold
100430	Etelis carbunculus	Etelis	Lutjanidae	Lutjanidae	Ruby Snapper	0	8	False	False	False	ineligible	below_regional_or_global_threshold
410999	Etelis coruscans	Etelis	Lutjanidae	Lutjanidae	Flame Snapper	0	15	False	False	False	ineligible	below_regional_or_global_threshold
131532	Etelis oculatus	Etelis	Lutjanidae	Lutjanidae	Queen Snapper	0	27	False	False	False	ineligible	below_regional_or_global_threshold
102938	Hoplopagrus guentherii	Hoplopagrus	Lutjanidae	Lutjanidae	Barred Pargo	0	353	False	False	False	ineligible	below_regional_or_global_threshold
530233	Lipocheilus carnolabrum	Lipocheilus	Lutjanidae	Lutjanidae	Tang's Snapper	0	2	False	False	False	ineligible	below_regional_or_global_threshold
519142	Lutjanus adetii	Lutjanus	Lutjanidae	Lutjanidae	Hussar	0	74	False	False	False	ineligible	below_regional_or_global_threshold
49510	Lutjanus agennes	Lutjanus	Lutjanidae	Lutjanidae	African Red Snapper	0	66	False	False	False	ineligible	below_regional_or_global_threshold
560557	Lutjanus alexandrei	Lutjanus	Lutjanidae	Lutjanidae	Brazilian Snapper	0	40	False	False	False	ineligible	below_regional_or_global_threshold
104853	Lutjanus analis	Lutjanus	Lutjanidae	Lutjanidae	Mutton Snapper	0	1472	False	False	False	ineligible	below_regional_or_global_threshold
81989	Lutjanus apodus	Lutjanus	Lutjanidae	Lutjanidae	Schoolmaster Snapper	0	5431	False	False	False	ineligible	below_regional_or_global_threshold
104854	Lutjanus aratus	Lutjanus	Lutjanidae	Lutjanidae	Mullet Snapper	0	67	False	False	False	ineligible	below_regional_or_global_threshold
47293	Lutjanus argentiventris	Lutjanus	Lutjanidae	Lutjanidae	Yellow Snapper	0	1147	False	False	False	ineligible	below_regional_or_global_threshold
368730	Lutjanus bitaeniatus	Lutjanus	Lutjanidae	Lutjanidae	Indonesian Snapper	0	2	False	False	False	ineligible	below_regional_or_global_threshold
131531	Lutjanus buccanella	Lutjanus	Lutjanidae	Lutjanidae	Blackfin Snapper	0	107	False	False	False	ineligible	below_regional_or_global_threshold
124316	Lutjanus campechanus	Lutjanus	Lutjanidae	Lutjanidae	Northern Red Snapper	0	678	False	False	False	ineligible	below_regional_or_global_threshold
450167	Lutjanus coeruleolineatus	Lutjanus	Lutjanidae	Lutjanidae	Blueline Snapper	0	5	False	False	False	ineligible	below_regional_or_global_threshold
104855	Lutjanus colorado	Lutjanus	Lutjanidae	Lutjanidae	Colorado Snapper	0	199	False	False	False	ineligible	below_regional_or_global_threshold
63418	Lutjanus cyanopterus	Lutjanus	Lutjanidae	Lutjanidae	Cubera Snapper	0	295	False	False	False	ineligible	below_regional_or_global_threshold
479532	Lutjanus dentatus	Lutjanus	Lutjanidae	Lutjanidae	African Brown Snapper	0	3	False	False	False	ineligible	below_regional_or_global_threshold
616945	Lutjanus endecacanthus	Lutjanus	Lutjanidae	Lutjanidae	Guinea Snapper	0	15	False	False	False	ineligible	below_regional_or_global_threshold
616946	Lutjanus fulgens	Lutjanus	Lutjanidae	Lutjanidae	Golden African Snapper	0	39	False	False	False	ineligible	below_regional_or_global_threshold
337743	Lutjanus goreensis	Lutjanus	Lutjanidae	Lutjanidae	Gorean Snapper	0	137	False	False	False	ineligible	below_regional_or_global_threshold
49509	Lutjanus griseus	Lutjanus	Lutjanidae	Lutjanidae	Gray Snapper	0	6292	False	False	False	ineligible	below_regional_or_global_threshold
616949	Lutjanus guilcheri	Lutjanus	Lutjanidae	Lutjanidae	Yellowfin Red Snapper	0	1	False	False	False	ineligible	below_regional_or_global_threshold
104857	Lutjanus guttatus	Lutjanus	Lutjanidae	Lutjanidae	Spotted Rose Snapper	0	262	False	False	False	ineligible	below_regional_or_global_threshold
104858	Lutjanus inermis	Lutjanus	Lutjanidae	Lutjanidae	Golden Snapper	0	72	False	False	False	ineligible	below_regional_or_global_threshold
182608	Lutjanus jocu	Lutjanus	Lutjanidae	Lutjanidae	Dog Snapper	0	720	False	False	False	ineligible	below_regional_or_global_threshold
104859	Lutjanus jordani	Lutjanus	Lutjanidae	Lutjanidae	Jordan's Snapper	0	46	False	False	False	ineligible	below_regional_or_global_threshold
359839	Lutjanus madras	Lutjanus	Lutjanidae	Lutjanidae	Indian Snapper	0	7	False	False	False	ineligible	below_regional_or_global_threshold
131387	Lutjanus mahogoni	Lutjanus	Lutjanidae	Lutjanidae	Mahogany Snapper	0	1248	False	False	False	ineligible	below_regional_or_global_threshold
616951	Lutjanus maxweberi	Lutjanus	Lutjanidae	Lutjanidae	Pygmy Snapper	0	1	False	False	False	ineligible	below_regional_or_global_threshold
616952	Lutjanus mizenkoi	Lutjanus	Lutjanidae	Lutjanidae	Samoan Snapper	0	2	False	False	False	ineligible	below_regional_or_global_threshold
104860	Lutjanus notatus	Lutjanus	Lutjanidae	Lutjanidae	West Indian Bluestriped Snapper	0	7	False	False	False	ineligible	below_regional_or_global_threshold
51554	Lutjanus novemfasciatus	Lutjanus	Lutjanidae	Lutjanidae	Pacific Cubera Snapper	0	443	False	False	False	ineligible	below_regional_or_global_threshold
623922	Lutjanus octolineatus	Lutjanus	Lutjanidae	Lutjanidae	Whitebelly Snapper	0	24	False	False	False	ineligible	below_regional_or_global_threshold
132382	Lutjanus ophuysenii	Lutjanus	Lutjanidae	Lutjanidae	Spotstripe Snapper	0	8	False	False	False	ineligible	below_regional_or_global_threshold
104861	Lutjanus peru	Lutjanus	Lutjanidae	Lutjanidae	South Pacific Red Snapper	0	57	False	False	False	ineligible	below_regional_or_global_threshold
616954	Lutjanus sanguineus	Lutjanus	Lutjanidae	Lutjanidae	Humphead Snapper	0	4	False	False	False	ineligible	below_regional_or_global_threshold
623923	Lutjanus sapphirolineatus	Lutjanus	Lutjanidae	Lutjanidae	Arabian Bluestripe Snapper	0	5	False	False	False	ineligible	below_regional_or_global_threshold
616955	Lutjanus stellatus	Lutjanus	Lutjanidae	Lutjanidae	White-spotted Snapper	0	29	False	False	False	ineligible	below_regional_or_global_threshold
131530	Lutjanus synagris	Lutjanus	Lutjanidae	Lutjanidae	Lane Snapper	0	1780	False	False	False	ineligible	below_regional_or_global_threshold
104862	Lutjanus viridis	Lutjanus	Lutjanidae	Lutjanidae	Blue-and-gold Snapper	0	677	False	False	False	ineligible	below_regional_or_global_threshold
131528	Lutjanus vivanus	Lutjanus	Lutjanidae	Lutjanidae	Silk Snapper	0	36	False	False	False	ineligible	below_regional_or_global_threshold
47292	Ocyurus chrysurus	Ocyurus	Lutjanidae	Lutjanidae	Yellowtail Snapper	0	3603	False	False	False	ineligible	below_regional_or_global_threshold
108418	Paracaesio caerulea	Paracaesio	Lutjanidae	Lutjanidae	Japanese Snapper	0	1	False	False	False	ineligible	below_regional_or_global_threshold
530237	Paracaesio kusakarii	Paracaesio	Lutjanidae	Lutjanidae	Saddleback Snapper	0	1	False	False	False	ineligible	below_regional_or_global_threshold
131527	Pristipomoides aquilonaris	Pristipomoides	Lutjanidae	Lutjanidae	Wenchman	0	22	False	False	False	ineligible	below_regional_or_global_threshold
530241	Pristipomoides argyrogrammicus	Pristipomoides	Lutjanidae	Lutjanidae	Ornate Snapper	0	6	False	False	False	ineligible	below_regional_or_global_threshold
122914	Pristipomoides filamentosus	Pristipomoides	Lutjanidae	Lutjanidae	Rosy Snapper	0	10	False	False	False	ineligible	below_regional_or_global_threshold
530243	Pristipomoides flavipinnis	Pristipomoides	Lutjanidae	Lutjanidae	Goldeneye Snapper	0	1	False	False	False	ineligible	below_regional_or_global_threshold
110377	Pristipomoides freemani	Pristipomoides	Lutjanidae	Lutjanidae	Slender Wenchman	0	1	False	False	False	ineligible	below_regional_or_global_threshold
311254	Pristipomoides macrophthalmus	Pristipomoides	Lutjanidae	Lutjanidae	Bigeye snapper	0	2	False	False	False	ineligible	below_regional_or_global_threshold
530244	Pristipomoides sieboldii	Pristipomoides	Lutjanidae	Lutjanidae	Lavender Snapper	0	6	False	False	False	ineligible	below_regional_or_global_threshold
530245	Pristipomoides typus	Pristipomoides	Lutjanidae	Lutjanidae	Sharptooth Snapper	0	3	False	False	False	ineligible	below_regional_or_global_threshold
194899	Pristipomoides zonatus	Pristipomoides	Lutjanidae	Lutjanidae	Oblique-banded Snapper	0	7	False	False	False	ineligible	below_regional_or_global_threshold
549045	Pterocaesio monikae	Pterocaesio	Lutjanidae	Lutjanidae	Cenderawasih fusilier	0	1	False	False	False	ineligible	below_regional_or_global_threshold
616959	Randallichthys filamentosus	Randallichthys	Lutjanidae	Lutjanidae	Randall's Snapper	0	4	False	False	False	ineligible	below_regional_or_global_threshold
126872	Rhomboplites aurorubens	Rhomboplites	Lutjanidae	Lutjanidae	Vermilion Snapper	0	404	False	False	False	ineligible	below_regional_or_global_threshold
623965	Mobula alfredi	Mobula	Mobulidae	Mobulidae	Reef Manta Ray	746	3075	True	True	True	common_target_pretraining	requested_target_meets_abundance_thresholds
623966	Mobula birostris	Mobula	Mobulidae	Mobulidae	Oceanic Manta Ray	65	772	True	False	True	broad_pretraining	regional_and_global_abundance
105922	Mobula kuhlii	Mobula	Mobulidae	Mobulidae	Shorthorned Pygmy Devil Ray	15	89	False	False	False	ineligible	below_regional_or_global_threshold
1303429	Mobula eregoodoo	Mobula	Mobulidae	Mobulidae	Longhorned Pygmy Devil Ray	8	33	False	False	False	ineligible	below_regional_or_global_threshold
105923	Mobula mobular	Mobula	Mobulidae	Mobulidae	Spinetail Devil Ray	2	308	False	False	False	ineligible	below_regional_or_global_threshold
105926	Mobula tarapacana	Mobula	Mobulidae	Mobulidae	Sicklefin Devil Ray	1	160	False	False	False	ineligible	below_regional_or_global_threshold
105927	Mobula thurstoni	Mobula	Mobulidae	Mobulidae	Bentfin Devil Ray	1	93	False	False	False	ineligible	below_regional_or_global_threshold
49694	Mobula hypostoma	Mobula	Mobulidae	Mobulidae	Atlantic Pygmy Devil Ray	0	131	False	False	False	ineligible	below_regional_or_global_threshold
105924	Mobula munkiana	Mobula	Mobulidae	Mobulidae	Munk's Pygmy Devil Ray	0	353	False	False	False	ineligible	below_regional_or_global_threshold
1635826	Mobula yarae	Mobula	Mobulidae	Mobulidae	Atlantic manta ray	0	117	False	False	False	ineligible	below_regional_or_global_threshold
196838	Parupeneus barberinus	Parupeneus	Mullidae	Mullidae	Dot-and-dash Goatfish	324	1851	True	True	True	common_target_pretraining	requested_target_meets_abundance_thresholds
131234	Parupeneus multifasciatus	Parupeneus	Mullidae	Mullidae	Manybar Goatfish	299	3197	True	True	True	common_target_pretraining	requested_target_meets_abundance_thresholds
119432	Upeneus tragula	Upeneus	Mullidae	Mullidae	Freckled Goatfish	190	1054	True	True	True	common_target_pretraining	requested_target_meets_abundance_thresholds
122682	Mulloidichthys vanicolensis	Mulloidichthys	Mullidae	Mullidae	Yellowfin Goatfish	142	2205	True	True	True	common_target_pretraining	requested_target_meets_abundance_thresholds
123346	Mulloidichthys flavolineatus	Mulloidichthys	Mullidae	Mullidae	Yellowstripe Goatfish	122	3564	True	True	True	common_target_pretraining	requested_target_meets_abundance_thresholds
196837	Parupeneus macronemus	Parupeneus	Mullidae	Mullidae	Longbarbel Goatfish	66	730	True	True	True	common_target_pretraining	requested_target_meets_abundance_thresholds
188052	Parupeneus crassilabris	Parupeneus	Mullidae	Mullidae	Doublebar Goatfish	228	712	True	False	True	broad_pretraining	regional_and_global_abundance
272556	Parupeneus heptacantha	Parupeneus	Mullidae	Mullidae	Cinnabar Goatfish	89	187	False	True	False	rare_target_holdout	requested_target_below_abundance_thresholds
122514	Parupeneus cyclostomus	Parupeneus	Mullidae	Mullidae	Goldsaddle Goatfish	88	1593	True	False	False	eligible_not_selected	genus_quota_reached
180170	Parupeneus indicus	Parupeneus	Mullidae	Mullidae	Yellowspot Goatfish	44	592	True	False	False	eligible_not_selected	genus_quota_reached
132375	Parupeneus barberinoides	Parupeneus	Mullidae	Mullidae	Bicolour Goatfish	32	381	False	False	False	ineligible	below_regional_or_global_threshold
196835	Parupeneus trifasciatus	Parupeneus	Mullidae	Mullidae	Indian Doublebar Goatfish	16	392	False	False	False	ineligible	below_regional_or_global_threshold
121673	Parupeneus pleurostigma	Parupeneus	Mullidae	Mullidae	Sidespot Goatfish	13	378	False	False	False	ineligible	below_regional_or_global_threshold
325734	Upeneus vittatus	Upeneus	Mullidae	Mullidae	Striped goatfish	7	20	False	False	False	ineligible	below_regional_or_global_threshold
132377	Parupeneus spilurus	Parupeneus	Mullidae	Mullidae	Blacksaddle Goatfish	3	2493	False	False	False	ineligible	below_regional_or_global_threshold
530408	Upeneus guttatus	Upeneus	Mullidae	Mullidae	Twotone Goatfish	2	7	False	False	False	ineligible	below_regional_or_global_threshold
530409	Upeneus luzonius	Upeneus	Mullidae	Mullidae	Luzon Goatfish	2	2	False	False	False	ineligible	below_regional_or_global_threshold
347936	Upeneus sulphureus	Upeneus	Mullidae	Mullidae	Sunrise Goatfish	2	13	False	False	False	ineligible	below_regional_or_global_threshold
368557	Upeneus sundaicus	Upeneus	Mullidae	Mullidae	Ochreband Goatfish	2	8	False	False	False	ineligible	below_regional_or_global_threshold
123121	Upeneus taeniopterus	Upeneus	Mullidae	Mullidae	Finstripe Goatfish	2	123	False	False	False	ineligible	below_regional_or_global_threshold
494911	Parupeneus margaritatus	Parupeneus	Mullidae	Mullidae	Pearly Goatfish	1	35	False	False	False	ineligible	below_regional_or_global_threshold
530410	Upeneus moluccensis	Upeneus	Mullidae	Mullidae	Goldband Goatfish	1	33	False	False	False	ineligible	below_regional_or_global_threshold
617592	Mulloidichthys ayliffe	Mulloidichthys	Mullidae	Mullidae	Bluestriped Goatfish	0	20	False	False	False	ineligible	below_regional_or_global_threshold
187709	Mulloidichthys dentatus	Mulloidichthys	Mullidae	Mullidae	Mexican Goatfish	0	831	False	False	False	ineligible	below_regional_or_global_threshold
1314603	Mulloidichthys flavicaudus	Mulloidichthys	Mullidae	Mullidae		0	2	False	False	False	ineligible	below_regional_or_global_threshold
128172	Mulloidichthys martinicus	Mulloidichthys	Mullidae	Mullidae	Yellow Goatfish	0	1920	False	False	False	ineligible	below_regional_or_global_threshold
119421	Mulloidichthys mimicus	Mulloidichthys	Mullidae	Mullidae	Mimic Goatfish	0	11	False	False	False	ineligible	below_regional_or_global_threshold
542986	Mulloidichthys pfluegeri	Mulloidichthys	Mullidae	Mullidae	Orange Goatfish	0	17	False	False	False	ineligible	below_regional_or_global_threshold
617593	Mullus argentinae	Mullus	Mullidae	Mullidae		0	2	False	False	False	ineligible	below_regional_or_global_threshold
317228	Mullus auratus	Mullus	Mullidae	Mullidae	Red Goatfish	0	41	False	False	False	ineligible	below_regional_or_global_threshold
118618	Mullus barbatus	Mullus	Mullidae	Mullidae	Red Mullet	0	828	False	False	False	ineligible	below_regional_or_global_threshold
118619	Mullus surmuletus	Mullus	Mullidae	Mullidae	Striped Red Mullet	0	4996	False	False	False	ineligible	below_regional_or_global_threshold
547438	Parupeneus biaculeatus	Parupeneus	Mullidae	Mullidae	Pointed Goatfish	0	148	False	False	False	ineligible	below_regional_or_global_threshold
617597	Parupeneus chrysonemus	Parupeneus	Mullidae	Mullidae	Yellowbarbel Goatfish	0	1	False	False	False	ineligible	below_regional_or_global_threshold
519572	Parupeneus chrysopleuron	Parupeneus	Mullidae	Mullidae	Rosy Goatfish	0	24	False	False	False	ineligible	below_regional_or_global_threshold
123343	Parupeneus ciliatus	Parupeneus	Mullidae	Mullidae	Cardinal Goatfish	0	487	False	False	False	ineligible	below_regional_or_global_threshold
617598	Parupeneus diagonalis	Parupeneus	Mullidae	Mullidae		0	1	False	False	False	ineligible	below_regional_or_global_threshold
359362	Parupeneus forsskali	Parupeneus	Mullidae	Mullidae	Red Sea Goatfish	0	1305	False	False	False	ineligible	below_regional_or_global_threshold
617599	Parupeneus fraserorum	Parupeneus	Mullidae	Mullidae		0	6	False	False	False	ineligible	below_regional_or_global_threshold
196836	Parupeneus insularis	Parupeneus	Mullidae	Mullidae	Island Goatfish	0	391	False	False	False	ineligible	below_regional_or_global_threshold
617600	Parupeneus jansenii	Parupeneus	Mullidae	Mullidae		0	1	False	False	False	ineligible	below_regional_or_global_threshold
123344	Parupeneus porphyreus	Parupeneus	Mullidae	Mullidae	Whitesaddle Goatfish	0	153	False	False	False	ineligible	below_regional_or_global_threshold
132376	Parupeneus rubescens	Parupeneus	Mullidae	Mullidae	Rosy Goatfish	0	80	False	False	False	ineligible	below_regional_or_global_threshold
188160	Pseudupeneus grandisquamis	Pseudupeneus	Mullidae	Mullidae	Bigscale Goatfish	0	67	False	False	False	ineligible	below_regional_or_global_threshold
131385	Pseudupeneus maculatus	Pseudupeneus	Mullidae	Mullidae	Spotted Goatfish	0	1192	False	False	False	ineligible	below_regional_or_global_threshold
491023	Pseudupeneus prayensis	Pseudupeneus	Mullidae	Mullidae	West African Goatfish	0	104	False	False	False	ineligible	below_regional_or_global_threshold
410544	Upeneichthys lineatus	Upeneichthys	Mullidae	Mullidae	Bluestriped Goatfish	0	1947	False	False	False	ineligible	below_regional_or_global_threshold
1316675	Upeneichthys porosus	Upeneichthys	Mullidae	Mullidae	Goatfish	0	577	False	False	False	ineligible	below_regional_or_global_threshold
530405	Upeneichthys stotti	Upeneichthys	Mullidae	Mullidae	Stott's Goatfish	0	1	False	False	False	ineligible	below_regional_or_global_threshold
416588	Upeneichthys vlamingii	Upeneichthys	Mullidae	Mullidae	Bluespotted Goatfish	0	1972	False	False	False	ineligible	below_regional_or_global_threshold
530406	Upeneus asymmetricus	Upeneus	Mullidae	Mullidae	Asymmetric Goatfish	0	1	False	False	False	ineligible	below_regional_or_global_threshold
512734	Upeneus australiae	Upeneus	Mullidae	Mullidae	Australian Goatfish	0	385	False	False	False	ineligible	below_regional_or_global_threshold
1313321	Upeneus elongatus	Upeneus	Mullidae	Mullidae		0	2	False	False	False	ineligible	below_regional_or_global_threshold
1313511	Upeneus floros	Upeneus	Mullidae	Mullidae		0	1	False	False	False	ineligible	below_regional_or_global_threshold
617609	Upeneus francisi	Upeneus	Mullidae	Mullidae	Bar-tailed goatfish	0	23	False	False	False	ineligible	below_regional_or_global_threshold
617610	Upeneus heemstra	Upeneus	Mullidae	Mullidae	Heemstra goatfish	0	11	False	False	False	ineligible	below_regional_or_global_threshold
1313817	Upeneus heterospinus	Upeneus	Mullidae	Mullidae		0	16	False	False	False	ineligible	below_regional_or_global_threshold
617611	Upeneus indicus	Upeneus	Mullidae	Mullidae		0	1	False	False	False	ineligible	below_regional_or_global_threshold
617612	Upeneus itoui	Upeneus	Mullidae	Mullidae		0	2	False	False	False	ineligible	below_regional_or_global_threshold
325733	Upeneus japonicus	Upeneus	Mullidae	Mullidae	Japanese Goatfish	0	16	False	False	False	ineligible	below_regional_or_global_threshold
617614	Upeneus margarethae	Upeneus	Mullidae	Mullidae	Margaretha's goatfish	0	2	False	False	False	ineligible	below_regional_or_global_threshold
617619	Upeneus oligospilus	Upeneus	Mullidae	Mullidae		0	8	False	False	False	ineligible	below_regional_or_global_threshold
179444	Upeneus parvus	Upeneus	Mullidae	Mullidae	Dwarf Goatfish	0	21	False	False	False	ineligible	below_regional_or_global_threshold
617620	Upeneus pori	Upeneus	Mullidae	Mullidae	Por's Goatfish	0	29	False	False	False	ineligible	below_regional_or_global_threshold
617621	Upeneus quadrilineatus	Upeneus	Mullidae	Mullidae	four-stripe sole	0	2	False	False	False	ineligible	below_regional_or_global_threshold
617626	Upeneus suahelicus	Upeneus	Mullidae	Mullidae		0	1	False	False	False	ineligible	below_regional_or_global_threshold
617628	Upeneus supravittatus	Upeneus	Mullidae	Mullidae	Long-fin Goatfish	0	2	False	False	False	ineligible	below_regional_or_global_threshold
121000	Gymnothorax javanicus	Gymnothorax	Muraenidae	Muraenidae	Giant Moray	711	4470	True	True	True	common_target_pretraining	requested_target_meets_abundance_thresholds
111716	Rhinomuraena quaesita	Rhinomuraena	Muraenidae	Muraenidae	Ribbon Eel	725	1359	True	False	True	broad_pretraining	regional_and_global_abundance
54441	Echidna nebulosa	Echidna	Muraenidae	Muraenidae	Snowflake Moray	552	3738	True	False	True	broad_pretraining	regional_and_global_abundance
121740	Gymnothorax flavimarginatus	Gymnothorax	Muraenidae	Muraenidae	Yellowmargin Moray	496	2312	True	False	True	broad_pretraining	regional_and_global_abundance
120979	Gymnothorax fimbriatus	Gymnothorax	Muraenidae	Muraenidae	Fimbriated Moray	311	789	True	False	True	broad_pretraining	regional_and_global_abundance
49979	Gymnomuraena zebra	Gymnomuraena	Muraenidae	Muraenidae	Zebra Moray	80	1066	True	False	True	broad_pretraining	regional_and_global_abundance
119390	Gymnothorax thyrsoideus	Gymnothorax	Muraenidae	Muraenidae	White-eyed Moray	431	1979	True	False	True	novel_evaluation	held_out_for_unseen_species_evaluation
116736	Gymnothorax meleagris	Gymnothorax	Muraenidae	Muraenidae	Whitemouth Moray	126	2568	True	False	False	eligible_not_selected	genus_quota_reached
51028	Gymnothorax favagineus	Gymnothorax	Muraenidae	Muraenidae	Laced Moray	125	984	True	False	False	eligible_not_selected	genus_quota_reached
123525	Gymnothorax pictus	Gymnothorax	Muraenidae	Muraenidae	Peppered Moray	84	1571	True	False	False	eligible_not_selected	genus_quota_reached
142750	Gymnothorax zonipectis	Gymnothorax	Muraenidae	Muraenidae	Barred-fin Moray	133	375	False	False	False	ineligible	below_regional_or_global_threshold
361257	Gymnothorax isingteena	Gymnothorax	Muraenidae	Muraenidae	Spotted Moray	67	244	False	False	False	ineligible	below_regional_or_global_threshold
142970	Echidna polyzona	Echidna	Muraenidae	Muraenidae	Barred Moray	62	312	False	False	False	ineligible	below_regional_or_global_threshold
49364	Gymnothorax richardsonii	Gymnothorax	Muraenidae	Muraenidae	Richardson's Moray	59	199	False	False	False	ineligible	below_regional_or_global_threshold
617704	Gymnothorax phasmatodes	Gymnothorax	Muraenidae	Muraenidae	Ghost Moray	52	78	False	False	False	ineligible	below_regional_or_global_threshold
488848	Gymnothorax enigmaticus	Gymnothorax	Muraenidae	Muraenidae	Enigmatic Moray	51	109	False	False	False	ineligible	below_regional_or_global_threshold
474557	Gymnothorax chilospilus	Gymnothorax	Muraenidae	Muraenidae	Whitelip Moray	38	128	False	False	False	ineligible	below_regional_or_global_threshold
617675	Gymnothorax chlamydatus	Gymnothorax	Muraenidae	Muraenidae	Banded Mud Moray	38	41	False	False	False	ineligible	below_regional_or_global_threshold
617681	Gymnothorax formosus	Gymnothorax	Muraenidae	Muraenidae	Palenose Moray	30	66	False	False	False	ineligible	below_regional_or_global_threshold
617697	Gymnothorax monochrous	Gymnothorax	Muraenidae	Muraenidae	Drab Moray	27	61	False	False	False	ineligible	below_regional_or_global_threshold
486613	Pseudechidna brummeri	Pseudechidna	Muraenidae	Muraenidae	White Ribbon Eel	27	66	False	False	False	ineligible	below_regional_or_global_threshold
617715	Gymnothorax rueppelliae	Gymnothorax	Muraenidae	Muraenidae	Yellow-headed Moray	19	303	False	False	False	ineligible	below_regional_or_global_threshold
474661	Gymnothorax pseudothyrsoideus	Gymnothorax	Muraenidae	Muraenidae	Highfin Moray	18	520	False	False	False	ineligible	below_regional_or_global_threshold
52399	Gymnothorax undulatus	Gymnothorax	Muraenidae	Muraenidae	Undulated Moray	13	993	False	False	False	ineligible	below_regional_or_global_threshold
116737	Gymnothorax buroensis	Gymnothorax	Muraenidae	Muraenidae	Latticetail Moray	11	57	False	False	False	ineligible	below_regional_or_global_threshold
121500	Scuticaria tigrina	Scuticaria	Muraenidae	Muraenidae	Tiger Snakemoray	10	220	False	False	False	ineligible	below_regional_or_global_threshold
486615	Uropterygius micropterus	Uropterygius	Muraenidae	Muraenidae	Tidepool Snakemoray	8	111	False	False	False	ineligible	below_regional_or_global_threshold
617664	Gymnothorax angusticauda	Gymnothorax	Muraenidae	Muraenidae	Narrowtail Moray	7	19	False	False	False	ineligible	below_regional_or_global_threshold
1020200	Gymnothorax longinaris	Gymnothorax	Muraenidae	Muraenidae	Nasal-flap moray	6	6	False	False	False	ineligible	below_regional_or_global_threshold
617662	Enchelycore kamara	Enchelycore	Muraenidae	Muraenidae	Dark-spotted Moray	5	7	False	False	False	ineligible	below_regional_or_global_threshold
1180262	Gymnothorax paucivertebralis	Gymnothorax	Muraenidae	Muraenidae	Flores Reef Moray	4	4	False	False	False	ineligible	below_regional_or_global_threshold
205007	Gymnothorax breedeni	Gymnothorax	Muraenidae	Muraenidae	Masked Moray	3	168	False	False	False	ineligible	below_regional_or_global_threshold
617690	Gymnothorax margaritophorus	Gymnothorax	Muraenidae	Muraenidae	Blotch-necked Moray	3	18	False	False	False	ineligible	below_regional_or_global_threshold
617676	Gymnothorax davidsmithi	Gymnothorax	Muraenidae	Muraenidae	Flores Mud Moray	2	3	False	False	False	ineligible	below_regional_or_global_threshold
123522	Gymnothorax melatremus	Gymnothorax	Muraenidae	Muraenidae	Dwarf Moray	2	307	False	False	False	ineligible	below_regional_or_global_threshold
123521	Gymnothorax nudivomer	Gymnothorax	Muraenidae	Muraenidae	Yellowmouth Moray	2	245	False	False	False	ineligible	below_regional_or_global_threshold
617717	Gymnothorax sagmacephalus	Gymnothorax	Muraenidae	Muraenidae	Beautyface Moray	2	2	False	False	False	ineligible	below_regional_or_global_threshold
317039	Channomuraena vittata	Channomuraena	Muraenidae	Muraenidae	Broadbanded Moray	1	16	False	False	False	ineligible	below_regional_or_global_threshold
1314467	Diaphenchelys dalmatian	Diaphenchelys	Muraenidae	Muraenidae	Dalmatian Moray	1	2	False	False	False	ineligible	below_regional_or_global_threshold
489477	Echidna xanthospilos	Echidna	Muraenidae	Muraenidae	New Guinea Moray	1	3	False	False	False	ineligible	below_regional_or_global_threshold
617660	Enchelycore bayeri	Enchelycore	Muraenidae	Muraenidae	Bayer's Moray	1	4	False	False	False	ineligible	below_regional_or_global_threshold
120940	Enchelycore pardalis	Enchelycore	Muraenidae	Muraenidae	Dragon Moray	1	182	False	False	False	ineligible	below_regional_or_global_threshold
99935	Enchelycore schismatorhynchus	Enchelycore	Muraenidae	Muraenidae	White-margined Moray	1	10	False	False	False	ineligible	below_regional_or_global_threshold
617673	Gymnothorax castlei	Gymnothorax	Muraenidae	Muraenidae	Castle's moray	1	3	False	False	False	ineligible	below_regional_or_global_threshold
617683	Gymnothorax gracilicauda	Gymnothorax	Muraenidae	Muraenidae	Slendertail Moray	1	62	False	False	False	ineligible	below_regional_or_global_threshold
326789	Gymnothorax herrei	Gymnothorax	Muraenidae	Muraenidae	Herre's Moray	1	14	False	False	False	ineligible	below_regional_or_global_threshold
617689	Gymnothorax longinquus	Gymnothorax	Muraenidae	Muraenidae	Long Brown Moray	1	14	False	False	False	ineligible	below_regional_or_global_threshold
187468	Gymnothorax polyuranodon	Gymnothorax	Muraenidae	Muraenidae	Freshwater Moray	1	12	False	False	False	ineligible	below_regional_or_global_threshold
617710	Gymnothorax pseudoherrei	Gymnothorax	Muraenidae	Muraenidae	False Brown Moray	1	3	False	False	False	ineligible	below_regional_or_global_threshold
131392	Gymnothorax robinsi	Gymnothorax	Muraenidae	Muraenidae	Robin's Moray	1	2	False	False	False	ineligible	below_regional_or_global_threshold
617718	Gymnothorax shaoi	Gymnothorax	Muraenidae	Muraenidae	Shao's Moray	1	6	False	False	False	ineligible	below_regional_or_global_threshold
549805	Gymnothorax tile	Gymnothorax	Muraenidae	Muraenidae	Indian Mud Moray	1	74	False	False	False	ineligible	below_regional_or_global_threshold
1315474	Strophidon dorsalis	Strophidon	Muraenidae	Muraenidae	Seale's Moray	1	8	False	False	False	ineligible	below_regional_or_global_threshold
1313479	Strophidon tetraporus	Strophidon	Muraenidae	Muraenidae	Demon Moray	1	8	False	False	False	ineligible	below_regional_or_global_threshold
617729	Uropterygius marmoratus	Uropterygius	Muraenidae	Muraenidae	Marbled Snakemoray	1	21	False	False	False	ineligible	below_regional_or_global_threshold
617730	Uropterygius nagoensis	Uropterygius	Muraenidae	Muraenidae	Nago Snakemoray	1	1	False	False	False	ineligible	below_regional_or_global_threshold
568570	Uropterygius oligospondylus	Uropterygius	Muraenidae	Muraenidae	Few-vertebrae Snakemoray	1	2	False	False	False	ineligible	below_regional_or_global_threshold
94030	Anarchias galapagensis	Anarchias	Muraenidae	Muraenidae	Hardtail Moray	0	3	False	False	False	ineligible	below_regional_or_global_threshold
617649	Anarchias seychellensis	Anarchias	Muraenidae	Muraenidae	Seychelles Moray	0	2	False	False	False	ineligible	below_regional_or_global_threshold
153471	Echidna catenata	Echidna	Muraenidae	Muraenidae	Chain Moray	0	948	False	False	False	ineligible	below_regional_or_global_threshold
49980	Echidna nocturna	Echidna	Muraenidae	Muraenidae	Palenose Moray	0	253	False	False	False	ineligible	below_regional_or_global_threshold
617657	Echidna peli	Echidna	Muraenidae	Muraenidae	Pebbletooth Moray	0	37	False	False	False	ineligible	below_regional_or_global_threshold
617658	Echidna rhodochilus	Echidna	Muraenidae	Muraenidae	Pink-lipped Moray	0	2	False	False	False	ineligible	below_regional_or_global_threshold
243643	Enchelycore anatina	Enchelycore	Muraenidae	Muraenidae	Fangtooth Moray	0	234	False	False	False	ineligible	below_regional_or_global_threshold
131393	Enchelycore carychroa	Enchelycore	Muraenidae	Muraenidae	Chestnut Moray	0	17	False	False	False	ineligible	below_regional_or_global_threshold
194819	Enchelycore lichenosa	Enchelycore	Muraenidae	Muraenidae	Reticulated Hookjaw Moray	0	14	False	False	False	ineligible	below_regional_or_global_threshold
131395	Enchelycore nigricans	Enchelycore	Muraenidae	Muraenidae	Viper Moray	0	96	False	False	False	ineligible	below_regional_or_global_threshold
99934	Enchelycore octaviana	Enchelycore	Muraenidae	Muraenidae	Slenderjaw Moray	0	19	False	False	False	ineligible	below_regional_or_global_threshold
410543	Enchelycore ramosa	Enchelycore	Muraenidae	Muraenidae	Mosaic Moray	0	96	False	False	False	ineligible	below_regional_or_global_threshold
121167	Enchelynassa canina	Enchelynassa	Muraenidae	Muraenidae	Longfang Moray	0	49	False	False	False	ineligible	below_regional_or_global_threshold
47306	Gymnothorax afer	Gymnothorax	Muraenidae	Muraenidae	Dark Moray	0	22	False	False	False	ineligible	below_regional_or_global_threshold
123524	Gymnothorax albimarginatus	Gymnothorax	Muraenidae	Muraenidae	Whitemargin Moray	0	3	False	False	False	ineligible	below_regional_or_global_threshold
101896	Gymnothorax angusticeps	Gymnothorax	Muraenidae	Muraenidae	Wrinkled Moray	0	2	False	False	False	ineligible	below_regional_or_global_threshold
411099	Gymnothorax annasona	Gymnothorax	Muraenidae	Muraenidae	Lord Howe Moray	0	169	False	False	False	ineligible	below_regional_or_global_threshold
617665	Gymnothorax annulatus	Gymnothorax	Muraenidae	Muraenidae	Ringed Moray	0	1	False	False	False	ineligible	below_regional_or_global_threshold
500653	Gymnothorax bacalladoi	Gymnothorax	Muraenidae	Muraenidae	Canary Moray	0	3	False	False	False	ineligible	below_regional_or_global_threshold
617671	Gymnothorax bathyphilus	Gymnothorax	Muraenidae	Muraenidae	Deep-dwelling Moray	0	1	False	False	False	ineligible	below_regional_or_global_threshold
617672	Gymnothorax berndti	Gymnothorax	Muraenidae	Muraenidae	Y-patterned Moray	0	12	False	False	False	ineligible	below_regional_or_global_threshold
85113	Gymnothorax castaneus	Gymnothorax	Muraenidae	Muraenidae	Chestnut Moray	0	650	False	False	False	ineligible	below_regional_or_global_threshold
1315737	Gymnothorax cinerascens	Gymnothorax	Muraenidae	Muraenidae	Plain Moray	0	13	False	False	False	ineligible	below_regional_or_global_threshold
131396	Gymnothorax conspersus	Gymnothorax	Muraenidae	Muraenidae	Saddled Moray	0	1	False	False	False	ineligible	below_regional_or_global_threshold
516901	Gymnothorax cribroris	Gymnothorax	Muraenidae	Muraenidae	Sieve-patterned Moray	0	141	False	False	False	ineligible	below_regional_or_global_threshold
101897	Gymnothorax dovii	Gymnothorax	Muraenidae	Muraenidae	Fine-spotted Moray	0	303	False	False	False	ineligible	below_regional_or_global_threshold
1313616	Gymnothorax elaineheemstrae	Gymnothorax	Muraenidae	Muraenidae	Natal Moray	0	41	False	False	False	ineligible	below_regional_or_global_threshold
617678	Gymnothorax elegans	Gymnothorax	Muraenidae	Muraenidae	Elegant Moray	0	3	False	False	False	ineligible	below_regional_or_global_threshold
617679	Gymnothorax emmae	Gymnothorax	Muraenidae	Muraenidae	Emma's Moray	0	152	False	False	False	ineligible	below_regional_or_global_threshold
101898	Gymnothorax equatorialis	Gymnothorax	Muraenidae	Muraenidae	Spottail Moray	0	50	False	False	False	ineligible	below_regional_or_global_threshold
121598	Gymnothorax eurostus	Gymnothorax	Muraenidae	Muraenidae	Abbott's Moray	0	1423	False	False	False	ineligible	below_regional_or_global_threshold
617680	Gymnothorax flavoculus	Gymnothorax	Muraenidae	Muraenidae	Palenose Moray	0	5	False	False	False	ineligible	below_regional_or_global_threshold
120125	Gymnothorax funebris	Gymnothorax	Muraenidae	Muraenidae	Green Moray	0	1673	False	False	False	ineligible	below_regional_or_global_threshold
127538	Gymnothorax griseus	Gymnothorax	Muraenidae	Muraenidae	Geometric Moray	0	831	False	False	False	ineligible	below_regional_or_global_threshold
617687	Gymnothorax johnsoni	Gymnothorax	Muraenidae	Muraenidae	Whitespotted Moray	0	2	False	False	False	ineligible	below_regional_or_global_threshold
123526	Gymnothorax kidako	Gymnothorax	Muraenidae	Muraenidae	Kidako Moray	0	137	False	False	False	ineligible	below_regional_or_global_threshold
179581	Gymnothorax kolpos	Gymnothorax	Muraenidae	Muraenidae	Blacktail Moray	0	4	False	False	False	ineligible	below_regional_or_global_threshold
131398	Gymnothorax maderensis	Gymnothorax	Muraenidae	Muraenidae	Sharktooth Moray	0	3	False	False	False	ineligible	below_regional_or_global_threshold
617692	Gymnothorax mccoskeri	Gymnothorax	Muraenidae	Muraenidae	Manyband Moray	0	1	False	False	False	ineligible	below_regional_or_global_threshold
49256	Gymnothorax miliaris	Gymnothorax	Muraenidae	Muraenidae	Goldentail Moray	0	1022	False	False	False	ineligible	below_regional_or_global_threshold
368831	Gymnothorax minor	Gymnothorax	Muraenidae	Muraenidae	Lesser Moray	0	22	False	False	False	ineligible	below_regional_or_global_threshold
317127	Gymnothorax mordax	Gymnothorax	Muraenidae	Muraenidae	California Moray	0	647	False	False	False	ineligible	below_regional_or_global_threshold
128105	Gymnothorax moringa	Gymnothorax	Muraenidae	Muraenidae	Spotted Moray	0	2207	False	False	False	ineligible	below_regional_or_global_threshold
1315669	Gymnothorax mucifer	Gymnothorax	Muraenidae	Muraenidae	Bronze-Jaw Moray	0	9	False	False	False	ineligible	below_regional_or_global_threshold
617700	Gymnothorax neglectus	Gymnothorax	Muraenidae	Muraenidae		0	2	False	False	False	ineligible	below_regional_or_global_threshold
179575	Gymnothorax nigromarginatus	Gymnothorax	Muraenidae	Muraenidae	Blackedge Moray	0	26	False	False	False	ineligible	below_regional_or_global_threshold
617701	Gymnothorax niphostigmus	Gymnothorax	Muraenidae	Muraenidae	Snowflake-patched Moray	0	4	False	False	False	ineligible	below_regional_or_global_threshold
410542	Gymnothorax nubilus	Gymnothorax	Muraenidae	Muraenidae	Grey Moray	0	236	False	False	False	ineligible	below_regional_or_global_threshold
617702	Gymnothorax nuttingi	Gymnothorax	Muraenidae	Muraenidae	Nutting's Moray	0	3	False	False	False	ineligible	below_regional_or_global_threshold
179576	Gymnothorax ocellatus	Gymnothorax	Muraenidae	Muraenidae	Caribbean Ocellated Moray	0	11	False	False	False	ineligible	below_regional_or_global_threshold
101900	Gymnothorax panamensis	Gymnothorax	Muraenidae	Muraenidae	Panamic Moray	0	10	False	False	False	ineligible	below_regional_or_global_threshold
101901	Gymnothorax phalarus	Gymnothorax	Muraenidae	Muraenidae	Small-spotted Moray	0	3	False	False	False	ineligible	below_regional_or_global_threshold
1254018	Gymnothorax pharaonis	Gymnothorax	Muraenidae	Muraenidae	Pharaoh's Moray	0	14	False	False	False	ineligible	below_regional_or_global_threshold
617706	Gymnothorax pindae	Gymnothorax	Muraenidae	Muraenidae	Pinda Moray	0	3	False	False	False	ineligible	below_regional_or_global_threshold
67624	Gymnothorax polygonius	Gymnothorax	Muraenidae	Muraenidae	Polygon Moray	0	3	False	False	False	ineligible	below_regional_or_global_threshold
101902	Gymnothorax porphyreus	Gymnothorax	Muraenidae	Muraenidae	Lowfin Moray	0	62	False	False	False	ineligible	below_regional_or_global_threshold
372278	Gymnothorax prasinus	Gymnothorax	Muraenidae	Muraenidae	Australian Green Moray	0	2119	False	False	False	ineligible	below_regional_or_global_threshold
513965	Gymnothorax prionodon	Gymnothorax	Muraenidae	Muraenidae	Australian Mottled Moray	0	56	False	False	False	ineligible	below_regional_or_global_threshold
1359984	Gymnothorax pseudokidako	Gymnothorax	Muraenidae	Muraenidae	False kidako moray	0	1	False	False	False	ineligible	below_regional_or_global_threshold
617712	Gymnothorax punctatus	Gymnothorax	Muraenidae	Muraenidae	Red Sea Whitespotted Moray	0	3	False	False	False	ineligible	below_regional_or_global_threshold
556049	Gymnothorax reevesii	Gymnothorax	Muraenidae	Muraenidae	Reeves's Moray	0	116	False	False	False	ineligible	below_regional_or_global_threshold
617714	Gymnothorax reticularis	Gymnothorax	Muraenidae	Muraenidae	Reticulated Moray	0	12	False	False	False	ineligible	below_regional_or_global_threshold
317128	Gymnothorax saxicola	Gymnothorax	Muraenidae	Muraenidae	Ocellated Moray	0	42	False	False	False	ineligible	below_regional_or_global_threshold
123520	Gymnothorax steindachneri	Gymnothorax	Muraenidae	Muraenidae	Steindachner's Moray	0	9	False	False	False	ineligible	below_regional_or_global_threshold
617720	Gymnothorax taiwanensis	Gymnothorax	Muraenidae	Muraenidae	Taiwanese Moray	0	3	False	False	False	ineligible	below_regional_or_global_threshold
118591	Gymnothorax unicolor	Gymnothorax	Muraenidae	Muraenidae	Brown Moray	0	327	False	False	False	ineligible	below_regional_or_global_threshold
101904	Gymnothorax verrilli	Gymnothorax	Muraenidae	Muraenidae	White-edged Moray	0	2	False	False	False	ineligible	below_regional_or_global_threshold
127142	Gymnothorax vicinus	Gymnothorax	Muraenidae	Muraenidae	Purplemouth Moray	0	304	False	False	False	ineligible	below_regional_or_global_threshold
617723	Gymnothorax woodwardi	Gymnothorax	Muraenidae	Muraenidae	Woodward's Moray	0	25	False	False	False	ineligible	below_regional_or_global_threshold
488948	Gymnothorax ypsilon	Gymnothorax	Muraenidae	Muraenidae	Y-bar Moray	0	2	False	False	False	ineligible	below_regional_or_global_threshold
85114	Muraena argus	Muraena	Muraenidae	Muraenidae	Argus Moray	0	68	False	False	False	ineligible	below_regional_or_global_threshold
342089	Muraena augusti	Muraena	Muraenidae	Muraenidae	Black Moray	0	450	False	False	False	ineligible	below_regional_or_global_threshold
106237	Muraena clepsydra	Muraena	Muraenidae	Muraenidae	Hourglass Moray	0	113	False	False	False	ineligible	below_regional_or_global_threshold
118590	Muraena helena	Muraena	Muraenidae	Muraenidae	Mediterranean Moray	0	4047	False	False	False	ineligible	below_regional_or_global_threshold
85111	Muraena lentiginosa	Muraena	Muraenidae	Muraenidae	Jewel Moray	0	916	False	False	False	ineligible	below_regional_or_global_threshold
47303	Muraena melanotis	Muraena	Muraenidae	Muraenidae	Honeycomb Moray	0	122	False	False	False	ineligible	below_regional_or_global_threshold
489510	Muraena pavonina	Muraena	Muraenidae	Muraenidae	Birdeye Moray	0	9	False	False	False	ineligible	below_regional_or_global_threshold
317229	Muraena retifera	Muraena	Muraenidae	Muraenidae	Reticulated Moray	0	12	False	False	False	ineligible	below_regional_or_global_threshold
47304	Muraena robusta	Muraena	Muraenidae	Muraenidae	Robust Moray	0	34	False	False	False	ineligible	below_regional_or_global_threshold
123527	Scuticaria okinawae	Scuticaria	Muraenidae	Muraenidae	Short-tailed Snakemoray	0	4	False	False	False	ineligible	below_regional_or_global_threshold
418134	Strophidon sathete	Strophidon	Muraenidae	Muraenidae	Gangetic Moray	0	36	False	False	False	ineligible	below_regional_or_global_threshold
450145	Uropterygius fasciolatus	Uropterygius	Muraenidae	Muraenidae	Barred Snakemoray	0	14	False	False	False	ineligible	below_regional_or_global_threshold
1596764	Uropterygius hades	Uropterygius	Muraenidae	Muraenidae	Hades Snakemoray	0	3	False	False	False	ineligible	below_regional_or_global_threshold
317436	Uropterygius macrocephalus	Uropterygius	Muraenidae	Muraenidae	Needle-tooth Moray	0	25	False	False	False	ineligible	below_regional_or_global_threshold
1545494	Uropterygius mactanensis	Uropterygius	Muraenidae	Muraenidae		0	3	False	False	False	ineligible	below_regional_or_global_threshold
569856	Uropterygius polyspilus	Uropterygius	Muraenidae	Muraenidae	Large-spotted Snakemoray	0	30	False	False	False	ineligible	below_regional_or_global_threshold
114819	Uropterygius versutus	Uropterygius	Muraenidae	Muraenidae	Crafty Snakemoray	0	23	False	False	False	ineligible	below_regional_or_global_threshold
371100	Uropterygius xanthopterus	Uropterygius	Muraenidae	Muraenidae	White-speckled Snakemoray	0	1	False	False	False	ineligible	below_regional_or_global_threshold
84181	Pomacanthus imperator	Pomacanthus	Pomacanthidae	Pomacanthidae	Emperor Angelfish	670	3054	True	True	True	common_target_pretraining	requested_target_meets_abundance_thresholds
111389	Pygoplites diacanthus	Pygoplites	Pomacanthidae	Pomacanthidae	Regal Angelfish	653	3672	True	True	True	common_target_pretraining	requested_target_meets_abundance_thresholds
110017	Pomacanthus navarchus	Pomacanthus	Pomacanthidae	Pomacanthidae	Bluegirdle Angelfish	457	604	True	True	True	common_target_pretraining	requested_target_meets_abundance_thresholds
96939	Centropyge bicolor	Centropyge	Pomacanthidae	Pomacanthidae	Bicolor Angelfish	439	1593	True	True	True	common_target_pretraining	requested_target_meets_abundance_thresholds
94416	Apolemichthys trimaculatus	Apolemichthys	Pomacanthidae	Pomacanthidae	Threespot Angelfish	288	826	True	True	True	common_target_pretraining	requested_target_meets_abundance_thresholds
110019	Pomacanthus semicirculatus	Pomacanthus	Pomacanthidae	Pomacanthidae	Semicircle Angelfish	286	1951	True	True	True	common_target_pretraining	requested_target_meets_abundance_thresholds
96966	Centropyge vrolikii	Centropyge	Pomacanthidae	Pomacanthidae	Pearlscale Angelfish	285	794	True	True	True	common_target_pretraining	requested_target_meets_abundance_thresholds
96964	Centropyge tibicen	Centropyge	Pomacanthidae	Pomacanthidae	Keyhole Angelfish	253	779	True	True	True	common_target_pretraining	requested_target_meets_abundance_thresholds
97222	Chaetodontoplus mesoleucus	Chaetodontoplus	Pomacanthidae	Pomacanthidae	Vermiculate Angelfish	338	635	True	False	True	broad_pretraining	regional_and_global_abundance
110020	Pomacanthus sexstriatus	Pomacanthus	Pomacanthidae	Pomacanthidae	Sixband Angelfish	319	2238	True	False	True	broad_pretraining	regional_and_global_abundance
96940	Centropyge bispinosa	Centropyge	Pomacanthidae	Pomacanthidae	Two-spined Angelfish	91	732	True	False	True	broad_pretraining	regional_and_global_abundance
101333	Genicanthus lamarck	Genicanthus	Pomacanthidae	Pomacanthidae	Lamarck's Angelfish	151	443	False	True	False	rare_target_holdout	requested_target_below_abundance_thresholds
96944	Centropyge eibli	Centropyge	Pomacanthidae	Pomacanthidae	Eibl's Angelfish	60	116	False	True	False	rare_target_holdout	requested_target_below_abundance_thresholds
110021	Pomacanthus xanthometopon	Pomacanthus	Pomacanthidae	Pomacanthidae	Blueface Angelfish	259	712	True	False	False	eligible_not_selected	genus_quota_reached
1315950	Centropyge multifasciata	Centropyge	Pomacanthidae	Pomacanthidae	Barred Angelfish	87	203	False	False	False	ineligible	below_regional_or_global_threshold
97225	Chaetodontoplus poliourus	Chaetodontoplus	Pomacanthidae	Pomacanthidae	Greytail Angelfish	42	91	False	False	False	ineligible	below_regional_or_global_threshold
96946	Centropyge fisheri	Centropyge	Pomacanthidae	Pomacanthidae	Fisher's Angelfish	27	108	False	False	False	ineligible	below_regional_or_global_threshold
110013	Pomacanthus annularis	Pomacanthus	Pomacanthidae	Pomacanthidae	Bluering Angelfish	27	444	False	False	False	ineligible	below_regional_or_global_threshold
97218	Chaetodontoplus dimidiatus	Chaetodontoplus	Pomacanthidae	Pomacanthidae	Pewter Angelfish	21	21	False	False	False	ineligible	below_regional_or_global_threshold
97220	Chaetodontoplus melanosoma	Chaetodontoplus	Pomacanthidae	Pomacanthidae	Black Velvet Angelfish	18	44	False	False	False	ineligible	below_regional_or_global_threshold
96960	Centropyge nox	Centropyge	Pomacanthidae	Pomacanthidae	Midnight Angelfish	17	74	False	False	False	ineligible	below_regional_or_global_threshold
101334	Genicanthus melanospilos	Genicanthus	Pomacanthidae	Pomacanthidae	Black-spot Angelfish	14	284	False	False	False	ineligible	below_regional_or_global_threshold
94419	Apolemichthys xanthurus	Apolemichthys	Pomacanthidae	Pomacanthidae	Yellowtail Angelfish	2	78	False	False	False	ineligible	below_regional_or_global_threshold
96956	Centropyge multispinis	Centropyge	Pomacanthidae	Pomacanthidae	Brown Pygmy Angelfish	2	221	False	False	False	ineligible	below_regional_or_global_threshold
96934	Centropyge abei	Centropyge	Pomacanthidae	Pomacanthidae	Abe's Angelfish	1	2	False	False	False	ineligible	below_regional_or_global_threshold
96947	Centropyge flavipectoralis	Centropyge	Pomacanthidae	Pomacanthidae	Yellowfin Angelfish	1	4	False	False	False	ineligible	below_regional_or_global_threshold
97219	Chaetodontoplus duboulayi	Chaetodontoplus	Pomacanthidae	Pomacanthidae	Scribbled Angelfish	1	160	False	False	False	ineligible	below_regional_or_global_threshold
101332	Genicanthus caudovittatus	Genicanthus	Pomacanthidae	Pomacanthidae	Zebra Angelfish	1	207	False	False	False	ineligible	below_regional_or_global_threshold
94412	Apolemichthys arcuatus	Apolemichthys	Pomacanthidae	Pomacanthidae	Bandit Angelfish	0	39	False	False	False	ineligible	below_regional_or_global_threshold
94413	Apolemichthys griffisi	Apolemichthys	Pomacanthidae	Pomacanthidae	Griffis' Angelfish	0	14	False	False	False	ineligible	below_regional_or_global_threshold
94415	Apolemichthys kingi	Apolemichthys	Pomacanthidae	Pomacanthidae	Tiger Angelfish	0	24	False	False	False	ineligible	below_regional_or_global_threshold
94417	Apolemichthys xanthopunctatus	Apolemichthys	Pomacanthidae	Pomacanthidae	Goldflake Angelfish	0	27	False	False	False	ineligible	below_regional_or_global_threshold
94418	Apolemichthys xanthotis	Apolemichthys	Pomacanthidae	Pomacanthidae	Yellow-ear Angelfish	0	39	False	False	False	ineligible	below_regional_or_global_threshold
96935	Centropyge acanthops	Centropyge	Pomacanthidae	Pomacanthidae	Orangeback Angelfish	0	36	False	False	False	ineligible	below_regional_or_global_threshold
96936	Centropyge argi	Centropyge	Pomacanthidae	Pomacanthidae	Cherubfish	0	82	False	False	False	ineligible	below_regional_or_global_threshold
96937	Centropyge aurantia	Centropyge	Pomacanthidae	Pomacanthidae	Golden Angelfish	0	2	False	False	False	ineligible	below_regional_or_global_threshold
96938	Centropyge aurantonotus	Centropyge	Pomacanthidae	Pomacanthidae	Flameback Angelfish	0	9	False	False	False	ineligible	below_regional_or_global_threshold
96941	Centropyge boylei	Centropyge	Pomacanthidae	Pomacanthidae	Peppermint Angelfish	0	1	False	False	False	ineligible	below_regional_or_global_threshold
706815	Centropyge cocosensis	Centropyge	Pomacanthidae	Pomacanthidae	Cocopeel Angelfish	0	51	False	False	False	ineligible	below_regional_or_global_threshold
96942	Centropyge colini	Centropyge	Pomacanthidae	Pomacanthidae	Cocos-Keeling Angelfish	0	12	False	False	False	ineligible	below_regional_or_global_threshold
96943	Centropyge debelius	Centropyge	Pomacanthidae	Pomacanthidae	Blue Mauritius Angelfish	0	5	False	False	False	ineligible	below_regional_or_global_threshold
491543	Centropyge deborae	Centropyge	Pomacanthidae	Pomacanthidae	Blue Velvet Angelfish	0	46	False	False	False	ineligible	below_regional_or_global_threshold
96945	Centropyge ferrugata	Centropyge	Pomacanthidae	Pomacanthidae	Rusty Angelfish	0	25	False	False	False	ineligible	below_regional_or_global_threshold
96948	Centropyge flavissima	Centropyge	Pomacanthidae	Pomacanthidae	Lemonpeel Angelfish	0	1004	False	False	False	ineligible	below_regional_or_global_threshold
96949	Centropyge heraldi	Centropyge	Pomacanthidae	Pomacanthidae	Herald's Angelfish	0	125	False	False	False	ineligible	below_regional_or_global_threshold
96950	Centropyge hotumatua	Centropyge	Pomacanthidae	Pomacanthidae	Blackear Angelfish	0	1	False	False	False	ineligible	below_regional_or_global_threshold
619598	Centropyge interrupta	Centropyge	Pomacanthidae	Pomacanthidae	Japanese Angelfish	0	11	False	False	False	ineligible	below_regional_or_global_threshold
96952	Centropyge joculator	Centropyge	Pomacanthidae	Pomacanthidae	Yellowhead Angelfish	0	38	False	False	False	ineligible	below_regional_or_global_threshold
358414	Centropyge loriculus	Centropyge	Pomacanthidae	Pomacanthidae	Flame Angelfish	0	268	False	False	False	ineligible	below_regional_or_global_threshold
96954	Centropyge multicolor	Centropyge	Pomacanthidae	Pomacanthidae	Pearlback Angelfish	0	9	False	False	False	ineligible	below_regional_or_global_threshold
96957	Centropyge nahackyi	Centropyge	Pomacanthidae	Pomacanthidae	Nahacky's Angelfish	0	1	False	False	False	ineligible	below_regional_or_global_threshold
96958	Centropyge narcosis	Centropyge	Pomacanthidae	Pomacanthidae	Narc Angelfish	0	1	False	False	False	ineligible	below_regional_or_global_threshold
1316424	Centropyge nigriocellus	Centropyge	Pomacanthidae	Pomacanthidae	Blackspot Angelfish	0	1	False	False	False	ineligible	below_regional_or_global_threshold
96961	Centropyge potteri	Centropyge	Pomacanthidae	Pomacanthidae	Potter's Angelfish	0	237	False	False	False	ineligible	below_regional_or_global_threshold
96962	Centropyge resplendens	Centropyge	Pomacanthidae	Pomacanthidae	Resplendent Angelfish	0	1	False	False	False	ineligible	below_regional_or_global_threshold
96963	Centropyge shepardi	Centropyge	Pomacanthidae	Pomacanthidae	Shepard's Angelfish	0	38	False	False	False	ineligible	below_regional_or_global_threshold
96965	Centropyge venusta	Centropyge	Pomacanthidae	Pomacanthidae	Purplemask Angelfish	0	8	False	False	False	ineligible	below_regional_or_global_threshold
183184	Centropyge woodheadi	Centropyge	Pomacanthidae	Pomacanthidae	Woodhead's Angelfish	0	39	False	False	False	ineligible	below_regional_or_global_threshold
97214	Chaetodontoplus ballinae	Chaetodontoplus	Pomacanthidae	Pomacanthidae	Ballina Angelfish	0	10	False	False	False	ineligible	below_regional_or_global_threshold
97215	Chaetodontoplus caeruleopunctatus	Chaetodontoplus	Pomacanthidae	Pomacanthidae	Bluespotted Angelfish	0	13	False	False	False	ineligible	below_regional_or_global_threshold
619599	Chaetodontoplus cephalareticulatus	Chaetodontoplus	Pomacanthidae	Pomacanthidae	Maze Angelfish	0	2	False	False	False	ineligible	below_regional_or_global_threshold
97217	Chaetodontoplus conspicillatus	Chaetodontoplus	Pomacanthidae	Pomacanthidae	Conspicuous Angelfish	0	41	False	False	False	ineligible	below_regional_or_global_threshold
97221	Chaetodontoplus meredithi	Chaetodontoplus	Pomacanthidae	Pomacanthidae	Queensland Yellowtail Angelfish	0	151	False	False	False	ineligible	below_regional_or_global_threshold
97223	Chaetodontoplus niger	Chaetodontoplus	Pomacanthidae	Pomacanthidae	Black Angelfish	0	1	False	False	False	ineligible	below_regional_or_global_threshold
97224	Chaetodontoplus personifer	Chaetodontoplus	Pomacanthidae	Pomacanthidae	Yellowtail Angelfish	0	12	False	False	False	ineligible	below_regional_or_global_threshold
97226	Chaetodontoplus septentrionalis	Chaetodontoplus	Pomacanthidae	Pomacanthidae	Bluestriped Angelfish	0	65	False	False	False	ineligible	below_regional_or_global_threshold
97227	Chaetodontoplus vanderloosi	Chaetodontoplus	Pomacanthidae	Pomacanthidae	Vanderloos Angelfish	0	1	False	False	False	ineligible	below_regional_or_global_threshold
101331	Genicanthus bellus	Genicanthus	Pomacanthidae	Pomacanthidae	Ornate Angelfish	0	9	False	False	False	ineligible	below_regional_or_global_threshold
101335	Genicanthus personatus	Genicanthus	Pomacanthidae	Pomacanthidae	Masked Angelfish	0	6	False	False	False	ineligible	below_regional_or_global_threshold
101336	Genicanthus semicinctus	Genicanthus	Pomacanthidae	Pomacanthidae	Halfbanded Angelfish	0	22	False	False	False	ineligible	below_regional_or_global_threshold
101337	Genicanthus semifasciatus	Genicanthus	Pomacanthidae	Pomacanthidae	Masked Swallowtail Angelfish	0	9	False	False	False	ineligible	below_regional_or_global_threshold
101339	Genicanthus takeuchii	Genicanthus	Pomacanthidae	Pomacanthidae	Takeuchi's Angelfish	0	9	False	False	False	ineligible	below_regional_or_global_threshold
101340	Genicanthus watanabei	Genicanthus	Pomacanthidae	Pomacanthidae	Pinstriped Angelfish	0	115	False	False	False	ineligible	below_regional_or_global_threshold
102895	Holacanthus africanus	Holacanthus	Pomacanthidae	Pomacanthidae	Guinean Angelfish	0	35	False	False	False	ineligible	below_regional_or_global_threshold
49632	Holacanthus bermudensis	Holacanthus	Pomacanthidae	Pomacanthidae	Blue Angelfish	0	589	False	False	False	ineligible	below_regional_or_global_threshold
47235	Holacanthus ciliaris	Holacanthus	Pomacanthidae	Pomacanthidae	Queen Angelfish	0	2370	False	False	False	ineligible	below_regional_or_global_threshold
102896	Holacanthus clarionensis	Holacanthus	Pomacanthidae	Pomacanthidae	Clarión Angelfish	0	291	False	False	False	ineligible	below_regional_or_global_threshold
56797	Holacanthus passer	Holacanthus	Pomacanthidae	Pomacanthidae	King Angelfish	0	3028	False	False	False	ineligible	below_regional_or_global_threshold
49495	Holacanthus tricolor	Holacanthus	Pomacanthidae	Pomacanthidae	Rock Beauty	0	1326	False	False	False	ineligible	below_regional_or_global_threshold
49427	Pomacanthus arcuatus	Pomacanthus	Pomacanthidae	Pomacanthidae	Grey Angelfish	0	2440	False	False	False	ineligible	below_regional_or_global_threshold
110014	Pomacanthus asfur	Pomacanthus	Pomacanthidae	Pomacanthidae	Arabian Angelfish	0	57	False	False	False	ineligible	below_regional_or_global_threshold
110015	Pomacanthus chrysurus	Pomacanthus	Pomacanthidae	Pomacanthidae	Goldtail Angelfish	0	43	False	False	False	ineligible	below_regional_or_global_threshold
110016	Pomacanthus maculosus	Pomacanthus	Pomacanthidae	Pomacanthidae	Halfmoon Angelfish	0	569	False	False	False	ineligible	below_regional_or_global_threshold
49257	Pomacanthus paru	Pomacanthus	Pomacanthidae	Pomacanthidae	French Angelfish	0	4652	False	False	False	ineligible	below_regional_or_global_threshold
110018	Pomacanthus rhomboides	Pomacanthus	Pomacanthidae	Pomacanthidae	Old Woman Angelfish	0	83	False	False	False	ineligible	below_regional_or_global_threshold
110022	Pomacanthus zonipectus	Pomacanthus	Pomacanthidae	Pomacanthidae	Cortez Angelfish	0	824	False	False	False	ineligible	below_regional_or_global_threshold
136345	Amphiprion clarkii	Amphiprion	Pomacentridae	Pomacentridae	Clark's Anemonefish	1417	4967	True	True	True	common_target_pretraining	requested_target_meets_abundance_thresholds
49303	Dascyllus trimaculatus	Dascyllus	Pomacentridae	Pomacentridae	Three-spot Dascyllus	757	4936	True	True	True	common_target_pretraining	requested_target_meets_abundance_thresholds
49403	Abudefduf vaigiensis	Abudefduf	Pomacentridae	Pomacentridae	Indo-Pacific Sergeant Major	737	7181	True	True	True	common_target_pretraining	requested_target_meets_abundance_thresholds
134156	Amphiprion perideraion	Amphiprion	Pomacentridae	Pomacentridae	Pink Skunk Anemonefish	711	2788	True	True	True	common_target_pretraining	requested_target_meets_abundance_thresholds
179872	Dascyllus reticulatus	Dascyllus	Pomacentridae	Pomacentridae	Reticulated Damselfish	560	2647	True	True	True	common_target_pretraining	requested_target_meets_abundance_thresholds
181028	Pomacentrus moluccensis	Pomacentrus	Pomacentridae	Pomacentridae	Lemon Damsel	516	3042	True	True	True	common_target_pretraining	requested_target_meets_abundance_thresholds
134155	Amblyglyphidodon aureus	Amblyglyphidodon	Pomacentridae	Pomacentridae	Golden Damselfish	487	1508	True	True	True	common_target_pretraining	requested_target_meets_abundance_thresholds
132371	Pomacentrus coelestis	Pomacentrus	Pomacentridae	Pomacentridae	Neon Damselfish	360	2075	True	True	True	common_target_pretraining	requested_target_meets_abundance_thresholds
132688	Amphiprion ocellaris	Amphiprion	Pomacentridae	Pomacentridae	Ocellaris Anemonefish	1057	3174	True	False	True	broad_pretraining	regional_and_global_abundance
1277790	Amphiprion biaculeatus	Amphiprion	Pomacentridae	Pomacentridae	Spine-cheek Clownfish	743	1547	True	False	True	broad_pretraining	regional_and_global_abundance
135284	Neoglyphidodon nigroris	Neoglyphidodon	Pomacentridae	Pomacentridae	Indo-Pacific Yellowtail Damsel	406	1375	True	False	True	broad_pretraining	regional_and_global_abundance
952775	Dascyllus aruanus	Dascyllus	Pomacentridae	Pomacentridae	Humbug Dascyllus	315	2367	True	False	True	broad_pretraining	regional_and_global_abundance
49401	Abudefduf sexfasciatus	Abudefduf	Pomacentridae	Pomacentridae	Scissortail Sergeant	314	5768	True	False	True	broad_pretraining	regional_and_global_abundance
123458	Dischistodus perspicillatus	Dischistodus	Pomacentridae	Pomacentridae	White Damsel	286	855	True	False	True	broad_pretraining	regional_and_global_abundance
119053	Amblyglyphidodon curacao	Amblyglyphidodon	Pomacentridae	Pomacentridae	Staghorn Damsel	568	2452	True	False	True	novel_evaluation	held_out_for_unseen_species_evaluation
119430	Amphiprion polymnus	Amphiprion	Pomacentridae	Pomacentridae	Saddleback Anemonefish	367	446	False	True	False	rare_target_holdout	requested_target_below_abundance_thresholds
119391	Amphiprion percula	Amphiprion	Pomacentridae	Pomacentridae	Percula Anemonefish	3	448	False	True	False	rare_target_holdout	requested_target_below_abundance_thresholds
57741	Amphiprion melanopus	Amphiprion	Pomacentridae	Pomacentridae	Blackback Anemonefish	344	1939	True	False	False	eligible_not_selected	genus_quota_reached
93956	Amphiprion sandaracinos	Amphiprion	Pomacentridae	Pomacentridae	Orange Skunk Anemonefish	308	684	True	False	False	eligible_not_selected	genus_quota_reached
181026	Pomacentrus bankanensis	Pomacentrus	Pomacentridae	Pomacentridae	Speckled Damsel	285	814	True	False	False	eligible_not_selected	scientist_family_quota_reached
179880	Chromis viridis	Chromis	Pomacentridae	Pomacentridae	Blue-green Chromis	271	2740	True	False	False	eligible_not_selected	scientist_family_quota_reached
318321	Dischistodus melanotus	Dischistodus	Pomacentridae	Pomacentridae	Blackvent Damsel	270	871	True	False	False	eligible_not_selected	scientist_family_quota_reached
181015	Amblyglyphidodon leucogaster	Amblyglyphidodon	Pomacentridae	Pomacentridae	Whitebelly Damsel	266	890	True	False	False	eligible_not_selected	scientist_family_quota_reached
132370	Neoglyphidodon melas	Neoglyphidodon	Pomacentridae	Pomacentridae	Black Damsel	244	1216	True	False	False	eligible_not_selected	scientist_family_quota_reached
181019	Chromis ternatensis	Chromis	Pomacentridae	Pomacentridae	Ternate Chromis	233	837	True	False	False	eligible_not_selected	scientist_family_quota_reached
179849	Chrysiptera cyanea	Chrysiptera	Pomacentridae	Pomacentridae	Blue Demoiselle	232	572	True	False	False	eligible_not_selected	scientist_family_quota_reached
1316755	Pycnochromis margaritifer	Pycnochromis	Pomacentridae	Pomacentridae	Bicolor Chromis	232	983	True	False	False	eligible_not_selected	scientist_family_quota_reached
325535	Pomacentrus amboinensis	Pomacentrus	Pomacentridae	Pomacentridae	Ambon Damsel	231	1039	True	False	False	eligible_not_selected	scientist_family_quota_reached
1325088	Stegastes lacrymatus	Stegastes	Pomacentridae	Pomacentridae	Jewel Damsel	212	1761	True	False	False	eligible_not_selected	scientist_family_quota_reached
319335	Acanthochromis polyacanthus	Acanthochromis	Pomacentridae	Pomacentridae	Spiny Chromis	190	1227	True	False	False	eligible_not_selected	scientist_family_quota_reached
271308	Chrysiptera talboti	Chrysiptera	Pomacentridae	Pomacentridae	Talbot's Demoiselle	166	527	True	False	False	eligible_not_selected	scientist_family_quota_reached
204597	Plectroglyphidodon dickii	Plectroglyphidodon	Pomacentridae	Pomacentridae	Blackbar Damselfish	152	1089	True	False	False	eligible_not_selected	scientist_family_quota_reached
181020	Chromis atripectoralis	Chromis	Pomacentridae	Pomacentridae	Black-axil Chromis	127	1157	True	False	False	eligible_not_selected	scientist_family_quota_reached
145525	Chrysiptera rollandi	Chrysiptera	Pomacentridae	Pomacentridae	Bluehead Demoiselle	110	636	True	False	False	eligible_not_selected	scientist_family_quota_reached
135270	Pomacentrus vaiuli	Pomacentrus	Pomacentridae	Pomacentridae	Princess Damsel	101	926	True	False	False	eligible_not_selected	scientist_family_quota_reached
337753	Abudefduf septemfasciatus	Abudefduf	Pomacentridae	Pomacentridae	Banded Sergeant	59	1177	True	False	False	eligible_not_selected	scientist_family_quota_reached
338073	Chrysiptera unimaculata	Chrysiptera	Pomacentridae	Pomacentridae	Onespot Demoiselle	59	749	True	False	False	eligible_not_selected	scientist_family_quota_reached
123922	Abudefduf sordidus	Abudefduf	Pomacentridae	Pomacentridae	Blackspot Sergeant	44	3787	True	False	False	eligible_not_selected	scientist_family_quota_reached
154702	Amphiprion akallopisos	Amphiprion	Pomacentridae	Pomacentridae	Skunk Anemonefish	40	515	True	False	False	eligible_not_selected	scientist_family_quota_reached
119717	Pomacentrus pavo	Pomacentrus	Pomacentridae	Pomacentridae	Peacock Damsel	37	1101	True	False	False	eligible_not_selected	scientist_family_quota_reached
447759	Pomacentrus chrysurus	Pomacentrus	Pomacentridae	Pomacentridae	Whitetail Damsel	26	523	True	False	False	eligible_not_selected	scientist_family_quota_reached
337754	Abudefduf bengalensis	Abudefduf	Pomacentridae	Pomacentridae	Bengal Sergeant	20	2405	True	False	False	eligible_not_selected	scientist_family_quota_reached
143044	Pomacentrus auriventris	Pomacentrus	Pomacentridae	Pomacentridae	Goldbelly Damsel	236	294	False	False	False	ineligible	below_regional_or_global_threshold
359798	Dascyllus melanurus	Dascyllus	Pomacentridae	Pomacentridae	Blacktail Humbug	211	401	False	False	False	ineligible	below_regional_or_global_threshold
199182	Chromis scotochiloptera	Chromis	Pomacentridae	Pomacentridae	Philippine Chromis	173	192	False	False	False	ineligible	below_regional_or_global_threshold
181025	Pomacentrus reidi	Pomacentrus	Pomacentridae	Pomacentridae	Grey Damsel	149	217	False	False	False	ineligible	below_regional_or_global_threshold
181016	Amblypomacentrus breviceps	Amblypomacentrus	Pomacentridae	Pomacentridae	Blackbanded Damsel	137	233	False	False	False	ineligible	below_regional_or_global_threshold
182177	Chromis analis	Chromis	Pomacentridae	Pomacentridae	Yellow Chromis	133	289	False	False	False	ineligible	below_regional_or_global_threshold
326585	Dischistodus prosopotaenia	Dischistodus	Pomacentridae	Pomacentridae	Honeyhead Damsel	119	434	False	False	False	ineligible	below_regional_or_global_threshold
346146	Dischistodus chrysopoecilus	Dischistodus	Pomacentridae	Pomacentridae	Whitepatch Damsel	117	225	False	False	False	ineligible	below_regional_or_global_threshold
1316752	Pycnochromis retrofasciatus	Pycnochromis	Pomacentridae	Pomacentridae	Blackbar Chromis	116	379	False	False	False	ineligible	below_regional_or_global_threshold
311360	Pomacentrus lepidogenys	Pomacentrus	Pomacentridae	Pomacentridae	Scaly Damsel	100	284	False	False	False	ineligible	below_regional_or_global_threshold
325534	Neoglyphidodon oxyodon	Neoglyphidodon	Pomacentridae	Pomacentridae	Javanese Damselfish	99	126	False	False	False	ineligible	below_regional_or_global_threshold
334719	Chromis xanthura	Chromis	Pomacentridae	Pomacentridae	Pale-tail Chromis	98	341	False	False	False	ineligible	below_regional_or_global_threshold
345864	Hemiglyphidodon plagiometopon	Hemiglyphidodon	Pomacentridae	Pomacentridae	Lagoon Damsel	85	403	False	False	False	ineligible	below_regional_or_global_threshold
334964	Pomacentrus brachialis	Pomacentrus	Pomacentridae	Pomacentridae	Charcoal Damsel	81	255	False	False	False	ineligible	below_regional_or_global_threshold
153273	Neoglyphidodon thoracotaeniatus	Neoglyphidodon	Pomacentridae	Pomacentridae	Barhead Damsel	79	133	False	False	False	ineligible	below_regional_or_global_threshold
181014	Abudefduf lorenzi	Abudefduf	Pomacentridae	Pomacentridae	Black-tail Sergeant	73	218	False	False	False	ineligible	below_regional_or_global_threshold
1316763	Pycnochromis atripes	Pycnochromis	Pomacentridae	Pomacentridae	Dark-fin Chromis	70	277	False	False	False	ineligible	below_regional_or_global_threshold
1315945	Pycnochromis amboinensis	Pycnochromis	Pomacentridae	Pomacentridae	Ambon Puller	66	341	False	False	False	ineligible	below_regional_or_global_threshold
334629	Chromis weberi	Chromis	Pomacentridae	Pomacentridae	Weber's Puller	64	380	False	False	False	ineligible	below_regional_or_global_threshold
358838	Pomacentrus nagasakiensis	Pomacentrus	Pomacentridae	Pomacentridae	Blue-scribbled Damsel	62	324	False	False	False	ineligible	below_regional_or_global_threshold
1315395	Pycnochromis caudalis	Pycnochromis	Pomacentridae	Pomacentridae	Blue-axil Chromis	62	91	False	False	False	ineligible	below_regional_or_global_threshold
358376	Neopomacentrus cyanomos	Neopomacentrus	Pomacentridae	Pomacentridae	Regal Demoiselle	58	426	False	False	False	ineligible	below_regional_or_global_threshold
181029	Pomacentrus simsiang	Pomacentrus	Pomacentridae	Pomacentridae	Blueback Damselfish	58	237	False	False	False	ineligible	below_regional_or_global_threshold
1316757	Azurina lepidolepis	Azurina	Pomacentridae	Pomacentridae	Scaly Puller	56	246	False	False	False	ineligible	below_regional_or_global_threshold
344375	Chrysiptera rex	Chrysiptera	Pomacentridae	Pomacentridae	Pink Demoiselle	55	134	False	False	False	ineligible	below_regional_or_global_threshold
135192	Chrysiptera springeri	Chrysiptera	Pomacentridae	Pomacentridae	Springer's Demoiselle	54	144	False	False	False	ineligible	below_regional_or_global_threshold
181027	Pomacentrus nigromarginatus	Pomacentrus	Pomacentridae	Pomacentridae	Blackmargin Damsel	54	232	False	False	False	ineligible	below_regional_or_global_threshold
1315251	Amblyglyphidodon batunaorum	Amblyglyphidodon	Pomacentridae	Pomacentridae	Batuna Damsel	48	99	False	False	False	ineligible	below_regional_or_global_threshold
332372	Pomacentrus nigromanus	Pomacentrus	Pomacentridae	Pomacentridae	Goldback Damsel	47	127	False	False	False	ineligible	below_regional_or_global_threshold
272537	Neoglyphidodon crossi	Neoglyphidodon	Pomacentridae	Pomacentridae	Cross's Damselfish	42	52	False	False	False	ineligible	below_regional_or_global_threshold
357900	Chrysiptera bleekeri	Chrysiptera	Pomacentridae	Pomacentridae	Bleeker's Damselfish	38	76	False	False	False	ineligible	below_regional_or_global_threshold
345719	Abudefduf notatus	Abudefduf	Pomacentridae	Pomacentridae	Yellowtail Sergeant	37	239	False	False	False	ineligible	below_regional_or_global_threshold
565923	Dischistodus fasciatus	Dischistodus	Pomacentridae	Pomacentridae	Banded Damselfish	36	162	False	False	False	ineligible	below_regional_or_global_threshold
1224641	Chrysiptera leucopoma	Chrysiptera	Pomacentridae	Pomacentridae	Pacific Surge Damselfish	33	452	False	False	False	ineligible	below_regional_or_global_threshold
424314	Pomacentrus philippinus	Pomacentrus	Pomacentridae	Pomacentridae	Philippine Damsel	33	107	False	False	False	ineligible	below_regional_or_global_threshold
1315503	Pycnochromis lineatus	Pycnochromis	Pomacentridae	Pomacentridae	Lined Puller	32	65	False	False	False	ineligible	below_regional_or_global_threshold
84799	Dischistodus pseudochrysopoecilus	Dischistodus	Pomacentridae	Pomacentridae	Monarch Damsel	31	196	False	False	False	ineligible	below_regional_or_global_threshold
325502	Neopomacentrus violascens	Neopomacentrus	Pomacentridae	Pomacentridae	Violet Demoiselle	28	200	False	False	False	ineligible	below_regional_or_global_threshold
1316760	Azurina elerae	Azurina	Pomacentridae	Pomacentridae	Twinspot chromis	27	83	False	False	False	ineligible	below_regional_or_global_threshold
118577	Chromis xanthochira	Chromis	Pomacentridae	Pomacentridae	Yellow-axil chromis	27	50	False	False	False	ineligible	below_regional_or_global_threshold
1315394	Pycnochromis delta	Pycnochromis	Pomacentridae	Pomacentridae	Deep Reef Chromis	26	102	False	False	False	ineligible	below_regional_or_global_threshold
338575	Pomacentrus adelus	Pomacentrus	Pomacentridae	Pomacentridae	Obscure Damsel	25	339	False	False	False	ineligible	below_regional_or_global_threshold
470653	Chrysiptera hemicyanea	Chrysiptera	Pomacentridae	Pomacentridae	Azure Demoiselle	23	25	False	False	False	ineligible	below_regional_or_global_threshold
484792	Stegastes punctatus	Stegastes	Pomacentridae	Pomacentridae	Bluntsnout Gregory	20	388	False	False	False	ineligible	below_regional_or_global_threshold
359124	Pomacentrus alexanderae	Pomacentrus	Pomacentridae	Pomacentridae	Alexander's Damsel	18	127	False	False	False	ineligible	below_regional_or_global_threshold
55185	Pomacentrus tripunctatus	Pomacentrus	Pomacentridae	Pomacentridae	Threespot Damsel	18	158	False	False	False	ineligible	below_regional_or_global_threshold
181024	Lepidozygus tapeinosoma	Lepidozygus	Pomacentridae	Pomacentridae	Fusilier Damsel	17	111	False	False	False	ineligible	below_regional_or_global_threshold
97750	Chromis alpha	Chromis	Pomacentridae	Pomacentridae	Yellow-speckled Chromis	16	128	False	False	False	ineligible	below_regional_or_global_threshold
338158	Chrysiptera parasema	Chrysiptera	Pomacentridae	Pomacentridae	Goldtail Demoiselle	15	35	False	False	False	ineligible	below_regional_or_global_threshold
319354	Pomacentrus cuneatus	Pomacentrus	Pomacentridae	Pomacentridae	Wedgespot Damsel	15	26	False	False	False	ineligible	below_regional_or_global_threshold
619604	Amblyglyphidodon ternatensis	Amblyglyphidodon	Pomacentridae	Pomacentridae	Ternate Damselfish	14	16	False	False	False	ineligible	below_regional_or_global_threshold
110025	Pomacentrus smithi	Pomacentrus	Pomacentridae	Pomacentridae	Smith's Damselfish	13	19	False	False	False	ineligible	below_regional_or_global_threshold
49922	Stegastes nigricans	Stegastes	Pomacentridae	Pomacentridae	Dusky Gregory	13	1410	False	False	False	ineligible	below_regional_or_global_threshold
180382	Amphiprion sebae	Amphiprion	Pomacentridae	Pomacentridae	Sebae Anemonefish	12	36	False	False	False	ineligible	below_regional_or_global_threshold
179873	Dascyllus carneus	Dascyllus	Pomacentridae	Pomacentridae	Indian Dascyllus	12	448	False	False	False	ineligible	below_regional_or_global_threshold
57337	Plectroglyphidodon leucozona	Plectroglyphidodon	Pomacentridae	Pomacentridae	Whiteband Damsel	12	315	False	False	False	ineligible	below_regional_or_global_threshold
154433	Neopomacentrus azysron	Neopomacentrus	Pomacentridae	Pomacentridae	Yellowtail Demoiselle	11	271	False	False	False	ineligible	below_regional_or_global_threshold
346141	Pomacentrus burroughi	Pomacentrus	Pomacentridae	Pomacentridae	Burrough's Damselfish	11	64	False	False	False	ineligible	below_regional_or_global_threshold
318933	Pomacentrus grammorhynchus	Pomacentrus	Pomacentridae	Pomacentridae	Bluespot damsel	11	158	False	False	False	ineligible	below_regional_or_global_threshold
341387	Chrysiptera biocellata	Chrysiptera	Pomacentridae	Pomacentridae	Twospot Demoiselle	10	434	False	False	False	ineligible	below_regional_or_global_threshold
204591	Chrysiptera glauca	Chrysiptera	Pomacentridae	Pomacentridae	Grey Demoiselle	10	426	False	False	False	ineligible	below_regional_or_global_threshold
57740	Amphiprion frenatus	Amphiprion	Pomacentridae	Pomacentridae	Tomato Clownfish	9	1295	False	False	False	ineligible	below_regional_or_global_threshold
619645	Chrysiptera arnazae	Chrysiptera	Pomacentridae	Pomacentridae	Arnaz's damselfish	9	13	False	False	False	ineligible	below_regional_or_global_threshold
358107	Chromis albicauda	Chromis	Pomacentridae	Pomacentridae	White-tailed Chromis	8	50	False	False	False	ineligible	below_regional_or_global_threshold
346145	Neopomacentrus nemurus	Neopomacentrus	Pomacentridae	Pomacentridae	Coral Demoiselle	8	308	False	False	False	ineligible	below_regional_or_global_threshold
447830	Stegastes albifasciatus	Stegastes	Pomacentridae	Pomacentridae	Whitebar Gregory	8	163	False	False	False	ineligible	below_regional_or_global_threshold
519432	Chromis cinerascens	Chromis	Pomacentridae	Pomacentridae	Green Chromis	7	55	False	False	False	ineligible	below_regional_or_global_threshold
180381	Amphiprion chrysopterus	Amphiprion	Pomacentridae	Pomacentridae	Orangefin Anemonefish	5	1024	False	False	False	ineligible	below_regional_or_global_threshold
57339	Chrysiptera brownriggii	Chrysiptera	Pomacentridae	Pomacentridae	Indian Surge Demoiselle	5	148	False	False	False	ineligible	below_regional_or_global_threshold
486019	Pomacentrus alleni	Pomacentrus	Pomacentridae	Pomacentridae	Andaman Damselfish	5	12	False	False	False	ineligible	below_regional_or_global_threshold
619672	Pomacentrus bintanensis	Pomacentrus	Pomacentridae	Pomacentridae	Bintan damselfish	5	43	False	False	False	ineligible	below_regional_or_global_threshold
458025	Pristotis obtusirostris	Pristotis	Pomacentridae	Pomacentridae	Gulf Damsel	5	144	False	False	False	ineligible	below_regional_or_global_threshold
424221	Amphiprion leucokranos	Amphiprion	Pomacentridae	Pomacentridae	White-bonnet Anemonefish	4	64	False	False	False	ineligible	below_regional_or_global_threshold
424709	Cheiloprion labiatus	Cheiloprion	Pomacentridae	Pomacentridae	Biglip Damsel	4	159	False	False	False	ineligible	below_regional_or_global_threshold
447714	Chromis opercularis	Chromis	Pomacentridae	Pomacentridae	Doublebar Chromis	4	49	False	False	False	ineligible	below_regional_or_global_threshold
619661	Neopomacentrus sororius	Neopomacentrus	Pomacentridae	Pomacentridae	Twin Demoiselle	4	54	False	False	False	ineligible	below_regional_or_global_threshold
1376769	Pomacentrus novaeguineae	Pomacentrus	Pomacentridae	Pomacentridae	New Guinea Damselfish	4	19	False	False	False	ineligible	below_regional_or_global_threshold
619603	Amblyglyphidodon silolona	Amblyglyphidodon	Pomacentridae	Pomacentridae	Silolona Damselfish	3	9	False	False	False	ineligible	below_regional_or_global_threshold
1314678	Chrysiptera ellenae	Chrysiptera	Pomacentridae	Pomacentridae		3	3	False	False	False	ineligible	below_regional_or_global_threshold
344016	Chrysiptera oxycephala	Chrysiptera	Pomacentridae	Pomacentridae	Bluespot Damselfish	3	32	False	False	False	ineligible	below_regional_or_global_threshold
619656	Neoglyphidodon bonang	Neoglyphidodon	Pomacentridae	Pomacentridae	Ocellated Damselfish	3	4	False	False	False	ineligible	below_regional_or_global_threshold
619688	Pomacentrus taeniometopon	Pomacentrus	Pomacentridae	Pomacentridae	Brackish Damselfish	3	5	False	False	False	ineligible	below_regional_or_global_threshold
1314828	Pycnochromis fieldi	Pycnochromis	Pomacentridae	Pomacentridae	Indian Half-and-half Chromis	3	346	False	False	False	ineligible	below_regional_or_global_threshold
311609	Amblyglyphidodon indicus	Amblyglyphidodon	Pomacentridae	Pomacentridae	Green Damselfish	2	1054	False	False	False	ineligible	below_regional_or_global_threshold
619637	Chromis pura	Chromis	Pomacentridae	Pomacentridae	Pura Chromis	2	2	False	False	False	ineligible	below_regional_or_global_threshold
619646	Chrysiptera giti	Chrysiptera	Pomacentridae	Pomacentridae	Giti Damselfish	2	2	False	False	False	ineligible	below_regional_or_global_threshold
914304	Dascyllus abudafur	Dascyllus	Pomacentridae	Pomacentridae	Indian Ocean Humbug	2	1381	False	False	False	ineligible	below_regional_or_global_threshold
196591	Plectroglyphidodon johnstonianus	Plectroglyphidodon	Pomacentridae	Pomacentridae	Blue-eye Damsel	2	529	False	False	False	ineligible	below_regional_or_global_threshold
1313385	Pomacentrus andamanensis	Pomacentrus	Pomacentridae	Pomacentridae	Eyespot Damselfish	2	41	False	False	False	ineligible	below_regional_or_global_threshold
619681	Pomacentrus melanochir	Pomacentrus	Pomacentridae	Pomacentridae	Indonesian damsel	2	3	False	False	False	ineligible	below_regional_or_global_threshold
49400	Abudefduf abdominalis	Abudefduf	Pomacentridae	Pomacentridae	Hawaiian Sergeant Major	1	789	False	False	False	ineligible	below_regional_or_global_threshold
871277	Abudefduf caudobimaculatus	Abudefduf	Pomacentridae	Pomacentridae	Okinawa Sergeant	1	29	False	False	False	ineligible	below_regional_or_global_threshold
619605	Amblypomacentrus clarus	Amblypomacentrus	Pomacentridae	Pomacentridae	Banggai damselfish	1	7	False	False	False	ineligible	below_regional_or_global_threshold
1315208	Amblypomacentrus kuiteri	Amblypomacentrus	Pomacentridae	Pomacentridae	Kuiter's damselfish	1	1	False	False	False	ineligible	below_regional_or_global_threshold
57754	Amphiprion ephippium	Amphiprion	Pomacentridae	Pomacentridae	Red Saddleback Anemonefish	1	85	False	False	False	ineligible	below_regional_or_global_threshold
619611	Amphiprion thiellei	Amphiprion	Pomacentridae	Pomacentridae	Thielle's Anemonefish	1	1	False	False	False	ineligible	below_regional_or_global_threshold
619642	Chromis xouthos	Chromis	Pomacentridae	Pomacentridae	Yellow-brown Chromis	1	1	False	False	False	ineligible	below_regional_or_global_threshold
179869	Chrysiptera caeruleolineata	Chrysiptera	Pomacentridae	Pomacentridae	Blueline Demoiselle	1	49	False	False	False	ineligible	below_regional_or_global_threshold
57335	Neopomacentrus anabatoides	Neopomacentrus	Pomacentridae	Pomacentridae	Silver Demoiselle	1	71	False	False	False	ineligible	below_regional_or_global_threshold
106835	Neopomacentrus bankieri	Neopomacentrus	Pomacentridae	Pomacentridae	Chinese Demoiselle	1	536	False	False	False	ineligible	below_regional_or_global_threshold
451071	Neopomacentrus filamentosus	Neopomacentrus	Pomacentridae	Pomacentridae	Brown Demoiselle	1	7	False	False	False	ineligible	below_regional_or_global_threshold
187773	Neopomacentrus taeniurus	Neopomacentrus	Pomacentridae	Pomacentridae	Freshwater Demoiselle	1	9	False	False	False	ineligible	below_regional_or_global_threshold
619679	Pomacentrus javanicus	Pomacentrus	Pomacentridae	Pomacentridae	Java damsel	1	1	False	False	False	ineligible	below_regional_or_global_threshold
619680	Pomacentrus komodoensis	Pomacentrus	Pomacentridae	Pomacentridae	Komodo damselfish	1	1	False	False	False	ineligible	below_regional_or_global_threshold
530721	Pomacentrus littoralis	Pomacentrus	Pomacentridae	Pomacentridae	Smoky Damsel	1	4	False	False	False	ineligible	below_regional_or_global_threshold
559534	Pomacentrus opisthostigma	Pomacentrus	Pomacentridae	Pomacentridae	Brown Damsel	1	4	False	False	False	ineligible	below_regional_or_global_threshold
325673	Pomacentrus similis	Pomacentrus	Pomacentridae	Pomacentridae	Similar Damsel	1	43	False	False	False	ineligible	below_regional_or_global_threshold
619687	Pomacentrus stigma	Pomacentrus	Pomacentridae	Pomacentridae	Blackspot Damsel	1	123	False	False	False	ineligible	below_regional_or_global_threshold
1416250	Pomacentrus umbratilus	Pomacentrus	Pomacentridae	Pomacentridae	Shade damselfish	1	36	False	False	False	ineligible	below_regional_or_global_threshold
1316129	Pycnochromis flavipectoralis	Pycnochromis	Pomacentridae	Pomacentridae	Malayan Chromis	1	15	False	False	False	ineligible	below_regional_or_global_threshold
92987	Abudefduf concolor	Abudefduf	Pomacentridae	Pomacentridae	Dusky Sergeant	0	476	False	False	False	ineligible	below_regional_or_global_threshold
619600	Abudefduf conformis	Abudefduf	Pomacentridae	Pomacentridae	Marquesan Sergeant	0	3	False	False	False	ineligible	below_regional_or_global_threshold
92988	Abudefduf declivifrons	Abudefduf	Pomacentridae	Pomacentridae	Mexican Nightsergeant	0	503	False	False	False	ineligible	below_regional_or_global_threshold
122102	Abudefduf hoefleri	Abudefduf	Pomacentridae	Pomacentridae	African Sergeant	0	26	False	False	False	ineligible	below_regional_or_global_threshold
619601	Abudefduf margariteus	Abudefduf	Pomacentridae	Pomacentridae	pearly sergeant	0	8	False	False	False	ineligible	below_regional_or_global_threshold
559948	Abudefduf natalensis	Abudefduf	Pomacentridae	Pomacentridae	Natal Sergeant	0	71	False	False	False	ineligible	below_regional_or_global_threshold
49402	Abudefduf saxatilis	Abudefduf	Pomacentridae	Pomacentridae	Atlantic Sergeant Major	0	11012	False	False	False	ineligible	below_regional_or_global_threshold
474803	Abudefduf sparoides	Abudefduf	Pomacentridae	Pomacentridae	False-eye Sergeant	0	278	False	False	False	ineligible	below_regional_or_global_threshold
57338	Abudefduf taurus	Abudefduf	Pomacentridae	Pomacentridae	Night Sergeant	0	693	False	False	False	ineligible	below_regional_or_global_threshold
92989	Abudefduf troschelii	Abudefduf	Pomacentridae	Pomacentridae	Panamic Sergeant Major	0	3272	False	False	False	ineligible	below_regional_or_global_threshold
481478	Abudefduf whitleyi	Abudefduf	Pomacentridae	Pomacentridae	Whitley's Sergeant	0	1122	False	False	False	ineligible	below_regional_or_global_threshold
606226	Altrichthys alelia	Altrichthys	Pomacentridae	Pomacentridae	Alelia's Damselfish	0	5	False	False	False	ineligible	below_regional_or_global_threshold
606222	Altrichthys azurelineatus	Altrichthys	Pomacentridae	Pomacentridae	Azure Damsel	0	16	False	False	False	ineligible	below_regional_or_global_threshold
606224	Altrichthys curatus	Altrichthys	Pomacentridae	Pomacentridae	Guardian Damsel	0	1	False	False	False	ineligible	below_regional_or_global_threshold
371763	Amblyglyphidodon flavilatus	Amblyglyphidodon	Pomacentridae	Pomacentridae	Yellow-side Damselfish	0	230	False	False	False	ineligible	below_regional_or_global_threshold
487247	Amblyglyphidodon flavopurpureus	Amblyglyphidodon	Pomacentridae	Pomacentridae	Cenderawasih Damselfish	0	1	False	False	False	ineligible	below_regional_or_global_threshold
619602	Amblyglyphidodon melanopterus	Amblyglyphidodon	Pomacentridae	Pomacentridae	Blackfin Damselfish	0	34	False	False	False	ineligible	below_regional_or_global_threshold
483889	Amblyglyphidodon orbicularis	Amblyglyphidodon	Pomacentridae	Pomacentridae	Orbicular Damselfish	0	410	False	False	False	ineligible	below_regional_or_global_threshold
1315921	Amblypomacentrus annulatus	Amblypomacentrus	Pomacentridae	Pomacentridae	Blackbarred Demoiselle	0	71	False	False	False	ineligible	below_regional_or_global_threshold
1316560	Amblypomacentrus tricinctus	Amblypomacentrus	Pomacentridae	Pomacentridae	Threeband Demoiselle	0	26	False	False	False	ineligible	below_regional_or_global_threshold
338421	Amphiprion akindynos	Amphiprion	Pomacentridae	Pomacentridae	Barrier Reef Anemonefish	0	1421	False	False	False	ineligible	below_regional_or_global_threshold
180787	Amphiprion allardi	Amphiprion	Pomacentridae	Pomacentridae	Allard's Anemonefish	0	414	False	False	False	ineligible	below_regional_or_global_threshold
1579630	Amphiprion annamensis	Amphiprion	Pomacentridae	Pomacentridae	Northern Saddleback Anemonefish	0	299	False	False	False	ineligible	below_regional_or_global_threshold
179871	Amphiprion barberi	Amphiprion	Pomacentridae	Pomacentridae	Fiji Tomato Anemonefish	0	705	False	False	False	ineligible	below_regional_or_global_threshold
343249	Amphiprion bicinctus	Amphiprion	Pomacentridae	Pomacentridae	Red Sea Anemonefish	0	1852	False	False	False	ineligible	below_regional_or_global_threshold
619607	Amphiprion chagosensis	Amphiprion	Pomacentridae	Pomacentridae	Chagos Anemonefish	0	1	False	False	False	ineligible	below_regional_or_global_threshold
484800	Amphiprion chrysogaster	Amphiprion	Pomacentridae	Pomacentridae	Mauritian Anemonefish	0	80	False	False	False	ineligible	below_regional_or_global_threshold
619608	Amphiprion fuscocaudatus	Amphiprion	Pomacentridae	Pomacentridae	Seychelles Anemonefish	0	22	False	False	False	ineligible	below_regional_or_global_threshold
517591	Amphiprion latezonatus	Amphiprion	Pomacentridae	Pomacentridae	Wideband Anemonefish	0	178	False	False	False	ineligible	below_regional_or_global_threshold
516038	Amphiprion latifasciatus	Amphiprion	Pomacentridae	Pomacentridae	Madagascar Anemonefish	0	91	False	False	False	ineligible	below_regional_or_global_threshold
1639672	Amphiprion maohiensis	Amphiprion	Pomacentridae	Pomacentridae	Polynesian anemonefish	0	225	False	False	False	ineligible	below_regional_or_global_threshold
516265	Amphiprion mccullochi	Amphiprion	Pomacentridae	Pomacentridae	McCulloch's Anemonefish	0	149	False	False	False	ineligible	below_regional_or_global_threshold
180380	Amphiprion nigripes	Amphiprion	Pomacentridae	Pomacentridae	Blackfin Anemonefish	0	572	False	False	False	ineligible	below_regional_or_global_threshold
619609	Amphiprion omanensis	Amphiprion	Pomacentridae	Pomacentridae	Oman Anemonefish	0	11	False	False	False	ineligible	below_regional_or_global_threshold
619610	Amphiprion pacificus	Amphiprion	Pomacentridae	Pomacentridae	Pacific Anemonefish	0	7	False	False	False	ineligible	below_regional_or_global_threshold
117751	Amphiprion rubrocinctus	Amphiprion	Pomacentridae	Pomacentridae	Australian Anemonefish	0	81	False	False	False	ineligible	below_regional_or_global_threshold
57756	Amphiprion tricinctus	Amphiprion	Pomacentridae	Pomacentridae	Three-band Anemonefish	0	222	False	False	False	ineligible	below_regional_or_global_threshold
1315937	Azurina atrilobata	Azurina	Pomacentridae	Pomacentridae	Scissortail Chromis	0	959	False	False	False	ineligible	below_regional_or_global_threshold
1315935	Azurina cyanea	Azurina	Pomacentridae	Pomacentridae	Blue Chromis	0	1862	False	False	False	ineligible	below_regional_or_global_threshold
95019	Azurina hirundo	Azurina	Pomacentridae	Pomacentridae	Swallow Damsel	0	7	False	False	False	ineligible	below_regional_or_global_threshold
1316758	Azurina intercrusma	Azurina	Pomacentridae	Pomacentridae	Peruvian Chromis	0	22	False	False	False	ineligible	below_regional_or_global_threshold
1315932	Azurina multilineata	Azurina	Pomacentridae	Pomacentridae	Brown Chromis	0	1595	False	False	False	ineligible	below_regional_or_global_threshold
530715	Chromis abyssicola	Chromis	Pomacentridae	Pomacentridae	Deepsea Puller	0	6	False	False	False	ineligible	below_regional_or_global_threshold
619613	Chromis albomaculata	Chromis	Pomacentridae	Pomacentridae	White-spotted chromis	0	1	False	False	False	ineligible	below_regional_or_global_threshold
97751	Chromis alta	Chromis	Pomacentridae	Pomacentridae	Silverstripe Chromis	0	92	False	False	False	ineligible	below_regional_or_global_threshold
1314369	Chromis anadema	Chromis	Pomacentridae	Pomacentridae	Indigo Chromis	0	19	False	False	False	ineligible	below_regional_or_global_threshold
619619	Chromis cadenati	Chromis	Pomacentridae	Pomacentridae	Cadenat's Chromis	0	1	False	False	False	ineligible	below_regional_or_global_threshold
118682	Chromis chromis	Chromis	Pomacentridae	Pomacentridae	Mediterranean Damselfish	0	6573	False	False	False	ineligible	below_regional_or_global_threshold
204606	Chromis chrysura	Chromis	Pomacentridae	Pomacentridae	Stout-body Chromis	0	189	False	False	False	ineligible	below_regional_or_global_threshold
619620	Chromis circumaurea	Chromis	Pomacentridae	Pomacentridae	Gold-rim Chromis	0	1	False	False	False	ineligible	below_regional_or_global_threshold
97753	Chromis crusma	Chromis	Pomacentridae	Pomacentridae	Valparaiso Chromis	0	37	False	False	False	ineligible	below_regional_or_global_threshold
415204	Chromis dasygenys	Chromis	Pomacentridae	Pomacentridae	Bluespotted Chromis	0	21	False	False	False	ineligible	below_regional_or_global_threshold
451337	Chromis dispila	Chromis	Pomacentridae	Pomacentridae	New Zealand Demoiselle	0	377	False	False	False	ineligible	below_regional_or_global_threshold
1316759	Chromis enchrysurus	Chromis	Pomacentridae	Pomacentridae	Yellowtail Chromis	0	18	False	False	False	ineligible	below_regional_or_global_threshold
619625	Chromis flavapicis	Chromis	Pomacentridae	Pomacentridae	Lemon Chromis	0	2	False	False	False	ineligible	below_regional_or_global_threshold
372160	Chromis flavaxilla	Chromis	Pomacentridae	Pomacentridae	Arabian Chromis	0	180	False	False	False	ineligible	below_regional_or_global_threshold
97755	Chromis flavicauda	Chromis	Pomacentridae	Pomacentridae	Yellowfin Chromis	0	1	False	False	False	ineligible	below_regional_or_global_threshold
357802	Chromis fumea	Chromis	Pomacentridae	Pomacentridae	Smoky Puller	0	49	False	False	False	ineligible	below_regional_or_global_threshold
447875	Chromis hypsilepis	Chromis	Pomacentridae	Pomacentridae	Onespot Puller	0	743	False	False	False	ineligible	below_regional_or_global_threshold
147106	Chromis insolata	Chromis	Pomacentridae	Pomacentridae	Sunshinefish	0	148	False	False	False	ineligible	below_regional_or_global_threshold
619627	Chromis jubauna	Chromis	Pomacentridae	Pomacentridae	Jubauna chromis	0	2	False	False	False	ineligible	below_regional_or_global_threshold
619628	Chromis kennensis	Chromis	Pomacentridae	Pomacentridae	Yellowspot Puller	0	53	False	False	False	ineligible	below_regional_or_global_threshold
522685	Chromis klunzingeri	Chromis	Pomacentridae	Pomacentridae	Blackhead Puller	0	274	False	False	False	ineligible	below_regional_or_global_threshold
342041	Chromis limbata	Chromis	Pomacentridae	Pomacentridae	Atlantic Damselfish	0	649	False	False	False	ineligible	below_regional_or_global_threshold
97757	Chromis limbaughi	Chromis	Pomacentridae	Pomacentridae	Limbaugh's Chromis	0	63	False	False	False	ineligible	below_regional_or_global_threshold
347663	Chromis lubbocki	Chromis	Pomacentridae	Pomacentridae	Lubbock's chromis	0	38	False	False	False	ineligible	below_regional_or_global_threshold
447715	Chromis nigroanalis	Chromis	Pomacentridae	Pomacentridae	Kenyan Chromis	0	3	False	False	False	ineligible	below_regional_or_global_threshold
358156	Chromis nitida	Chromis	Pomacentridae	Pomacentridae	Barrier Reef Chromis	0	461	False	False	False	ineligible	below_regional_or_global_threshold
1305905	Chromis norfolkensis	Chromis	Pomacentridae	Pomacentridae	Norfolk Chromis	0	86	False	False	False	ineligible	below_regional_or_global_threshold
469793	Chromis notata	Chromis	Pomacentridae	Pomacentridae	Pearl-spot Chromis	0	264	False	False	False	ineligible	below_regional_or_global_threshold
619632	Chromis okamurai	Chromis	Pomacentridae	Pomacentridae	Okinawa chromis	0	1	False	False	False	ineligible	below_regional_or_global_threshold
123318	Chromis ovalis	Chromis	Pomacentridae	Pomacentridae	Oval Chromis	0	113	False	False	False	ineligible	below_regional_or_global_threshold
97758	Chromis pembae	Chromis	Pomacentridae	Pomacentridae	Yellow-edge Chromis	0	64	False	False	False	ineligible	below_regional_or_global_threshold
97759	Chromis punctipinnis	Chromis	Pomacentridae	Pomacentridae	Blacksmith Chromis	0	832	False	False	False	ineligible	below_regional_or_global_threshold
619638	Chromis randalli	Chromis	Pomacentridae	Pomacentridae	Randall's Chromis	0	2	False	False	False	ineligible	below_regional_or_global_threshold
1305904	Chromis sahulensis	Chromis	Pomacentridae	Pomacentridae	Sahul Chromis	0	2	False	False	False	ineligible	below_regional_or_global_threshold
97760	Chromis sanctaehelenae	Chromis	Pomacentridae	Pomacentridae	St. Helena Chromis	0	2	False	False	False	ineligible	below_regional_or_global_threshold
147107	Chromis scotti	Chromis	Pomacentridae	Pomacentridae	Purple Reeffish	0	49	False	False	False	ineligible	below_regional_or_global_threshold
1015405	Chromis tingting	Chromis	Pomacentridae	Pomacentridae	Moonstone Chromis	0	7	False	False	False	ineligible	below_regional_or_global_threshold
1314216	Chromis torquata	Chromis	Pomacentridae	Pomacentridae	Darkbar Chromis	0	4	False	False	False	ineligible	below_regional_or_global_threshold
458014	Chromis trialpha	Chromis	Pomacentridae	Pomacentridae	Triplespot Chromis	0	6	False	False	False	ineligible	below_regional_or_global_threshold
128267	Chromis verater	Chromis	Pomacentridae	Pomacentridae	Three-spot Chromis	0	57	False	False	False	ineligible	below_regional_or_global_threshold
530717	Chromis westaustralis	Chromis	Pomacentridae	Pomacentridae	West Australian Puller	0	66	False	False	False	ineligible	below_regional_or_global_threshold
319336	Chromis woodsi	Chromis	Pomacentridae	Pomacentridae	Spiny chromis	0	2	False	False	False	ineligible	below_regional_or_global_threshold
619641	Chromis xanthopterygia	Chromis	Pomacentridae	Pomacentridae	Yellowfin chromis	0	14	False	False	False	ineligible	below_regional_or_global_threshold
619643	Chromis yamakawai	Chromis	Pomacentridae	Pomacentridae	Northern Yellow-spotted Chromis	0	4	False	False	False	ineligible	below_regional_or_global_threshold
786390	Chrysiptera burtjonesi	Chrysiptera	Pomacentridae	Pomacentridae	Burt's damselfish	0	18	False	False	False	ineligible	below_regional_or_global_threshold
516358	Chrysiptera caesifrons	Chrysiptera	Pomacentridae	Pomacentridae	Greyback Damselfish	0	225	False	False	False	ineligible	below_regional_or_global_threshold
424895	Chrysiptera chrysocephala	Chrysiptera	Pomacentridae	Pomacentridae	Orange-head Demoiselle	0	15	False	False	False	ineligible	below_regional_or_global_threshold
424789	Chrysiptera cymatilis	Chrysiptera	Pomacentridae	Pomacentridae	Milne Bay Damselfish	0	35	False	False	False	ineligible	below_regional_or_global_threshold
97804	Chrysiptera flavipinnis	Chrysiptera	Pomacentridae	Pomacentridae	Yellowfin demoiselle	0	117	False	False	False	ineligible	below_regional_or_global_threshold
502788	Chrysiptera galba	Chrysiptera	Pomacentridae	Pomacentridae	Canary demoiselle	0	13	False	False	False	ineligible	below_regional_or_global_threshold
619648	Chrysiptera niger	Chrysiptera	Pomacentridae	Pomacentridae	New Guinea Black Damselfish	0	1	False	False	False	ineligible	below_regional_or_global_threshold
491938	Chrysiptera notialis	Chrysiptera	Pomacentridae	Pomacentridae	Southern Demoiselle	0	89	False	False	False	ineligible	below_regional_or_global_threshold
1314676	Chrysiptera papuensis	Chrysiptera	Pomacentridae	Pomacentridae	Papuan blue damselfish	0	4	False	False	False	ineligible	below_regional_or_global_threshold
493745	Chrysiptera rapanui	Chrysiptera	Pomacentridae	Pomacentridae	Easter Island Damsel	0	11	False	False	False	ineligible	below_regional_or_global_threshold
619650	Chrysiptera sheila	Chrysiptera	Pomacentridae	Pomacentridae	Sheila's Damselfish	0	2	False	False	False	ineligible	below_regional_or_global_threshold
619651	Chrysiptera sinclairi	Chrysiptera	Pomacentridae	Pomacentridae	Sinclair's Demoiselle	0	1	False	False	False	ineligible	below_regional_or_global_threshold
468752	Chrysiptera starcki	Chrysiptera	Pomacentridae	Pomacentridae	Starck's Demoiselle	0	31	False	False	False	ineligible	below_regional_or_global_threshold
181017	Chrysiptera taupou	Chrysiptera	Pomacentridae	Pomacentridae	South Seas Demoiselle	0	937	False	False	False	ineligible	below_regional_or_global_threshold
619652	Chrysiptera traceyi	Chrysiptera	Pomacentridae	Pomacentridae	Tracey's Damselfish	0	234	False	False	False	ineligible	below_regional_or_global_threshold
121392	Dascyllus albisella	Dascyllus	Pomacentridae	Pomacentridae	Hawaiian Dascyllus	0	1119	False	False	False	ineligible	below_regional_or_global_threshold
446993	Dascyllus auripinnis	Dascyllus	Pomacentridae	Pomacentridae	Golden Domino Damsel	0	20	False	False	False	ineligible	below_regional_or_global_threshold
1654980	Dascyllus emamo	Dascyllus	Pomacentridae	Pomacentridae	Polynesian Humbug Dascyllus	0	347	False	False	False	ineligible	below_regional_or_global_threshold
619653	Dascyllus flavicaudus	Dascyllus	Pomacentridae	Pomacentridae	yellowtail dascyllus	0	204	False	False	False	ineligible	below_regional_or_global_threshold
362168	Dascyllus marginatus	Dascyllus	Pomacentridae	Pomacentridae	Red Sea Dascyllus	0	152	False	False	False	ineligible	below_regional_or_global_threshold
619654	Dascyllus strasburgi	Dascyllus	Pomacentridae	Pomacentridae	Strasburg's dascyllus	0	14	False	False	False	ineligible	below_regional_or_global_threshold
530718	Dischistodus darwiniensis	Dischistodus	Pomacentridae	Pomacentridae	Banded Damsel	0	4	False	False	False	ineligible	below_regional_or_global_threshold
53693	Hypsypops rubicundus	Hypsypops	Pomacentridae	Pomacentridae	Garibaldi	0	3717	False	False	False	ineligible	below_regional_or_global_threshold
513053	Mecaenichthys immaculatus	Mecaenichthys	Pomacentridae	Pomacentridae	Immaculate Damsel	0	1118	False	False	False	ineligible	below_regional_or_global_threshold
105831	Microspathodon bairdii	Microspathodon	Pomacentridae	Pomacentridae	Bumphead Damselfish	0	345	False	False	False	ineligible	below_regional_or_global_threshold
49753	Microspathodon chrysurus	Microspathodon	Pomacentridae	Pomacentridae	Yellowtail Damselfish	0	3232	False	False	False	ineligible	below_regional_or_global_threshold
105832	Microspathodon dorsalis	Microspathodon	Pomacentridae	Pomacentridae	Giant Damselfish	0	2280	False	False	False	ineligible	below_regional_or_global_threshold
619655	Microspathodon frontatus	Microspathodon	Pomacentridae	Pomacentridae	Guinean Damselfish	0	12	False	False	False	ineligible	below_regional_or_global_threshold
495187	Neoglyphidodon carlsoni	Neoglyphidodon	Pomacentridae	Pomacentridae	Carlson's Damselfish	0	35	False	False	False	ineligible	below_regional_or_global_threshold
619657	Neoglyphidodon mitratus	Neoglyphidodon	Pomacentridae	Pomacentridae	Eastern Barhead Damselfish	0	15	False	False	False	ineligible	below_regional_or_global_threshold
424819	Neoglyphidodon polyacanthus	Neoglyphidodon	Pomacentridae	Pomacentridae	Multispine Damsel	0	272	False	False	False	ineligible	below_regional_or_global_threshold
871166	Neopomacentrus aktites	Neopomacentrus	Pomacentridae	Pomacentridae	Western Australian Demoiselle	0	6	False	False	False	ineligible	below_regional_or_global_threshold
1313195	Neopomacentrus flavicauda	Neopomacentrus	Pomacentridae	Pomacentridae	Red Sea Demoiselle	0	13	False	False	False	ineligible	below_regional_or_global_threshold
619659	Neopomacentrus fuliginosus	Neopomacentrus	Pomacentridae	Pomacentridae	African Demoiselle	0	13	False	False	False	ineligible	below_regional_or_global_threshold
410716	Neopomacentrus metallicus	Neopomacentrus	Pomacentridae	Pomacentridae	Metallic Demoiselle	0	13	False	False	False	ineligible	below_regional_or_global_threshold
458009	Neopomacentrus miryae	Neopomacentrus	Pomacentridae	Pomacentridae	Miry's Demoiselle	0	85	False	False	False	ineligible	below_regional_or_global_threshold
619660	Neopomacentrus sindensis	Neopomacentrus	Pomacentridae	Pomacentridae	Arabian Demoiselle	0	2	False	False	False	ineligible	below_regional_or_global_threshold
107021	Nexilosus latifrons	Nexilosus	Pomacentridae	Pomacentridae	Coquito Sergeant	0	109	False	False	False	ineligible	below_regional_or_global_threshold
410546	Parma alboscapularis	Parma	Pomacentridae	Pomacentridae	New Zealand Black Angelfish	0	244	False	False	False	ineligible	below_regional_or_global_threshold
530719	Parma bicolor	Parma	Pomacentridae	Pomacentridae	Bicolor Scalyfin	0	11	False	False	False	ineligible	below_regional_or_global_threshold
447795	Parma kermadecensis	Parma	Pomacentridae	Pomacentridae	Kermadec Angelfish	0	16	False	False	False	ineligible	below_regional_or_global_threshold
516676	Parma mccullochi	Parma	Pomacentridae	Pomacentridae	McCulloch’s Scalyfin	0	389	False	False	False	ineligible	below_regional_or_global_threshold
511647	Parma microlepis	Parma	Pomacentridae	Pomacentridae	White-ear	0	2224	False	False	False	ineligible	below_regional_or_global_threshold
525079	Parma occidentalis	Parma	Pomacentridae	Pomacentridae	Western Scalyfin	0	437	False	False	False	ineligible	below_regional_or_global_threshold
518184	Parma oligolepis	Parma	Pomacentridae	Pomacentridae	Bigscale Scalyfin	0	217	False	False	False	ineligible	below_regional_or_global_threshold
493746	Parma polylepis	Parma	Pomacentridae	Pomacentridae	Banded Scalyfin	0	554	False	False	False	ineligible	below_regional_or_global_threshold
509791	Parma unifasciata	Parma	Pomacentridae	Pomacentridae	Girdled Scalyfin	0	877	False	False	False	ineligible	below_regional_or_global_threshold
108788	Parma victoriae	Parma	Pomacentridae	Pomacentridae	Scalyfin	0	1836	False	False	False	ineligible	below_regional_or_global_threshold
1325090	Plectroglyphidodon altus	Plectroglyphidodon	Pomacentridae	Pomacentridae	Japanese Gregory	0	2	False	False	False	ineligible	below_regional_or_global_threshold
1325091	Plectroglyphidodon apicalis	Plectroglyphidodon	Pomacentridae	Pomacentridae	Australian Gregory	0	346	False	False	False	ineligible	below_regional_or_global_threshold
1325092	Plectroglyphidodon aureus	Plectroglyphidodon	Pomacentridae	Pomacentridae	Golden gregory	0	12	False	False	False	ineligible	below_regional_or_global_threshold
1325093	Plectroglyphidodon emeryi	Plectroglyphidodon	Pomacentridae	Pomacentridae	Emery's gregory	0	2	False	False	False	ineligible	below_regional_or_global_threshold
1325094	Plectroglyphidodon fasciolatus	Plectroglyphidodon	Pomacentridae	Pomacentridae	Pacific Gregory	0	199	False	False	False	ineligible	below_regional_or_global_threshold
619662	Plectroglyphidodon flaviventris	Plectroglyphidodon	Pomacentridae	Pomacentridae	Yellowbelly Damselfish	0	1	False	False	False	ineligible	below_regional_or_global_threshold
1325089	Plectroglyphidodon gascoynei	Plectroglyphidodon	Pomacentridae	Pomacentridae	Coral Sea Gregory	0	317	False	False	False	ineligible	below_regional_or_global_threshold
203922	Plectroglyphidodon imparipennis	Plectroglyphidodon	Pomacentridae	Pomacentridae	Brighteye Damselfish	0	682	False	False	False	ineligible	below_regional_or_global_threshold
1325095	Plectroglyphidodon insularis	Plectroglyphidodon	Pomacentridae	Pomacentridae	Island Gregory	0	16	False	False	False	ineligible	below_regional_or_global_threshold
1325098	Plectroglyphidodon luteobrunneus	Plectroglyphidodon	Pomacentridae	Pomacentridae	Aldabra Gregory	0	16	False	False	False	ineligible	below_regional_or_global_threshold
1325096	Plectroglyphidodon marginatus	Plectroglyphidodon	Pomacentridae	Pomacentridae	Hawaiian Gregory	0	680	False	False	False	ineligible	below_regional_or_global_threshold
1325097	Plectroglyphidodon obreptus	Plectroglyphidodon	Pomacentridae	Pomacentridae	Western Gregory	0	92	False	False	False	ineligible	below_regional_or_global_threshold
57334	Plectroglyphidodon phoenixensis	Plectroglyphidodon	Pomacentridae	Pomacentridae	Phoenix Damsel	0	24	False	False	False	ineligible	below_regional_or_global_threshold
619664	Plectroglyphidodon sagmarius	Plectroglyphidodon	Pomacentridae	Pomacentridae	Marquesan Damselfish	0	2	False	False	False	ineligible	below_regional_or_global_threshold
464065	Plectroglyphidodon sindonis	Plectroglyphidodon	Pomacentridae	Pomacentridae	Hawaiian Rock Damsel	0	15	False	False	False	ineligible	below_regional_or_global_threshold
619665	Pomacentrus agassizii	Pomacentrus	Pomacentridae	Pomacentridae	Agassiz's Damselfish	0	2	False	False	False	ineligible	below_regional_or_global_threshold
786391	Pomacentrus albiaxillaris	Pomacentrus	Pomacentridae	Pomacentridae	White-axil damselfish	0	8	False	False	False	ineligible	below_regional_or_global_threshold
458016	Pomacentrus albicaudatus	Pomacentrus	Pomacentridae	Pomacentridae	Whitefin Damsel	0	3	False	False	False	ineligible	below_regional_or_global_threshold
619666	Pomacentrus albimaculus	Pomacentrus	Pomacentridae	Pomacentridae	Whitespot Damselfish	0	4	False	False	False	ineligible	below_regional_or_global_threshold
458019	Pomacentrus aquilus	Pomacentrus	Pomacentridae	Pomacentridae	Dark Damsel	0	26	False	False	False	ineligible	below_regional_or_global_threshold
619667	Pomacentrus arabicus	Pomacentrus	Pomacentridae	Pomacentridae	Arabian damsel	0	6	False	False	False	ineligible	below_regional_or_global_threshold
424708	Pomacentrus aurifrons	Pomacentrus	Pomacentridae	Pomacentridae	Goldhead Damselfish	0	120	False	False	False	ineligible	below_regional_or_global_threshold
508476	Pomacentrus australis	Pomacentrus	Pomacentridae	Pomacentridae	Australian Damsel	0	97	False	False	False	ineligible	below_regional_or_global_threshold
619670	Pomacentrus azuremaculatus	Pomacentrus	Pomacentridae	Pomacentridae	Bluespotted Damselfish	0	4	False	False	False	ineligible	below_regional_or_global_threshold
619671	Pomacentrus baenschi	Pomacentrus	Pomacentridae	Pomacentridae	Baensch's Damsel	0	17	False	False	False	ineligible	below_regional_or_global_threshold
619673	Pomacentrus bipunctatus	Pomacentrus	Pomacentridae	Pomacentridae	Pacific Cocoa Damselfish	0	15	False	False	False	ineligible	below_regional_or_global_threshold
619674	Pomacentrus caeruleopunctatus	Pomacentrus	Pomacentridae	Pomacentridae	large caerulean damselfish	0	1	False	False	False	ineligible	below_regional_or_global_threshold
341863	Pomacentrus caeruleus	Pomacentrus	Pomacentridae	Pomacentridae	Caerulean Damsel	0	253	False	False	False	ineligible	below_regional_or_global_threshold
110023	Pomacentrus callainus	Pomacentrus	Pomacentridae	Pomacentridae	Blue-green Damsel	0	184	False	False	False	ineligible	below_regional_or_global_threshold
619676	Pomacentrus colini	Pomacentrus	Pomacentridae	Pomacentridae	Colin's Damsel	0	7	False	False	False	ineligible	below_regional_or_global_threshold
1015406	Pomacentrus flavioculus	Pomacentrus	Pomacentridae	Pomacentridae	Yelloweye Damselfish	0	141	False	False	False	ineligible	below_regional_or_global_threshold
786392	Pomacentrus flavoaxillaris	Pomacentrus	Pomacentridae	Pomacentridae	Yellow-axil Damselfish	0	4	False	False	False	ineligible	below_regional_or_global_threshold
619678	Pomacentrus geminospilus	Pomacentrus	Pomacentridae	Pomacentridae	Sabah damsel	0	2	False	False	False	ineligible	below_regional_or_global_threshold
448412	Pomacentrus imitator	Pomacentrus	Pomacentridae	Pomacentridae	Imitator Damsel	0	16	False	False	False	ineligible	below_regional_or_global_threshold
447758	Pomacentrus indicus	Pomacentrus	Pomacentridae	Pomacentridae	Indian Damsel	0	137	False	False	False	ineligible	below_regional_or_global_threshold
429982	Pomacentrus leptus	Pomacentrus	Pomacentridae	Pomacentridae	Slender Damsel	0	20	False	False	False	ineligible	below_regional_or_global_threshold
530720	Pomacentrus limosus	Pomacentrus	Pomacentridae	Pomacentridae	Muddy Damsel	0	5	False	False	False	ineligible	below_regional_or_global_threshold
495189	Pomacentrus maafu	Pomacentrus	Pomacentridae	Pomacentridae	Coral Damselfish	0	330	False	False	False	ineligible	below_regional_or_global_threshold
537726	Pomacentrus magniseptus	Pomacentrus	Pomacentridae	Pomacentridae	Blackfin damselfish	0	28	False	False	False	ineligible	below_regional_or_global_threshold
568871	Pomacentrus micronesicus	Pomacentrus	Pomacentridae	Pomacentridae	Micronesian Damselfish	0	33	False	False	False	ineligible	below_regional_or_global_threshold
491542	Pomacentrus microspilus	Pomacentrus	Pomacentridae	Pomacentridae	Fiji Damselfish	0	56	False	False	False	ineligible	below_regional_or_global_threshold
110024	Pomacentrus milleri	Pomacentrus	Pomacentridae	Pomacentridae	Miller's Damsel	0	39	False	False	False	ineligible	below_regional_or_global_threshold
786393	Pomacentrus nigriradiatus	Pomacentrus	Pomacentridae	Pomacentridae	Blackray Damselfish	0	64	False	False	False	ineligible	below_regional_or_global_threshold
619682	Pomacentrus pikei	Pomacentrus	Pomacentridae	Pomacentridae	Blacklip Damsel	0	3	False	False	False	ineligible	below_regional_or_global_threshold
619683	Pomacentrus polyspinus	Pomacentrus	Pomacentridae	Pomacentridae	Thai damsel	0	17	False	False	False	ineligible	below_regional_or_global_threshold
619684	Pomacentrus proteus	Pomacentrus	Pomacentridae	Pomacentridae	Colombo Damsel	0	8	False	False	False	ineligible	below_regional_or_global_threshold
495525	Pomacentrus spilotoceps	Pomacentrus	Pomacentridae	Pomacentridae	Spotted-cheek Damselfish	0	107	False	False	False	ineligible	below_regional_or_global_threshold
119310	Pomacentrus sulfureus	Pomacentrus	Pomacentridae	Pomacentridae	Sulfur Damsel	0	1242	False	False	False	ineligible	below_regional_or_global_threshold
354587	Pomacentrus trichrourus	Pomacentrus	Pomacentridae	Pomacentridae	Paletail Damsel	0	151	False	False	False	ineligible	below_regional_or_global_threshold
458011	Pomacentrus trilineatus	Pomacentrus	Pomacentridae	Pomacentridae	Threeline Damsel	0	44	False	False	False	ineligible	below_regional_or_global_threshold
110026	Pomacentrus wardi	Pomacentrus	Pomacentridae	Pomacentridae	Ward's Damsel	0	133	False	False	False	ineligible	below_regional_or_global_threshold
1376771	Pomacentrus xanthocercus	Pomacentrus	Pomacentridae	Pomacentridae	Atoll Demoiselle	0	58	False	False	False	ineligible	below_regional_or_global_threshold
619689	Pomacentrus xanthosternus	Pomacentrus	Pomacentridae	Pomacentridae	Yellowbreasted Damselfish	0	6	False	False	False	ineligible	below_regional_or_global_threshold
619690	Pomacentrus yoshii	Pomacentrus	Pomacentridae	Pomacentridae	Golden Demoiselle	0	14	False	False	False	ineligible	below_regional_or_global_threshold
619691	Pomachromis exilis	Pomachromis	Pomacentridae	Pomacentridae	Slender reef-damsel	0	5	False	False	False	ineligible	below_regional_or_global_threshold
619692	Pomachromis fuscidorsalis	Pomachromis	Pomacentridae	Pomacentridae	Tahitian Reef-damsel	0	20	False	False	False	ineligible	below_regional_or_global_threshold
619693	Pomachromis guamensis	Pomachromis	Pomacentridae	Pomacentridae	Guam Damsel	0	24	False	False	False	ineligible	below_regional_or_global_threshold
334965	Pomachromis richardsoni	Pomachromis	Pomacentridae	Pomacentridae	Richardson's Damsel	0	39	False	False	False	ineligible	below_regional_or_global_threshold
458021	Pristotis cyanostigma	Pristotis	Pomacentridae	Pomacentridae	Bluedotted Damsel	0	3	False	False	False	ineligible	below_regional_or_global_threshold
1315113	Pycnochromis abruptus	Pycnochromis	Pomacentridae	Pomacentridae	Marquesan white-tail chromis	0	7	False	False	False	ineligible	below_regional_or_global_threshold
1316559	Pycnochromis acares	Pycnochromis	Pomacentridae	Pomacentridae	Midget Chromis	0	79	False	False	False	ineligible	below_regional_or_global_threshold
1316764	Pycnochromis agilis	Pycnochromis	Pomacentridae	Pomacentridae	Reef Puller	0	14	False	False	False	ineligible	below_regional_or_global_threshold
1313140	Pycnochromis alleni	Pycnochromis	Pomacentridae	Pomacentridae	Allen's Chromis	0	4	False	False	False	ineligible	below_regional_or_global_threshold
1360043	Pycnochromis bami	Pycnochromis	Pomacentridae	Pomacentridae	Pitcairn Chromis	0	4	False	False	False	ineligible	below_regional_or_global_threshold
1316762	Pycnochromis dimidiatus	Pycnochromis	Pomacentridae	Pomacentridae	Red Sea Half-and-half Chromis	0	585	False	False	False	ineligible	below_regional_or_global_threshold
1316558	Pycnochromis hanui	Pycnochromis	Pomacentridae	Pomacentridae	Chocolate-dip Chromis	0	108	False	False	False	ineligible	below_regional_or_global_threshold
1314754	Pycnochromis howsoni	Pycnochromis	Pomacentridae	Pomacentridae	Howson's Chromis	0	1	False	False	False	ineligible	below_regional_or_global_threshold
1316139	Pycnochromis iomelas	Pycnochromis	Pomacentridae	Pomacentridae	Pacific Half-and-half Chromis	0	219	False	False	False	ineligible	below_regional_or_global_threshold
1316756	Pycnochromis leucurus	Pycnochromis	Pomacentridae	Pomacentridae	Whitetail chromis	0	4	False	False	False	ineligible	below_regional_or_global_threshold
1316754	Pycnochromis nigrurus	Pycnochromis	Pomacentridae	Pomacentridae	Blacktail Chromis	0	94	False	False	False	ineligible	below_regional_or_global_threshold
1316753	Pycnochromis ovatiformis	Pycnochromis	Pomacentridae	Pomacentridae	Ovate Chromis	0	29	False	False	False	ineligible	below_regional_or_global_threshold
1313512	Pycnochromis pacifica	Pycnochromis	Pomacentridae	Pomacentridae	Pacific Bronze Chromis	0	288	False	False	False	ineligible	below_regional_or_global_threshold
1316596	Pycnochromis vanderbilti	Pycnochromis	Pomacentridae	Pomacentridae	Blackfin Chromis	0	459	False	False	False	ineligible	below_regional_or_global_threshold
347662	Similiparma hermani	Similiparma	Pomacentridae	Pomacentridae	Cape Damsel	0	29	False	False	False	ineligible	below_regional_or_global_threshold
1256672	Similiparma lurida	Similiparma	Pomacentridae	Pomacentridae	Canary Damsel	0	1238	False	False	False	ineligible	below_regional_or_global_threshold
113101	Stegastes acapulcoensis	Stegastes	Pomacentridae	Pomacentridae	Acapulco Major	0	1684	False	False	False	ineligible	below_regional_or_global_threshold
49923	Stegastes adustus	Stegastes	Pomacentridae	Pomacentridae	Dusky Damselfish	0	986	False	False	False	ineligible	below_regional_or_global_threshold
57343	Stegastes arcifrons	Stegastes	Pomacentridae	Pomacentridae	Galápagos Gregory	0	923	False	False	False	ineligible	below_regional_or_global_threshold
113103	Stegastes beebei	Stegastes	Pomacentridae	Pomacentridae	Galápagos Ringtail Damselfish	0	691	False	False	False	ineligible	below_regional_or_global_threshold
128185	Stegastes diencaeus	Stegastes	Pomacentridae	Pomacentridae	Longfin Damselfish	0	1106	False	False	False	ineligible	below_regional_or_global_threshold
113104	Stegastes flavilatus	Stegastes	Pomacentridae	Pomacentridae	Beaubrummel	0	760	False	False	False	ineligible	below_regional_or_global_threshold
49924	Stegastes fuscus	Stegastes	Pomacentridae	Pomacentridae	Brazilian damselfish	0	298	False	False	False	ineligible	below_regional_or_global_threshold
63414	Stegastes imbricatus	Stegastes	Pomacentridae	Pomacentridae	Cape Verde Gregory	0	77	False	False	False	ineligible	below_regional_or_global_threshold
113106	Stegastes leucorus	Stegastes	Pomacentridae	Pomacentridae	Whitetail Major	0	79	False	False	False	ineligible	below_regional_or_global_threshold
180708	Stegastes leucostictus	Stegastes	Pomacentridae	Pomacentridae	Beaugregory	0	1477	False	False	False	ineligible	below_regional_or_global_threshold
485286	Stegastes limbatus	Stegastes	Pomacentridae	Pomacentridae	Ebony Gregory	0	54	False	False	False	ineligible	below_regional_or_global_threshold
118918	Stegastes lividus	Stegastes	Pomacentridae	Pomacentridae	Marquesan Gregory	0	2	False	False	False	ineligible	below_regional_or_global_threshold
619696	Stegastes otophorus	Stegastes	Pomacentridae	Pomacentridae	Freshwater gregory	0	9	False	False	False	ineligible	below_regional_or_global_threshold
128183	Stegastes partitus	Stegastes	Pomacentridae	Pomacentridae	Bicolor Damselfish	0	1633	False	False	False	ineligible	below_regional_or_global_threshold
485011	Stegastes pelicieri	Stegastes	Pomacentridae	Pomacentridae	Mauritian Gregory	0	19	False	False	False	ineligible	below_regional_or_global_threshold
619697	Stegastes pictus	Stegastes	Pomacentridae	Pomacentridae	yellowtip damselfish	0	14	False	False	False	ineligible	below_regional_or_global_threshold
49304	Stegastes planifrons	Stegastes	Pomacentridae	Pomacentridae	Threespot Damselfish	0	1622	False	False	False	ineligible	below_regional_or_global_threshold
113107	Stegastes rectifraenum	Stegastes	Pomacentridae	Pomacentridae	Cortez Damselfish	0	238	False	False	False	ineligible	below_regional_or_global_threshold
113108	Stegastes redemptus	Stegastes	Pomacentridae	Pomacentridae	Clarión Major	0	114	False	False	False	ineligible	below_regional_or_global_threshold
619698	Stegastes rocasensis	Stegastes	Pomacentridae	Pomacentridae	Rocas Gregory	0	59	False	False	False	ineligible	below_regional_or_global_threshold
113109	Stegastes sanctaehelenae	Stegastes	Pomacentridae	Pomacentridae	Saint Helena Gregory	0	2	False	False	False	ineligible	below_regional_or_global_threshold
1023724	Stegastes variabilis	Stegastes	Pomacentridae	Pomacentridae	Brazilian Cocoa Damselfish	0	199	False	False	False	ineligible	below_regional_or_global_threshold
619700	Stegastes xanthurus	Stegastes	Pomacentridae	Pomacentridae	Caribbean Cocoa Damselfish	0	812	False	False	False	ineligible	below_regional_or_global_threshold
113829	Teixeirichthys jordani	Teixeirichthys	Pomacentridae	Pomacentridae	Jordan's Damsel	0	17	False	False	False	ineligible	below_regional_or_global_threshold
49639	Cephalopholis miniata	Cephalopholis	Serranidae	Epinephelidae	Coral Grouper	512	2713	True	True	True	common_target_pretraining	requested_target_meets_abundance_thresholds
52456	Cephalopholis argus	Cephalopholis	Serranidae	Epinephelidae	Peacock Grouper	392	3675	True	True	True	common_target_pretraining	requested_target_meets_abundance_thresholds
96992	Cephalopholis cyanostigma	Cephalopholis	Serranidae	Epinephelidae	Bluespotted Grouper	330	1078	True	True	True	common_target_pretraining	requested_target_meets_abundance_thresholds
100121	Epinephelus merra	Epinephelus	Serranidae	Epinephelidae	Honeycomb Grouper	327	2392	True	True	True	common_target_pretraining	requested_target_meets_abundance_thresholds
100099	Epinephelus fasciatus	Epinephelus	Serranidae	Epinephelidae	Blacktip Grouper	275	1999	True	True	True	common_target_pretraining	requested_target_meets_abundance_thresholds
97007	Cephalopholis urodeta	Cephalopholis	Serranidae	Epinephelidae	Flagtail Grouper	235	881	True	True	True	common_target_pretraining	requested_target_meets_abundance_thresholds
93453	Aethaloperca rogaa	Aethaloperca	Serranidae	Epinephelidae	Redmouth Grouper	102	504	True	True	True	common_target_pretraining	requested_target_meets_abundance_thresholds
1316661	Chromileptes altivelis	Chromileptes	Serranidae	Epinephelidae	Humpback Grouper	357	1014	True	False	True	broad_pretraining	regional_and_global_abundance
94231	Anyperodon leucogrammicus	Anyperodon	Serranidae	Epinephelidae	Slender Grouper	294	894	True	False	True	broad_pretraining	regional_and_global_abundance
100124	Epinephelus ongus	Epinephelus	Serranidae	Epinephelidae	Specklefin Grouper	174	514	True	False	True	broad_pretraining	regional_and_global_abundance
56559	Epinephelus fuscoguttatus	Epinephelus	Serranidae	Epinephelidae	Flowery Rockcod	121	672	True	False	True	broad_pretraining	regional_and_global_abundance
114930	Variola louti	Variola	Serranidae	Epinephelidae	Yellow-edged Lyretail	105	1082	True	False	True	broad_pretraining	regional_and_global_abundance
109743	Plectropomus leopardus	Plectropomus	Serranidae	Epinephelidae	Leopard Coralgrouper	44	2023	True	False	True	novel_evaluation	held_out_for_unseen_species_evaluation
114929	Variola albimarginata	Variola	Serranidae	Epinephelidae	White-edged Lyretail	205	372	False	True	False	rare_target_holdout	requested_target_below_abundance_thresholds
97004	Cephalopholis sonnerati	Cephalopholis	Serranidae	Epinephelidae	Tomato Grouper	64	252	False	True	False	rare_target_holdout	requested_target_below_abundance_thresholds
100077	Epinephelus areolatus	Epinephelus	Serranidae	Epinephelidae	Areolate Grouper	58	202	False	True	False	rare_target_holdout	requested_target_below_abundance_thresholds
96990	Cephalopholis boenak	Cephalopholis	Serranidae	Epinephelidae	Chocolate Grouper	60	973	True	False	False	eligible_not_selected	genus_quota_reached
100130	Epinephelus quoyanus	Epinephelus	Serranidae	Epinephelidae	Longfin Rockcod	50	1117	True	False	False	eligible_not_selected	genus_quota_reached
109745	Plectropomus oligacanthus	Plectropomus	Serranidae	Epinephelidae	Highfin Coralgrouper	106	186	False	False	False	ineligible	below_regional_or_global_threshold
96996	Cephalopholis leopardus	Cephalopholis	Serranidae	Epinephelidae	Leopard Grouper	94	275	False	False	False	ineligible	below_regional_or_global_threshold
97005	Cephalopholis spiloparaea	Cephalopholis	Serranidae	Epinephelidae	Strawberry Grouper	91	249	False	False	False	ineligible	below_regional_or_global_threshold
97003	Cephalopholis sexmaculata	Cephalopholis	Serranidae	Epinephelidae	Saddle Grouper	85	357	False	False	False	ineligible	below_regional_or_global_threshold
109741	Plectropomus areolatus	Plectropomus	Serranidae	Epinephelidae	Squaretail Coralgrouper	69	325	False	False	False	ineligible	below_regional_or_global_threshold
100116	Epinephelus maculatus	Epinephelus	Serranidae	Epinephelidae	Highfin Grouper	67	471	False	False	False	ineligible	below_regional_or_global_threshold
101780	Gracila albomarginata	Gracila	Serranidae	Epinephelidae	Masked Grouper	64	263	False	False	False	ineligible	below_regional_or_global_threshold
100088	Epinephelus coeruleopunctatus	Epinephelus	Serranidae	Epinephelidae	Whitespotted Grouper	63	399	False	False	False	ineligible	below_regional_or_global_threshold
96997	Cephalopholis microprion	Cephalopholis	Serranidae	Epinephelidae	Freckled Grouper	55	196	False	False	False	ineligible	below_regional_or_global_threshold
100090	Epinephelus corallicola	Epinephelus	Serranidae	Epinephelidae	Coral Grouper	30	116	False	False	False	ineligible	below_regional_or_global_threshold
100136	Epinephelus spilotoceps	Epinephelus	Serranidae	Epinephelidae	Foursaddle Grouper	23	265	False	False	False	ineligible	below_regional_or_global_threshold
100081	Epinephelus bontoides	Epinephelus	Serranidae	Epinephelidae	Palemargin Grouper	17	30	False	False	False	ineligible	below_regional_or_global_threshold
100089	Epinephelus coioides	Epinephelus	Serranidae	Epinephelidae	Goldspotted Rockcod	17	858	False	False	False	ineligible	below_regional_or_global_threshold
109742	Plectropomus laevis	Plectropomus	Serranidae	Epinephelidae	Blacksaddle Coralgrouper	17	859	False	False	False	ineligible	below_regional_or_global_threshold
109744	Plectropomus maculatus	Plectropomus	Serranidae	Epinephelidae	Spotted Coral Grouper	16	600	False	False	False	ineligible	below_regional_or_global_threshold
54941	Cephalopholis formosa	Cephalopholis	Serranidae	Epinephelidae	Bluelined Rockcod	13	501	False	False	False	ineligible	below_regional_or_global_threshold
187213	Cephalopholis nigripinnis	Cephalopholis	Serranidae	Epinephelidae	Darkfin Hind	13	124	False	False	False	ineligible	below_regional_or_global_threshold
100079	Epinephelus bilobatus	Epinephelus	Serranidae	Epinephelidae	Twinspot Grouper	10	45	False	False	False	ineligible	below_regional_or_global_threshold
100127	Epinephelus polyphekadion	Epinephelus	Serranidae	Epinephelidae	Camouflage Grouper	10	611	False	False	False	ineligible	below_regional_or_global_threshold
100118	Epinephelus malabaricus	Epinephelus	Serranidae	Epinephelidae	Malabar Grouper	9	459	False	False	False	ineligible	below_regional_or_global_threshold
100120	Epinephelus melanostigma	Epinephelus	Serranidae	Epinephelidae	Oneblotch Grouper	9	27	False	False	False	ineligible	below_regional_or_global_threshold
100115	Epinephelus macrospilos	Epinephelus	Serranidae	Epinephelidae	Snubnose Grouper	6	156	False	False	False	ineligible	below_regional_or_global_threshold
100134	Epinephelus sexfasciatus	Epinephelus	Serranidae	Epinephelidae	Sixbar Grouper	6	39	False	False	False	ineligible	below_regional_or_global_threshold
100146	Epinephelus undulosus	Epinephelus	Serranidae	Epinephelidae	Wavy-lined Grouper	6	13	False	False	False	ineligible	below_regional_or_global_threshold
97001	Cephalopholis polleni	Cephalopholis	Serranidae	Epinephelidae	Harlequin Hind	5	58	False	False	False	ineligible	below_regional_or_global_threshold
100114	Epinephelus longispinis	Epinephelus	Serranidae	Epinephelidae	Longspine Grouper	5	65	False	False	False	ineligible	below_regional_or_global_threshold
100106	Epinephelus hexagonatus	Epinephelus	Serranidae	Epinephelidae	Wirenet Rockcod	4	163	False	False	False	ineligible	below_regional_or_global_threshold
100111	Epinephelus lanceolatus	Epinephelus	Serranidae	Epinephelidae	Giant Grouper	4	371	False	False	False	ineligible	below_regional_or_global_threshold
100080	Epinephelus bleekeri	Epinephelus	Serranidae	Epinephelidae	Duskytail Grouper	3	103	False	False	False	ineligible	below_regional_or_global_threshold
100122	Epinephelus miliaris	Epinephelus	Serranidae	Epinephelidae	Netfin Grouper	3	12	False	False	False	ineligible	below_regional_or_global_threshold
100092	Epinephelus cyanopodus	Epinephelus	Serranidae	Epinephelidae	Purple Rockcod	2	210	False	False	False	ineligible	below_regional_or_global_threshold
100097	Epinephelus erythrurus	Epinephelus	Serranidae	Epinephelidae	Cloudy Grouper	2	85	False	False	False	ineligible	below_regional_or_global_threshold
96995	Cephalopholis igarashiensis	Cephalopholis	Serranidae	Epinephelidae	Garish Hind	1	6	False	False	False	ineligible	below_regional_or_global_threshold
1313376	Epinephelus insularis	Epinephelus	Serranidae	Epinephelidae	Insular Grouper	1	3	False	False	False	ineligible	below_regional_or_global_threshold
50114	Epinephelus morrhua	Epinephelus	Serranidae	Epinephelidae	Comet Grouper	1	12	False	False	False	ineligible	below_regional_or_global_threshold
100128	Epinephelus polystigma	Epinephelus	Serranidae	Epinephelidae	Whitedotted Grouper	1	2	False	False	False	ineligible	below_regional_or_global_threshold
100131	Epinephelus radiatus	Epinephelus	Serranidae	Epinephelidae	Radiant Rockcod	1	11	False	False	False	ineligible	below_regional_or_global_threshold
100141	Epinephelus tauvina	Epinephelus	Serranidae	Epinephelidae	Greasy Rockcod	1	542	False	False	False	ineligible	below_regional_or_global_threshold
93713	Alphestes afer	Alphestes	Serranidae	Epinephelidae	Atlantic Mutton Hamlet	0	54	False	False	False	ineligible	below_regional_or_global_threshold
93714	Alphestes immaculatus	Alphestes	Serranidae	Epinephelidae	Pacific Mutton Hamlet	0	334	False	False	False	ineligible	below_regional_or_global_threshold
93715	Alphestes multiguttatus	Alphestes	Serranidae	Epinephelidae	Rivulated Mutton Hamlet	0	20	False	False	False	ineligible	below_regional_or_global_threshold
179641	Centropristis ocyurus	Centropristis	Serranidae	Serranidae	Bank Sea Bass	0	35	False	False	False	ineligible	below_regional_or_global_threshold
179639	Centropristis philadelphica	Centropristis	Serranidae	Serranidae	Rock Sea Bass	0	121	False	False	False	ineligible	below_regional_or_global_threshold
83439	Centropristis striata	Centropristis	Serranidae	Serranidae	Black Sea Bass	0	2086	False	False	False	ineligible	below_regional_or_global_threshold
96989	Cephalopholis aurantia	Cephalopholis	Serranidae	Epinephelidae	Golden Hind	0	2	False	False	False	ineligible	below_regional_or_global_threshold
1439800	Cephalopholis colonus	Cephalopholis	Serranidae	Epinephelidae	Pacific Creolefish	0	1085	False	False	False	ineligible	below_regional_or_global_threshold
96991	Cephalopholis cruentata	Cephalopholis	Serranidae	Epinephelidae	Graysby	0	2128	False	False	False	ineligible	below_regional_or_global_threshold
96993	Cephalopholis fulva	Cephalopholis	Serranidae	Epinephelidae	Coney	0	1358	False	False	False	ineligible	below_regional_or_global_threshold
96994	Cephalopholis hemistiktos	Cephalopholis	Serranidae	Epinephelidae	Yellowfin Hind	0	479	False	False	False	ineligible	below_regional_or_global_threshold
96998	Cephalopholis nigri	Cephalopholis	Serranidae	Epinephelidae	Niger Hind	0	28	False	False	False	ineligible	below_regional_or_global_threshold
96999	Cephalopholis oligosticta	Cephalopholis	Serranidae	Epinephelidae	Vermilion Hind	0	3	False	False	False	ineligible	below_regional_or_global_threshold
97000	Cephalopholis panamensis	Cephalopholis	Serranidae	Epinephelidae	Pacific Graysby	0	826	False	False	False	ineligible	below_regional_or_global_threshold
97002	Cephalopholis polyspila	Cephalopholis	Serranidae	Epinephelidae	Andaman Hind	0	45	False	False	False	ineligible	below_regional_or_global_threshold
97006	Cephalopholis taeniops	Cephalopholis	Serranidae	Epinephelidae	African Hind	0	124	False	False	False	ineligible	below_regional_or_global_threshold
620567	Chelidoperca hirundinacea	Chelidoperca	Serranidae	Serranidae		0	2	False	False	False	ineligible	below_regional_or_global_threshold
620572	Chelidoperca pleurospilus	Chelidoperca	Serranidae	Serranidae		0	1	False	False	False	ineligible	below_regional_or_global_threshold
98625	Cratinus agassizii	Cratinus	Serranidae	Serranidae		0	6	False	False	False	ineligible	below_regional_or_global_threshold
83293	Dermatolepis dermatolepis	Dermatolepis	Serranidae	Epinephelidae	Leather Bass	0	241	False	False	False	ineligible	below_regional_or_global_threshold
82505	Dermatolepis inermis	Dermatolepis	Serranidae	Epinephelidae	Marbled Grouper	0	13	False	False	False	ineligible	below_regional_or_global_threshold
99207	Dermatolepis striolata	Dermatolepis	Serranidae	Epinephelidae	Smooth Grouper	0	24	False	False	False	ineligible	below_regional_or_global_threshold
131458	Diplectrum bivittatum	Diplectrum	Serranidae	Serranidae	Dwarf Sand Perch	0	92	False	False	False	ineligible	below_regional_or_global_threshold
49621	Diplectrum conceptione	Diplectrum	Serranidae	Serranidae	Squirrelfish	0	7	False	False	False	ineligible	below_regional_or_global_threshold
99332	Diplectrum eumelum	Diplectrum	Serranidae	Serranidae		0	4	False	False	False	ineligible	below_regional_or_global_threshold
99333	Diplectrum euryplectrum	Diplectrum	Serranidae	Serranidae	Bighead Sand Perch	0	2	False	False	False	ineligible	below_regional_or_global_threshold
49421	Diplectrum formosum	Diplectrum	Serranidae	Serranidae	Sand Perch	0	667	False	False	False	ineligible	below_regional_or_global_threshold
99334	Diplectrum labarum	Diplectrum	Serranidae	Serranidae		0	2	False	False	False	ineligible	below_regional_or_global_threshold
99335	Diplectrum maximum	Diplectrum	Serranidae	Serranidae	Torpedo Sand Perch	0	7	False	False	False	ineligible	below_regional_or_global_threshold
99336	Diplectrum pacificum	Diplectrum	Serranidae	Serranidae	Inshore Sand Perch	0	19	False	False	False	ineligible	below_regional_or_global_threshold
620578	Diplectrum radiale	Diplectrum	Serranidae	Serranidae	Pond Perch	0	21	False	False	False	ineligible	below_regional_or_global_threshold
99338	Diplectrum sciurus	Diplectrum	Serranidae	Serranidae		0	2	False	False	False	ineligible	below_regional_or_global_threshold
620581	Dules auriga	Dules	Serranidae	Serranidae	Whipfin Bass	0	9	False	False	False	ineligible	below_regional_or_global_threshold
49496	Epinephelus adscensionis	Epinephelus	Serranidae	Epinephelidae	Rock Hind	0	255	False	False	False	ineligible	below_regional_or_global_threshold
68118	Epinephelus aeneus	Epinephelus	Serranidae	Epinephelidae	White Grouper	0	175	False	False	False	ineligible	below_regional_or_global_threshold
49638	Epinephelus akaara	Epinephelus	Serranidae	Epinephelidae	Hong Kong Grouper	0	57	False	False	False	ineligible	below_regional_or_global_threshold
100074	Epinephelus amblycephalus	Epinephelus	Serranidae	Epinephelidae	Banded Grouper	0	3	False	False	False	ineligible	below_regional_or_global_threshold
100075	Epinephelus analogus	Epinephelus	Serranidae	Epinephelidae	Spotted Grouper	0	38	False	False	False	ineligible	below_regional_or_global_threshold
100076	Epinephelus andersoni	Epinephelus	Serranidae	Epinephelidae	Catface Grouper	0	26	False	False	False	ineligible	below_regional_or_global_threshold
100078	Epinephelus awoara	Epinephelus	Serranidae	Epinephelidae	Yellow Grouper	0	61	False	False	False	ineligible	below_regional_or_global_threshold
100082	Epinephelus bruneus	Epinephelus	Serranidae	Epinephelidae	Longtooth Grouper	0	23	False	False	False	ineligible	below_regional_or_global_threshold
100083	Epinephelus caninus	Epinephelus	Serranidae	Epinephelidae	Dogtooth Grouper	0	36	False	False	False	ineligible	below_regional_or_global_threshold
52556	Epinephelus chlorostigma	Epinephelus	Serranidae	Epinephelidae	Brownspotted Grouper	0	2	False	False	False	ineligible	below_regional_or_global_threshold
100087	Epinephelus clippertonensis	Epinephelus	Serranidae	Epinephelidae	Clipperton Grouper	0	35	False	False	False	ineligible	below_regional_or_global_threshold
100091	Epinephelus costae	Epinephelus	Serranidae	Epinephelidae	Gold Blotch Grouper	0	1135	False	False	False	ineligible	below_regional_or_global_threshold
1314059	Epinephelus craigi	Epinephelus	Serranidae	Epinephelidae	Brokenbar Grouper	0	1	False	False	False	ineligible	below_regional_or_global_threshold
100093	Epinephelus daemelii	Epinephelus	Serranidae	Epinephelidae	Black Rockcod	0	253	False	False	False	ineligible	below_regional_or_global_threshold
100094	Epinephelus diacanthus	Epinephelus	Serranidae	Epinephelidae	Spinycheek Grouper	0	20	False	False	False	ineligible	below_regional_or_global_threshold
100096	Epinephelus epistictus	Epinephelus	Serranidae	Epinephelidae	Dotted Grouper	0	4	False	False	False	ineligible	below_regional_or_global_threshold
100098	Epinephelus fasciatomaculosus	Epinephelus	Serranidae	Epinephelidae	Rock Grouper	0	53	False	False	False	ineligible	below_regional_or_global_threshold
100100	Epinephelus faveatus	Epinephelus	Serranidae	Epinephelidae	Barred-chest Grouper	0	11	False	False	False	ineligible	below_regional_or_global_threshold
100101	Epinephelus flavocaeruleus	Epinephelus	Serranidae	Epinephelidae	Blue-and-yellow Grouper	0	77	False	False	False	ineligible	below_regional_or_global_threshold
100102	Epinephelus gabriellae	Epinephelus	Serranidae	Epinephelidae	Multispotted Grouper	0	1	False	False	False	ineligible	below_regional_or_global_threshold
1090924	Epinephelus geoffroyi	Epinephelus	Serranidae	Epinephelidae	Red Sea Spotted Grouper	0	10	False	False	False	ineligible	below_regional_or_global_threshold
100103	Epinephelus goreensis	Epinephelus	Serranidae	Epinephelidae	Dungat Grouper	0	1	False	False	False	ineligible	below_regional_or_global_threshold
100104	Epinephelus guttatus	Epinephelus	Serranidae	Epinephelidae	Red Hind	0	616	False	False	False	ineligible	below_regional_or_global_threshold
100105	Epinephelus heniochus	Epinephelus	Serranidae	Epinephelidae	Threeline Rockcod	0	1	False	False	False	ineligible	below_regional_or_global_threshold
100107	Epinephelus howlandi	Epinephelus	Serranidae	Epinephelidae	Blacksaddle Rockcod	0	104	False	False	False	ineligible	below_regional_or_global_threshold
100109	Epinephelus irroratus	Epinephelus	Serranidae	Epinephelidae	Marquesan Grouper	0	2	False	False	False	ineligible	below_regional_or_global_threshold
100110	Epinephelus itajara	Epinephelus	Serranidae	Epinephelidae	Atlantic Goliath Grouper	0	615	False	False	False	ineligible	below_regional_or_global_threshold
67529	Epinephelus labriformis	Epinephelus	Serranidae	Epinephelidae	Starry Grouper	0	1396	False	False	False	ineligible	below_regional_or_global_threshold
100112	Epinephelus latifasciatus	Epinephelus	Serranidae	Epinephelidae	Striped Grouper	0	20	False	False	False	ineligible	below_regional_or_global_threshold
100117	Epinephelus magniscuttis	Epinephelus	Serranidae	Epinephelidae	Speckled Grouper	0	3	False	False	False	ineligible	below_regional_or_global_threshold
100119	Epinephelus marginatus	Epinephelus	Serranidae	Epinephelidae	Dusky Grouper	0	5666	False	False	False	ineligible	below_regional_or_global_threshold
49637	Epinephelus morio	Epinephelus	Serranidae	Epinephelidae	Red Grouper	0	397	False	False	False	ineligible	below_regional_or_global_threshold
100123	Epinephelus multinotatus	Epinephelus	Serranidae	Epinephelidae	Rankin Cod	0	29	False	False	False	ineligible	below_regional_or_global_threshold
100125	Epinephelus poecilonotus	Epinephelus	Serranidae	Epinephelidae	Dot-dash Grouper	0	1	False	False	False	ineligible	below_regional_or_global_threshold
100126	Epinephelus polylepis	Epinephelus	Serranidae	Epinephelidae	Smallscaled Grouper	0	2	False	False	False	ineligible	below_regional_or_global_threshold
100129	Epinephelus posteli	Epinephelus	Serranidae	Epinephelidae	Stripedfin Grouper	0	22	False	False	False	ineligible	below_regional_or_global_threshold
187370	Epinephelus quinquefasciatus	Epinephelus	Serranidae	Epinephelidae	Pacific Goliath Grouper	0	32	False	False	False	ineligible	below_regional_or_global_threshold
1595625	Epinephelus randalli	Epinephelus	Serranidae	Epinephelidae	Mud Grouper	0	13	False	False	False	ineligible	below_regional_or_global_threshold
1439818	Epinephelus rankini	Epinephelus	Serranidae	Epinephelidae	Rankin's Grouper	0	17	False	False	False	ineligible	below_regional_or_global_threshold
100132	Epinephelus retouti	Epinephelus	Serranidae	Epinephelidae	Redtip Grouper	0	13	False	False	False	ineligible	below_regional_or_global_threshold
100133	Epinephelus rivulatus	Epinephelus	Serranidae	Epinephelidae	Halfmoon Grouper	0	215	False	False	False	ineligible	below_regional_or_global_threshold
100135	Epinephelus socialis	Epinephelus	Serranidae	Epinephelidae	Surge Grouper	0	8	False	False	False	ineligible	below_regional_or_global_threshold
100138	Epinephelus stoliczkae	Epinephelus	Serranidae	Epinephelidae	Epaulette Grouper	0	37	False	False	False	ineligible	below_regional_or_global_threshold
49746	Epinephelus striatus	Epinephelus	Serranidae	Epinephelidae	Nassau Grouper	0	1146	False	False	False	ineligible	below_regional_or_global_threshold
100140	Epinephelus summana	Epinephelus	Serranidae	Epinephelidae	Summan Grouper	0	49	False	False	False	ineligible	below_regional_or_global_threshold
100143	Epinephelus trimaculatus	Epinephelus	Serranidae	Epinephelidae	Threespot Grouper	0	33	False	False	False	ineligible	below_regional_or_global_threshold
53857	Epinephelus tukula	Epinephelus	Serranidae	Epinephelidae	Potato Rockcod	0	305	False	False	False	ineligible	below_regional_or_global_threshold
100145	Epinephelus undulatostriatus	Epinephelus	Serranidae	Epinephelidae	Maori Rockcod	0	294	False	False	False	ineligible	below_regional_or_global_threshold
50346	Gonioplectrus hispanus	Gonioplectrus	Serranidae	Epinephelidae	Spanish Flag	0	5	False	False	False	ineligible	below_regional_or_global_threshold
317161	Hypoplectrus aberrans	Hypoplectrus	Serranidae	Serranidae	Yellowbelly Hamlet	0	73	False	False	False	ineligible	below_regional_or_global_threshold
1360073	Hypoplectrus affinis	Hypoplectrus	Serranidae	Serranidae	Bluelip Hamlet	0	50	False	False	False	ineligible	below_regional_or_global_threshold
620586	Hypoplectrus atlahua	Hypoplectrus	Serranidae	Serranidae	Jarocho Hamlet	0	1	False	False	False	ineligible	below_regional_or_global_threshold
498657	Hypoplectrus castroaguirrei	Hypoplectrus	Serranidae	Serranidae	Veracruz White Hamlet	0	8	False	False	False	ineligible	below_regional_or_global_threshold
131476	Hypoplectrus chlorurus	Hypoplectrus	Serranidae	Serranidae	Yellowtail Hamlet	0	241	False	False	False	ineligible	below_regional_or_global_threshold
620587	Hypoplectrus ecosur	Hypoplectrus	Serranidae	Serranidae	Spotted Hamlet	0	2	False	False	False	ineligible	below_regional_or_global_threshold
1617621	Hypoplectrus espinosai	Hypoplectrus	Serranidae	Serranidae	Campeche Bank Hamlet	0	1	False	False	False	ineligible	below_regional_or_global_threshold
620588	Hypoplectrus floridae	Hypoplectrus	Serranidae	Serranidae	Florida Hamlet	0	16	False	False	False	ineligible	below_regional_or_global_threshold
49685	Hypoplectrus gemma	Hypoplectrus	Serranidae	Serranidae	Blue Hamlet	0	15	False	False	False	ineligible	below_regional_or_global_threshold
180711	Hypoplectrus gummigutta	Hypoplectrus	Serranidae	Serranidae	Golden Hamlet	0	18	False	False	False	ineligible	below_regional_or_global_threshold
180710	Hypoplectrus guttavarius	Hypoplectrus	Serranidae	Serranidae	Shy Hamlet	0	98	False	False	False	ineligible	below_regional_or_global_threshold
180709	Hypoplectrus indigo	Hypoplectrus	Serranidae	Serranidae	Indigo Hamlet	0	431	False	False	False	ineligible	below_regional_or_global_threshold
500417	Hypoplectrus maya	Hypoplectrus	Serranidae	Serranidae	Maya Hamlet	0	7	False	False	False	ineligible	below_regional_or_global_threshold
131475	Hypoplectrus nigricans	Hypoplectrus	Serranidae	Serranidae	Black Hamlet	0	166	False	False	False	ineligible	below_regional_or_global_threshold
103146	Hypoplectrus providencianus	Hypoplectrus	Serranidae	Serranidae	Masked Hamlet	0	37	False	False	False	ineligible	below_regional_or_global_threshold
130051	Hypoplectrus puella	Hypoplectrus	Serranidae	Serranidae	Barred Hamlet	0	864	False	False	False	ineligible	below_regional_or_global_threshold
620590	Hypoplectrus randallorum	Hypoplectrus	Serranidae	Serranidae	Tan Hamlet	0	33	False	False	False	ineligible	below_regional_or_global_threshold
130052	Hypoplectrus unicolor	Hypoplectrus	Serranidae	Serranidae	Butter Hamlet	0	534	False	False	False	ineligible	below_regional_or_global_threshold
103154	Hyporthodus acanthistius	Hyporthodus	Serranidae	Epinephelidae	Rooster Hind	0	28	False	False	False	ineligible	below_regional_or_global_threshold
1315285	Hyporthodus cifuentesi	Hyporthodus	Serranidae	Epinephelidae	Olive Grouper	0	3	False	False	False	ineligible	below_regional_or_global_threshold
1316780	Hyporthodus drummondhayi	Hyporthodus	Serranidae	Epinephelidae	Speckled Hind	0	8	False	False	False	ineligible	below_regional_or_global_threshold
103156	Hyporthodus ergastularius	Hyporthodus	Serranidae	Epinephelidae	Sevenbar Grouper	0	14	False	False	False	ineligible	below_regional_or_global_threshold
103158	Hyporthodus flavolimbatus	Hyporthodus	Serranidae	Epinephelidae	Yellow-edge Grouper	0	17	False	False	False	ineligible	below_regional_or_global_threshold
103160	Hyporthodus mystacinus	Hyporthodus	Serranidae	Epinephelidae	Misty Grouper	0	5	False	False	False	ineligible	below_regional_or_global_threshold
103161	Hyporthodus nigritus	Hyporthodus	Serranidae	Epinephelidae	Warsaw Grouper	0	11	False	False	False	ineligible	below_regional_or_global_threshold
103162	Hyporthodus niphobles	Hyporthodus	Serranidae	Epinephelidae	Starstudded Grouper	0	10	False	False	False	ineligible	below_regional_or_global_threshold
103163	Hyporthodus niveatus	Hyporthodus	Serranidae	Epinephelidae	Snowy Grouper	0	140	False	False	False	ineligible	below_regional_or_global_threshold
103164	Hyporthodus octofasciatus	Hyporthodus	Serranidae	Epinephelidae	Eightbar Grouper	0	5	False	False	False	ineligible	below_regional_or_global_threshold
103166	Hyporthodus quernus	Hyporthodus	Serranidae	Epinephelidae	Hawaiian Grouper	0	3	False	False	False	ineligible	below_regional_or_global_threshold
103167	Hyporthodus septemfasciatus	Hyporthodus	Serranidae	Epinephelidae	Convict Grouper	0	3	False	False	False	ineligible	below_regional_or_global_threshold
106304	Mycteroperca acutirostris	Mycteroperca	Serranidae	Epinephelidae	Comb Grouper	0	48	False	False	False	ineligible	below_regional_or_global_threshold
47761	Mycteroperca bonaci	Mycteroperca	Serranidae	Epinephelidae	Black Grouper	0	842	False	False	False	ineligible	below_regional_or_global_threshold
106306	Mycteroperca fusca	Mycteroperca	Serranidae	Epinephelidae	Island Grouper	0	876	False	False	False	ineligible	below_regional_or_global_threshold
64466	Mycteroperca interstitialis	Mycteroperca	Serranidae	Epinephelidae	Yellowmouth Grouper	0	100	False	False	False	ineligible	below_regional_or_global_threshold
106307	Mycteroperca jordani	Mycteroperca	Serranidae	Epinephelidae	Gulf Grouper	0	65	False	False	False	ineligible	below_regional_or_global_threshold
106308	Mycteroperca microlepis	Mycteroperca	Serranidae	Epinephelidae	Gag Grouper	0	443	False	False	False	ineligible	below_regional_or_global_threshold
106309	Mycteroperca olfax	Mycteroperca	Serranidae	Epinephelidae	Sailfin Grouper	0	213	False	False	False	ineligible	below_regional_or_global_threshold
106310	Mycteroperca phenax	Mycteroperca	Serranidae	Epinephelidae	Scamp Grouper	0	134	False	False	False	ineligible	below_regional_or_global_threshold
106311	Mycteroperca prionura	Mycteroperca	Serranidae	Epinephelidae	Sawtail Grouper	0	9	False	False	False	ineligible	below_regional_or_global_threshold
106312	Mycteroperca rosacea	Mycteroperca	Serranidae	Epinephelidae	Leopard Grouper	0	357	False	False	False	ineligible	below_regional_or_global_threshold
64452	Mycteroperca rubra	Mycteroperca	Serranidae	Epinephelidae	Mottled Grouper	0	295	False	False	False	ineligible	below_regional_or_global_threshold
64470	Mycteroperca tigris	Mycteroperca	Serranidae	Epinephelidae	Tiger Grouper	0	365	False	False	False	ineligible	below_regional_or_global_threshold
64476	Mycteroperca venenosa	Mycteroperca	Serranidae	Epinephelidae	Yellowfin Grouper	0	171	False	False	False	ineligible	below_regional_or_global_threshold
106313	Mycteroperca xenarcha	Mycteroperca	Serranidae	Epinephelidae	Broomtail Grouper	0	35	False	False	False	ineligible	below_regional_or_global_threshold
108544	Paralabrax albomaculatus	Paralabrax	Serranidae	Serranidae	Camotillo	0	82	False	False	False	ineligible	below_regional_or_global_threshold
108545	Paralabrax auroguttatus	Paralabrax	Serranidae	Serranidae	Goldspotted Sand Bass	0	34	False	False	False	ineligible	below_regional_or_global_threshold
108546	Paralabrax callaensis	Paralabrax	Serranidae	Serranidae		0	5	False	False	False	ineligible	below_regional_or_global_threshold
108547	Paralabrax clathratus	Paralabrax	Serranidae	Serranidae	Kelp Bass	0	2540	False	False	False	ineligible	below_regional_or_global_threshold
108549	Paralabrax humeralis	Paralabrax	Serranidae	Serranidae	Peruvian Rock Bass	0	37	False	False	False	ineligible	below_regional_or_global_threshold
108550	Paralabrax loro	Paralabrax	Serranidae	Serranidae	Parrot Sand Bass	0	16	False	False	False	ineligible	below_regional_or_global_threshold
108551	Paralabrax maculatofasciatus	Paralabrax	Serranidae	Serranidae	Spotted Sand Bass	0	1070	False	False	False	ineligible	below_regional_or_global_threshold
108552	Paralabrax nebulifer	Paralabrax	Serranidae	Serranidae	Barred Sand Bass	0	851	False	False	False	ineligible	below_regional_or_global_threshold
108614	Paranthias furcifer	Paranthias	Serranidae	Epinephelidae	Atlantic Creolefish	0	269	False	False	False	ineligible	below_regional_or_global_threshold
147141	Parasphyraenops incisus	Parasphyraenops	Serranidae	Serranidae	Bantam Bass	0	7	False	False	False	ineligible	below_regional_or_global_threshold
1315284	Plectropomus marisrubri	Plectropomus	Serranidae	Epinephelidae	Red Sea Leopard Grouper	0	144	False	False	False	ineligible	below_regional_or_global_threshold
109746	Plectropomus pessuliferus	Plectropomus	Serranidae	Epinephelidae	Leopard Grouper	0	11	False	False	False	ineligible	below_regional_or_global_threshold
109747	Plectropomus punctatus	Plectropomus	Serranidae	Epinephelidae	Marbled Coralgrouper	0	55	False	False	False	ineligible	below_regional_or_global_threshold
111969	Saloptia powelli	Saloptia	Serranidae	Epinephelidae	Golden Grouper	0	2	False	False	False	ineligible	below_regional_or_global_threshold
131482	Schultzea beta	Schultzea	Serranidae	Serranidae	School Bass	0	11	False	False	False	ineligible	below_regional_or_global_threshold
317377	Serraniculus pumilio	Serraniculus	Serranidae	Serranidae	Pygmy Sea Bass	0	34	False	False	False	ineligible	below_regional_or_global_threshold
112496	Serranus aequidens	Serranus	Serranidae	Serranidae	Deep-water Comber	0	1	False	False	False	ineligible	below_regional_or_global_threshold
147143	Serranus annularis	Serranus	Serranidae	Serranidae	Orangeback Bass	0	10	False	False	False	ineligible	below_regional_or_global_threshold
112497	Serranus atricauda	Serranus	Serranidae	Serranidae	Blacktail Comber	0	719	False	False	False	ineligible	below_regional_or_global_threshold
179458	Serranus atrobranchus	Serranus	Serranidae	Serranidae	Blackear Bass	0	10	False	False	False	ineligible	below_regional_or_global_threshold
131389	Serranus baldwini	Serranus	Serranidae	Serranidae	Lantern Bass	0	221	False	False	False	ineligible	below_regional_or_global_threshold
118675	Serranus cabrilla	Serranus	Serranidae	Serranidae	Comber	0	2975	False	False	False	ineligible	below_regional_or_global_threshold
620719	Serranus flaviventris	Serranus	Serranidae	Serranidae	Twinspot Bass	0	16	False	False	False	ineligible	below_regional_or_global_threshold
1508381	Serranus fusculus	Serranus	Serranidae	Serranidae	Poey's Bass	0	2	False	False	False	ineligible	below_regional_or_global_threshold
118673	Serranus hepatus	Serranus	Serranidae	Serranidae	Brown Comber	0	639	False	False	False	ineligible	below_regional_or_global_threshold
620720	Serranus heterurus	Serranus	Serranidae	Serranidae	Clown Reef Bass	0	1	False	False	False	ineligible	below_regional_or_global_threshold
112498	Serranus huascarii	Serranus	Serranidae	Serranidae	Flag serrano	0	6	False	False	False	ineligible	below_regional_or_global_threshold
131480	Serranus notospilus	Serranus	Serranidae	Serranidae	Saddle Bass	0	1	False	False	False	ineligible	below_regional_or_global_threshold
620722	Serranus novemcinctus	Serranus	Serranidae	Serranidae	Barred Rockcod	0	2	False	False	False	ineligible	below_regional_or_global_threshold
1316085	Serranus papilionaceus	Serranus	Serranidae	Serranidae	Butterfly-winged Comber	0	515	False	False	False	ineligible	below_regional_or_global_threshold
179460	Serranus phoebe	Serranus	Serranidae	Serranidae	Phoebe	0	35	False	False	False	ineligible	below_regional_or_global_threshold
112499	Serranus psittacinus	Serranus	Serranidae	Serranidae	Barred Serrano	0	542	False	False	False	ineligible	below_regional_or_global_threshold
620723	Serranus pulcher	Serranus	Serranidae	Serranidae	Sao Tome reef bass	0	15	False	False	False	ineligible	below_regional_or_global_threshold
118674	Serranus scriba	Serranus	Serranidae	Serranidae	Painted Comber	0	6652	False	False	False	ineligible	below_regional_or_global_threshold
112500	Serranus socorroensis	Serranus	Serranidae	Serranidae	Socorro Serrano	0	3	False	False	False	ineligible	below_regional_or_global_threshold
179459	Serranus subligarius	Serranus	Serranidae	Serranidae	Belted Sandfish	0	194	False	False	False	ineligible	below_regional_or_global_threshold
131484	Serranus tabacarius	Serranus	Serranidae	Serranidae	Tobaccofish	0	338	False	False	False	ineligible	below_regional_or_global_threshold
112502	Serranus tico	Serranus	Serranidae	Serranidae	Cocos Serrano	0	38	False	False	False	ineligible	below_regional_or_global_threshold
49747	Serranus tigrinus	Serranus	Serranidae	Serranidae	Harlequin Bass	0	1164	False	False	False	ineligible	below_regional_or_global_threshold
131483	Serranus tortugarum	Serranus	Serranidae	Serranidae	Chalk Bass	0	158	False	False	False	ineligible	below_regional_or_global_threshold
114454	Triso dermopterus	Triso	Serranidae	Epinephelidae	Oval Rockcod	0	13	False	False	False	ineligible	below_regional_or_global_threshold
318323	Siganus vulpinus	Siganus	Siganidae	Siganidae	Foxface	410	1276	True	True	True	common_target_pretraining	requested_target_meets_abundance_thresholds
135218	Siganus puellus	Siganus	Siganidae	Siganidae	Masked Rabbitfish	313	835	True	True	True	common_target_pretraining	requested_target_meets_abundance_thresholds
180395	Siganus virgatus	Siganus	Siganidae	Siganidae	Doublebar Rabbitfish	182	953	True	True	True	common_target_pretraining	requested_target_meets_abundance_thresholds
180402	Siganus guttatus	Siganus	Siganidae	Siganidae	Golden Rabbitfish	124	929	True	True	True	common_target_pretraining	requested_target_meets_abundance_thresholds
180397	Siganus corallinus	Siganus	Siganidae	Siganidae	Coral Rabbitfish	158	1224	True	False	False	eligible_not_selected	genus_quota_reached
132413	Siganus spinus	Siganus	Siganidae	Siganidae	Scribbled Rabbitfish	107	673	True	False	False	eligible_not_selected	genus_quota_reached
180396	Siganus doliatus	Siganus	Siganidae	Siganidae	Barred Rabbitfish	100	1366	True	False	False	eligible_not_selected	genus_quota_reached
123227	Siganus lineatus	Siganus	Siganidae	Siganidae	Goldlined Rabbitfish	88	661	True	False	False	eligible_not_selected	genus_quota_reached
123228	Siganus javus	Siganus	Siganidae	Siganidae	Java Rabbitfish	82	899	True	False	False	eligible_not_selected	genus_quota_reached
132412	Siganus fuscescens	Siganus	Siganidae	Siganidae	Dusky Rabbitfish	81	1378	True	False	False	eligible_not_selected	genus_quota_reached
180399	Siganus punctatus	Siganus	Siganidae	Siganidae	Spotted Rabbitfish	88	392	False	False	False	ineligible	below_regional_or_global_threshold
84095	Siganus argenteus	Siganus	Siganidae	Siganidae	Forktail Rabbitfish	64	405	False	False	False	ineligible	below_regional_or_global_threshold
188399	Siganus vermiculatus	Siganus	Siganidae	Siganidae	Maze Rabbitfish	24	98	False	False	False	ineligible	below_regional_or_global_threshold
424291	Siganus punctatissimus	Siganus	Siganidae	Siganidae	Finespotted Rabbitfish	20	42	False	False	False	ineligible	below_regional_or_global_threshold
123229	Siganus canaliculatus	Siganus	Siganidae	Siganidae	White-spotted Rabbitfish	6	125	False	False	False	ineligible	below_regional_or_global_threshold
1315541	Siganus laqueus	Siganus	Siganidae	Siganidae	Brown Spotted Rabbitfish	1	164	False	False	False	ineligible	below_regional_or_global_threshold
318322	Siganus unimaculatus	Siganus	Siganidae	Siganidae	Blackblotch Foxface	1	127	False	False	False	ineligible	below_regional_or_global_threshold
620791	Siganus insomnis	Siganus	Siganidae	Siganidae	bronze-lined spinefoot	0	21	False	False	False	ineligible	below_regional_or_global_threshold
120634	Siganus luridus	Siganus	Siganidae	Siganidae	Dusky Spinefoot	0	1995	False	False	False	ineligible	below_regional_or_global_threshold
112567	Siganus magnificus	Siganus	Siganidae	Siganidae	Magnificent Rabbitfish	0	42	False	False	False	ineligible	below_regional_or_global_threshold
620793	Siganus niger	Siganus	Siganidae	Siganidae	Black foxface	0	1	False	False	False	ineligible	below_regional_or_global_threshold
180401	Siganus puelloides	Siganus	Siganidae	Siganidae	Blackeye Rabbitfish	0	44	False	False	False	ineligible	below_regional_or_global_threshold
620794	Siganus randalli	Siganus	Siganidae	Siganidae	Variegated Spinefoot	0	7	False	False	False	ineligible	below_regional_or_global_threshold
112568	Siganus rivulatus	Siganus	Siganidae	Siganidae	Rivulated Rabbitfish	0	1916	False	False	False	ineligible	below_regional_or_global_threshold
180400	Siganus stellatus	Siganus	Siganidae	Siganidae	Honeycomb Rabbitfish	0	231	False	False	False	ineligible	below_regional_or_global_threshold
471653	Siganus sutor	Siganus	Siganidae	Siganidae	Whitespotted Rabbitfish	0	86	False	False	False	ineligible	below_regional_or_global_threshold
524130	Siganus trispilos	Siganus	Siganidae	Siganidae	Threespot Rabbitfish	0	65	False	False	False	ineligible	below_regional_or_global_threshold
180398	Siganus uspi	Siganus	Siganidae	Siganidae	Bicolor Rabbitfish	0	138	False	False	False	ineligible	below_regional_or_global_threshold
620795	Siganus woodlandi	Siganus	Siganidae	Siganidae	New Caledonia rabbitfish	0	7	False	False	False	ineligible	below_regional_or_global_threshold
119385	Arothron nigropunctatus	Arothron	Tetraodontidae	Tetraodontidae	Blackspotted Puffer	1201	4428	True	True	True	common_target_pretraining	requested_target_meets_abundance_thresholds
129549	Canthigaster valentini	Canthigaster	Tetraodontidae	Tetraodontidae	Blacksaddle Toby	703	3509	True	True	True	common_target_pretraining	requested_target_meets_abundance_thresholds
144017	Arothron hispidus	Arothron	Tetraodontidae	Tetraodontidae	White-spotted Puffer	480	6074	True	True	True	common_target_pretraining	requested_target_meets_abundance_thresholds
196935	Arothron manilensis	Arothron	Tetraodontidae	Tetraodontidae	Narrowlined Puffer	334	1386	True	True	True	common_target_pretraining	requested_target_meets_abundance_thresholds
196932	Canthigaster papua	Canthigaster	Tetraodontidae	Tetraodontidae	Papuan Toby	274	692	True	True	True	common_target_pretraining	requested_target_meets_abundance_thresholds
196933	Canthigaster bennetti	Canthigaster	Tetraodontidae	Tetraodontidae	Whitebelly Toby	198	704	True	True	True	common_target_pretraining	requested_target_meets_abundance_thresholds
124906	Arothron mappa	Arothron	Tetraodontidae	Tetraodontidae	Map Puffer	652	1671	True	False	True	broad_pretraining	regional_and_global_abundance
153278	Arothron caeruleopunctatus	Arothron	Tetraodontidae	Tetraodontidae	Bluespotted Puffer	252	499	False	True	False	rare_target_holdout	requested_target_below_abundance_thresholds
196943	Canthigaster compressa	Canthigaster	Tetraodontidae	Tetraodontidae	Fingerprint Toby	226	439	False	True	False	rare_target_holdout	requested_target_below_abundance_thresholds
196936	Arothron stellatus	Arothron	Tetraodontidae	Tetraodontidae	Starry Puffer	293	2223	True	False	False	eligible_not_selected	genus_quota_reached
83318	Arothron meleagris	Arothron	Tetraodontidae	Tetraodontidae	Guineafowl Puffer	39	4544	True	False	False	eligible_not_selected	genus_quota_reached
445674	Arothron reticularis	Arothron	Tetraodontidae	Tetraodontidae	Reticulated Puffer	51	153	False	False	False	ineligible	below_regional_or_global_threshold
445720	Canthigaster axiologus	Canthigaster	Tetraodontidae	Tetraodontidae	Pacific Crown Toby	49	148	False	False	False	ineligible	below_regional_or_global_threshold
415123	Arothron immaculatus	Arothron	Tetraodontidae	Tetraodontidae	Yellow-eyed Puffer	43	339	False	False	False	ineligible	below_regional_or_global_threshold
123146	Canthigaster janthinoptera	Canthigaster	Tetraodontidae	Tetraodontidae	Honeycomb Toby	31	235	False	False	False	ineligible	below_regional_or_global_threshold
121758	Canthigaster epilampra	Canthigaster	Tetraodontidae	Tetraodontidae	Lantern Toby	27	87	False	False	False	ineligible	below_regional_or_global_threshold
1595787	Chelonodon kappa	Chelonodon	Tetraodontidae	Tetraodontidae	Milkspot Toadfish	23	315	False	False	False	ineligible	below_regional_or_global_threshold
621545	Dichotomyctere nigroviridis	Dichotomyctere	Tetraodontidae	Tetraodontidae	Green Spotted Puffer	23	218	False	False	False	ineligible	below_regional_or_global_threshold
114254	Torquigener brevipinnis	Torquigener	Tetraodontidae	Tetraodontidae	Shortfin Pufferfish	18	23	False	False	False	ineligible	below_regional_or_global_threshold
621534	Arothron multilineatus	Arothron	Tetraodontidae	Tetraodontidae	Multilined Puffer	12	38	False	False	False	ineligible	below_regional_or_global_threshold
621559	Pao palembangensis	Pao	Tetraodontidae	Tetraodontidae	Humpback Puffer	10	12	False	False	False	ineligible	below_regional_or_global_threshold
57381	Torquigener hypselogeneion	Torquigener	Tetraodontidae	Tetraodontidae	Northern Toadfish	9	12	False	False	False	ineligible	below_regional_or_global_threshold
82169	Canthigaster amboinensis	Canthigaster	Tetraodontidae	Tetraodontidae	Ambon Toby	8	715	False	False	False	ineligible	below_regional_or_global_threshold
621540	Chonerhinos naritus	Chonerhinos	Tetraodontidae	Tetraodontidae	Yellow Puffer	7	9	False	False	False	ineligible	below_regional_or_global_threshold
446148	Lagocephalus suezensis	Lagocephalus	Tetraodontidae	Tetraodontidae	Suez Puffer	4	40	False	False	False	ineligible	below_regional_or_global_threshold
621557	Pao leiurus	Pao	Tetraodontidae	Tetraodontidae	Brackish Puffer	4	10	False	False	False	ineligible	below_regional_or_global_threshold
621556	Pao hilgendorfii	Pao	Tetraodontidae	Tetraodontidae	Hilgendorf's Puffer	3	3	False	False	False	ineligible	below_regional_or_global_threshold
446558	Takifugu oblongus	Takifugu	Tetraodontidae	Tetraodontidae	Oblong Blowfish	3	124	False	False	False	ineligible	below_regional_or_global_threshold
187098	Auriglobus modestus	Auriglobus	Tetraodontidae	Tetraodontidae	Golden Puffer	2	3	False	False	False	ineligible	below_regional_or_global_threshold
354516	Canthigaster cyanospilota	Canthigaster	Tetraodontidae	Tetraodontidae	Blue-spotted Toby	2	106	False	False	False	ineligible	below_regional_or_global_threshold
445728	Canthigaster petersii	Canthigaster	Tetraodontidae	Tetraodontidae	Peter's Toby	2	274	False	False	False	ineligible	below_regional_or_global_threshold
621542	Dichotomyctere erythrotaenia	Dichotomyctere	Tetraodontidae	Tetraodontidae	Red-striped Toadfish	2	3	False	False	False	ineligible	below_regional_or_global_threshold
96713	Canthigaster leoparda	Canthigaster	Tetraodontidae	Tetraodontidae	Leopard Toby	1	5	False	False	False	ineligible	below_regional_or_global_threshold
335274	Canthigaster ocellicincta	Canthigaster	Tetraodontidae	Tetraodontidae	Shy toby	1	20	False	False	False	ineligible	below_regional_or_global_threshold
445729	Canthigaster punctata	Canthigaster	Tetraodontidae	Tetraodontidae	Sand Toby	1	14	False	False	False	ineligible	below_regional_or_global_threshold
445731	Canthigaster smithae	Canthigaster	Tetraodontidae	Tetraodontidae	Bicolored Toby	1	45	False	False	False	ineligible	below_regional_or_global_threshold
368596	Lagocephalus lunaris	Lagocephalus	Tetraodontidae	Tetraodontidae	Rough Golden Puffer	1	78	False	False	False	ineligible	below_regional_or_global_threshold
132368	Lagocephalus sceleratus	Lagocephalus	Tetraodontidae	Tetraodontidae	Silver Puffer	1	349	False	False	False	ineligible	below_regional_or_global_threshold
446147	Lagocephalus spadiceus	Lagocephalus	Tetraodontidae	Tetraodontidae	Half-smooth Golden Puffer	1	37	False	False	False	ineligible	below_regional_or_global_threshold
531035	Marilyna meraukensis	Marilyna	Tetraodontidae	Tetraodontidae	Merauke Toadfish	1	2	False	False	False	ineligible	below_regional_or_global_threshold
446552	Takifugu alboplumbeus	Takifugu	Tetraodontidae	Tetraodontidae	Grey-spotted Puffer	1	588	False	False	False	ineligible	below_regional_or_global_threshold
1314222	Takifugu flavipterus	Takifugu	Tetraodontidae	Tetraodontidae	Fine-patterned Puffer	1	160	False	False	False	ineligible	below_regional_or_global_threshold
446572	Torquigener flavimaculosus	Torquigener	Tetraodontidae	Tetraodontidae	Flavimaculosus Puffer	1	777	False	False	False	ineligible	below_regional_or_global_threshold
243810	Torquigener pleurogramma	Torquigener	Tetraodontidae	Tetraodontidae	Weeping Toadfish	1	1966	False	False	False	ineligible	below_regional_or_global_threshold
114255	Torquigener tuberculiferus	Torquigener	Tetraodontidae	Tetraodontidae	Fringe-gill Toadfish	1	1	False	False	False	ineligible	below_regional_or_global_threshold
1316529	Amblyrhynchote honckenii	Amblyrhynchote	Tetraodontidae	Tetraodontidae	Evileye Blaasop	0	365	False	False	False	ineligible	below_regional_or_global_threshold
335075	Arothron diadematus	Arothron	Tetraodontidae	Tetraodontidae	Masked Puffer	0	1315	False	False	False	ineligible	below_regional_or_global_threshold
445671	Arothron firmamentum	Arothron	Tetraodontidae	Tetraodontidae	Starry Toadfish	0	86	False	False	False	ineligible	below_regional_or_global_threshold
445672	Arothron inconditus	Arothron	Tetraodontidae	Tetraodontidae	Belly-striped Puffer	0	48	False	False	False	ineligible	below_regional_or_global_threshold
94942	Auriglobus nefastus	Auriglobus	Tetraodontidae	Tetraodontidae	Greenbottle Puffer	0	3	False	False	False	ineligible	below_regional_or_global_threshold
621537	Auriglobus silus	Auriglobus	Tetraodontidae	Tetraodontidae	Elongated Golden Puffer	0	1	False	False	False	ineligible	below_regional_or_global_threshold
445721	Canthigaster callisterna	Canthigaster	Tetraodontidae	Tetraodontidae	Clown Toby	0	485	False	False	False	ineligible	below_regional_or_global_threshold
128858	Canthigaster capistrata	Canthigaster	Tetraodontidae	Tetraodontidae	Macaronesian Toby	0	1051	False	False	False	ineligible	below_regional_or_global_threshold
122031	Canthigaster coronata	Canthigaster	Tetraodontidae	Tetraodontidae	Hawaiian Crown Toby	0	230	False	False	False	ineligible	below_regional_or_global_threshold
128856	Canthigaster figueiredoi	Canthigaster	Tetraodontidae	Tetraodontidae	Southern Atlantic Toby	0	8	False	False	False	ineligible	below_regional_or_global_threshold
96712	Canthigaster inframacula	Canthigaster	Tetraodontidae	Tetraodontidae	Blackspot Toby	0	3	False	False	False	ineligible	below_regional_or_global_threshold
123147	Canthigaster jactator	Canthigaster	Tetraodontidae	Tetraodontidae	Hawaiian Spotted Toby	0	1940	False	False	False	ineligible	below_regional_or_global_threshold
362166	Canthigaster margaritata	Canthigaster	Tetraodontidae	Tetraodontidae	Pearl Toby	0	328	False	False	False	ineligible	below_regional_or_global_threshold
445727	Canthigaster natalensis	Canthigaster	Tetraodontidae	Tetraodontidae	Natal Toby	0	36	False	False	False	ineligible	below_regional_or_global_threshold
96714	Canthigaster punctatissima	Canthigaster	Tetraodontidae	Tetraodontidae	Spotted Sharpnose Puffer	0	855	False	False	False	ineligible	below_regional_or_global_threshold
445730	Canthigaster pygmaea	Canthigaster	Tetraodontidae	Tetraodontidae	Pygmy Toby	0	27	False	False	False	ineligible	below_regional_or_global_threshold
347529	Canthigaster rivulata	Canthigaster	Tetraodontidae	Tetraodontidae	Ocellate Toby	0	151	False	False	False	ineligible	below_regional_or_global_threshold
128857	Canthigaster rostrata	Canthigaster	Tetraodontidae	Tetraodontidae	Caribbean Sharpnose Puffer	0	2136	False	False	False	ineligible	below_regional_or_global_threshold
128859	Canthigaster sanctaehelenae	Canthigaster	Tetraodontidae	Tetraodontidae	St. Helena Sharpnose Pufferfish	0	1	False	False	False	ineligible	below_regional_or_global_threshold
193920	Canthigaster solandri	Canthigaster	Tetraodontidae	Tetraodontidae	Spotted Toby	0	701	False	False	False	ineligible	below_regional_or_global_threshold
128855	Canthigaster supramacula	Canthigaster	Tetraodontidae	Tetraodontidae	West African Sharpnose Puffer	0	7	False	False	False	ineligible	below_regional_or_global_threshold
445732	Canthigaster tyleri	Canthigaster	Tetraodontidae	Tetraodontidae	Tyler's Toby	0	18	False	False	False	ineligible	below_regional_or_global_threshold
621538	Carinotetraodon borneensis	Carinotetraodon	Tetraodontidae	Tetraodontidae	Bornean Redeye Puffer	0	1	False	False	False	ineligible	below_regional_or_global_threshold
96796	Carinotetraodon imitator	Carinotetraodon	Tetraodontidae	Tetraodontidae	Dwarf Malabar Puffer	0	2	False	False	False	ineligible	below_regional_or_global_threshold
187210	Carinotetraodon lorteti	Carinotetraodon	Tetraodontidae	Tetraodontidae	Redeye Puffer	0	1	False	False	False	ineligible	below_regional_or_global_threshold
621539	Carinotetraodon salivator	Carinotetraodon	Tetraodontidae	Tetraodontidae	Striped Redeye Puffer	0	1	False	False	False	ineligible	below_regional_or_global_threshold
96797	Carinotetraodon travancoricus	Carinotetraodon	Tetraodontidae	Tetraodontidae	Dwarf Indian Puffer	0	15	False	False	False	ineligible	below_regional_or_global_threshold
445763	Chelonodon laticeps	Chelonodon	Tetraodontidae	Tetraodontidae	Blue-spotted Blaasop	0	5	False	False	False	ineligible	below_regional_or_global_threshold
1595769	Chelonodon leopardus	Chelonodon	Tetraodontidae	Tetraodontidae	Banded Leopardblowfish	0	2	False	False	False	ineligible	below_regional_or_global_threshold
1595788	Chelonodon patoca	Chelonodon	Tetraodontidae	Tetraodontidae	Bengal Reticulated Puffer	0	2	False	False	False	ineligible	below_regional_or_global_threshold
445765	Chelonodon pleurospilus	Chelonodon	Tetraodontidae	Tetraodontidae	Blaasop Beauty	0	2	False	False	False	ineligible	below_regional_or_global_threshold
445829	Contusus brevicaudus	Contusus	Tetraodontidae	Tetraodontidae	Prickly Toadfish	0	163	False	False	False	ineligible	below_regional_or_global_threshold
410450	Contusus richei	Contusus	Tetraodontidae	Tetraodontidae	Barred Toadfish	0	19	False	False	False	ineligible	below_regional_or_global_threshold
621543	Dichotomyctere fluviatilis	Dichotomyctere	Tetraodontidae	Tetraodontidae	Ceylon Green Puffer	0	45	False	False	False	ineligible	below_regional_or_global_threshold
534685	Dichotomyctere ocellatus	Dichotomyctere	Tetraodontidae	Tetraodontidae	Eyespot Puffer	0	5	False	False	False	ineligible	below_regional_or_global_threshold
120651	Ephippion guttifer	Ephippion	Tetraodontidae	Tetraodontidae	Bennett's Puffer	0	218	False	False	False	ineligible	below_regional_or_global_threshold
369088	Feroxodon multistriatus	Feroxodon	Tetraodontidae	Tetraodontidae	Ferocious Puffer	0	27	False	False	False	ineligible	below_regional_or_global_threshold
101841	Guentheridia formosa	Guentheridia	Tetraodontidae	Tetraodontidae	Spotted Puffer	0	1	False	False	False	ineligible	below_regional_or_global_threshold
446144	Lagocephalus cheesemanii	Lagocephalus	Tetraodontidae	Tetraodontidae	Cheeseman's Puffer	0	14	False	False	False	ineligible	below_regional_or_global_threshold
446145	Lagocephalus guentheri	Lagocephalus	Tetraodontidae	Tetraodontidae	Diamondback Puffer	0	16	False	False	False	ineligible	below_regional_or_global_threshold
446146	Lagocephalus inermis	Lagocephalus	Tetraodontidae	Tetraodontidae	Smooth Golden Puffer	0	16	False	False	False	ineligible	below_regional_or_global_threshold
146795	Lagocephalus laevigatus	Lagocephalus	Tetraodontidae	Tetraodontidae	Smooth Puffer	0	295	False	False	False	ineligible	below_regional_or_global_threshold
120635	Lagocephalus lagocephalus	Lagocephalus	Tetraodontidae	Tetraodontidae	Ocean Puffer	0	78	False	False	False	ineligible	below_regional_or_global_threshold
563477	Leiodon cutcutia	Leiodon	Tetraodontidae	Tetraodontidae	Ocellated Puffer	0	28	False	False	False	ineligible	below_regional_or_global_threshold
446183	Marilyna darwinii	Marilyna	Tetraodontidae	Tetraodontidae	Darwin's Toadfish	0	12	False	False	False	ineligible	below_regional_or_global_threshold
369007	Marilyna pleurosticta	Marilyna	Tetraodontidae	Tetraodontidae	Banded Toadfish	0	283	False	False	False	ineligible	below_regional_or_global_threshold
446255	Omegophora armilla	Omegophora	Tetraodontidae	Tetraodontidae	Ringed Puffer	0	1267	False	False	False	ineligible	below_regional_or_global_threshold
446256	Omegophora cyanopunctata	Omegophora	Tetraodontidae	Tetraodontidae	Bluespotted Toadfish	0	97	False	False	False	ineligible	below_regional_or_global_threshold
621549	Pao abei	Pao	Tetraodontidae	Tetraodontidae	Red Spot Puffer	0	11	False	False	False	ineligible	below_regional_or_global_threshold
786435	Pao barbatus	Pao	Tetraodontidae	Tetraodontidae	Thai Puffer	0	2	False	False	False	ineligible	below_regional_or_global_threshold
621554	Pao cochinchinensis	Pao	Tetraodontidae	Tetraodontidae	Cochin Puffer	0	9	False	False	False	ineligible	below_regional_or_global_threshold
621555	Pao fangi	Pao	Tetraodontidae	Tetraodontidae	Fang's Puffer	0	5	False	False	False	ineligible	below_regional_or_global_threshold
621560	Pao suvattii	Pao	Tetraodontidae	Tetraodontidae	Arrowhead Puffer	0	5	False	False	False	ineligible	below_regional_or_global_threshold
621561	Pao turgidus	Pao	Tetraodontidae	Tetraodontidae	Chameleon Puffer	0	1	False	False	False	ineligible	below_regional_or_global_threshold
446373	Pelagocephalus marki	Pelagocephalus	Tetraodontidae	Tetraodontidae	Rippled Blaasop	0	107	False	False	False	ineligible	below_regional_or_global_threshold
446395	Polyspina piosae	Polyspina	Tetraodontidae	Tetraodontidae	Orangebarred Puffer	0	235	False	False	False	ineligible	below_regional_or_global_threshold
446443	Reicheltia halsteadi	Reicheltia	Tetraodontidae	Tetraodontidae	Halstead's Toadfish	0	19	False	False	False	ineligible	below_regional_or_global_threshold
57400	Sphoeroides angusticeps	Sphoeroides	Tetraodontidae	Tetraodontidae	Narrow-headed Puffer	0	54	False	False	False	ineligible	below_regional_or_global_threshold
55290	Sphoeroides annulatus	Sphoeroides	Tetraodontidae	Tetraodontidae	Bullseye Puffer	0	1445	False	False	False	ineligible	below_regional_or_global_threshold
1508365	Sphoeroides asellus	Sphoeroides	Tetraodontidae	Tetraodontidae	Amazon Puffer	0	26	False	False	False	ineligible	below_regional_or_global_threshold
1506718	Sphoeroides camila	Sphoeroides	Tetraodontidae	Tetraodontidae	Brazilian puffer	0	63	False	False	False	ineligible	below_regional_or_global_threshold
317381	Sphoeroides dorsalis	Sphoeroides	Tetraodontidae	Tetraodontidae	Marbled Puffer	0	4	False	False	False	ineligible	below_regional_or_global_threshold
57377	Sphoeroides greeleyi	Sphoeroides	Tetraodontidae	Tetraodontidae	Green Puffer	0	294	False	False	False	ineligible	below_regional_or_global_threshold
112951	Sphoeroides kendalli	Sphoeroides	Tetraodontidae	Tetraodontidae	Slick Puffer	0	6	False	False	False	ineligible	below_regional_or_global_threshold
112952	Sphoeroides lispus	Sphoeroides	Tetraodontidae	Tetraodontidae	Naked Puffer	0	26	False	False	False	ineligible	below_regional_or_global_threshold
112953	Sphoeroides lobatus	Sphoeroides	Tetraodontidae	Tetraodontidae	Longnose Puffer	0	311	False	False	False	ineligible	below_regional_or_global_threshold
146796	Sphoeroides maculatus	Sphoeroides	Tetraodontidae	Tetraodontidae	Northern Puffer	0	1094	False	False	False	ineligible	below_regional_or_global_threshold
342289	Sphoeroides marmoratus	Sphoeroides	Tetraodontidae	Tetraodontidae	Guinean Puffer	0	812	False	False	False	ineligible	below_regional_or_global_threshold
179462	Sphoeroides nephelus	Sphoeroides	Tetraodontidae	Tetraodontidae	Southern Puffer	0	1015	False	False	False	ineligible	below_regional_or_global_threshold
49268	Sphoeroides pachygaster	Sphoeroides	Tetraodontidae	Tetraodontidae	Blunthead Puffer	0	54	False	False	False	ineligible	below_regional_or_global_threshold
179457	Sphoeroides parvus	Sphoeroides	Tetraodontidae	Tetraodontidae	Least Puffer	0	150	False	False	False	ineligible	below_regional_or_global_threshold
1508364	Sphoeroides psittacus	Sphoeroides	Tetraodontidae	Tetraodontidae	Banded Puffer	0	103	False	False	False	ineligible	below_regional_or_global_threshold
112954	Sphoeroides rosenblatti	Sphoeroides	Tetraodontidae	Tetraodontidae	Oval Puffer	0	104	False	False	False	ineligible	below_regional_or_global_threshold
112955	Sphoeroides sechurae	Sphoeroides	Tetraodontidae	Tetraodontidae	Peruvian Puffer	0	3	False	False	False	ineligible	below_regional_or_global_threshold
49265	Sphoeroides spengleri	Sphoeroides	Tetraodontidae	Tetraodontidae	Bandtail Puffer	0	1089	False	False	False	ineligible	below_regional_or_global_threshold
317382	Sphoeroides testudineus	Sphoeroides	Tetraodontidae	Tetraodontidae	Checkered Puffer	0	2460	False	False	False	ineligible	below_regional_or_global_threshold
1508363	Sphoeroides tocantinensis	Sphoeroides	Tetraodontidae	Tetraodontidae	Brazilian Freshwater Puffer	0	2	False	False	False	ineligible	below_regional_or_global_threshold
112956	Sphoeroides trichocephalus	Sphoeroides	Tetraodontidae	Tetraodontidae	Pygmy Puffer	0	10	False	False	False	ineligible	below_regional_or_global_threshold
446494	Sphoeroides tyleri	Sphoeroides	Tetraodontidae	Tetraodontidae	Bearded Puffer	0	3	False	False	False	ineligible	below_regional_or_global_threshold
446554	Takifugu bimaculatus	Takifugu	Tetraodontidae	Tetraodontidae	Striped Puffer	0	12	False	False	False	ineligible	below_regional_or_global_threshold
446555	Takifugu chrysops	Takifugu	Tetraodontidae	Tetraodontidae	Red-eyed Puffer	0	5	False	False	False	ineligible	below_regional_or_global_threshold
446557	Takifugu flavidus	Takifugu	Tetraodontidae	Tetraodontidae	Towny Puffer	0	1	False	False	False	ineligible	below_regional_or_global_threshold
113744	Takifugu obscurus	Takifugu	Tetraodontidae	Tetraodontidae	River Puffer	0	5	False	False	False	ineligible	below_regional_or_global_threshold
355400	Takifugu ocellatus	Takifugu	Tetraodontidae	Tetraodontidae	Ocellated Puffer	0	74	False	False	False	ineligible	below_regional_or_global_threshold
446559	Takifugu pardalis	Takifugu	Tetraodontidae	Tetraodontidae	Panther Puffer	0	34	False	False	False	ineligible	below_regional_or_global_threshold
57378	Takifugu porphyreus	Takifugu	Tetraodontidae	Tetraodontidae	Genuin Puffer	0	5	False	False	False	ineligible	below_regional_or_global_threshold
119404	Takifugu rubripes	Takifugu	Tetraodontidae	Tetraodontidae	Tiger Puffer	0	31	False	False	False	ineligible	below_regional_or_global_threshold
446563	Takifugu snyderi	Takifugu	Tetraodontidae	Tetraodontidae	Vermiculated Puffer	0	13	False	False	False	ineligible	below_regional_or_global_threshold
446564	Takifugu stictonotus	Takifugu	Tetraodontidae	Tetraodontidae	Spottyback Puffer	0	6	False	False	False	ineligible	below_regional_or_global_threshold
57379	Takifugu vermicularis	Takifugu	Tetraodontidae	Tetraodontidae	Pear Puffer	0	1	False	False	False	ineligible	below_regional_or_global_threshold
113746	Takifugu xanthopterus	Takifugu	Tetraodontidae	Tetraodontidae	Yellowfin Puffer	0	45	False	False	False	ineligible	below_regional_or_global_threshold
311414	Tetractenos glaber	Tetractenos	Tetraodontidae	Tetraodontidae	Smooth Toadfish	0	3616	False	False	False	ineligible	below_regional_or_global_threshold
349323	Tetractenos hamiltoni	Tetractenos	Tetraodontidae	Tetraodontidae	Common Toadfish	0	1239	False	False	False	ineligible	below_regional_or_global_threshold
113934	Tetraodon lineatus	Tetraodon	Tetraodontidae	Tetraodontidae	Fahaka Puffer	0	16	False	False	False	ineligible	below_regional_or_global_threshold
56114	Tetraodon mbu	Tetraodon	Tetraodontidae	Tetraodontidae	Mbu Puffer	0	4	False	False	False	ineligible	below_regional_or_global_threshold
113935	Tetraodon miurus	Tetraodon	Tetraodontidae	Tetraodontidae	Congo Puffer	0	3	False	False	False	ineligible	below_regional_or_global_threshold
113936	Tetraodon pustulatus	Tetraodon	Tetraodontidae	Tetraodontidae	Redline Puffer	0	1	False	False	False	ineligible	below_regional_or_global_threshold
621565	Torquigener albomaculosus	Torquigener	Tetraodontidae	Tetraodontidae	White-spotted Puffer	0	1	False	False	False	ineligible	below_regional_or_global_threshold
446570	Torquigener altipinnis	Torquigener	Tetraodontidae	Tetraodontidae	Highfin Toadfish	0	24	False	False	False	ineligible	below_regional_or_global_threshold
446571	Torquigener andersonae	Torquigener	Tetraodontidae	Tetraodontidae	Anderson's Toadfish	0	2	False	False	False	ineligible	below_regional_or_global_threshold
204566	Torquigener florealis	Torquigener	Tetraodontidae	Tetraodontidae	Floral Puffer	0	5	False	False	False	ineligible	below_regional_or_global_threshold
446574	Torquigener hicksi	Torquigener	Tetraodontidae	Tetraodontidae	Hicks' Toadfish	0	8	False	False	False	ineligible	below_regional_or_global_threshold
446576	Torquigener pallimaculatus	Torquigener	Tetraodontidae	Tetraodontidae	Rusty-spotted Toadfish	0	4	False	False	False	ineligible	below_regional_or_global_threshold
446579	Torquigener perlevis	Torquigener	Tetraodontidae	Tetraodontidae	Spineless Toadfish	0	1	False	False	False	ineligible	below_regional_or_global_threshold
446580	Torquigener randalli	Torquigener	Tetraodontidae	Tetraodontidae	Randall's Puffer	0	6	False	False	False	ineligible	below_regional_or_global_threshold
446581	Torquigener squamicauda	Torquigener	Tetraodontidae	Tetraodontidae	Scalytail Toadfish	0	84	False	False	False	ineligible	below_regional_or_global_threshold
446582	Torquigener vicinus	Torquigener	Tetraodontidae	Tetraodontidae	Orangespotted Puffer	0	2	False	False	False	ineligible	below_regional_or_global_threshold
446583	Torquigener whitleyi	Torquigener	Tetraodontidae	Tetraodontidae	Whitley's Toadfish	0	5	False	False	False	ineligible	below_regional_or_global_threshold
